CustomerID,Total_Spend,Average_Order_Value,Median_Order_Value,Maximum_Order_Value,Minimum_Order_Value,Total_Quantity,Average_Quantity,Maximum_Quantity,Minimum_Quantity,Total_Transactions,Unique_Products,Unique_Descriptions,Average_Unit_Price,Maximum_Unit_Price,Minimum_Unit_Price,Countries,First_Purchase,Last_Purchase,Recency,Customer_Lifetime,Spend_per_Transaction,Quantity_per_Transaction,Product_Diversity,Cancellation_Rate
12346,77183.6,77183.6,77183.6,77183.6,77183.6,74215,74215.0,74215,74215,1,1,1,1.04,1.04,1.04,1,2011-01-18 10:01:00,2011-01-18 10:01:00,326,0,77183.6,74215.0,1.0,0.5
12347,4310.0,23.681318681318682,17.0,249.60000000000002,5.04,2458,13.505494505494505,240,2,7,103,103,2.644010989010989,12.75,0.25,1,2010-12-07 14:57:00,2011-12-07 15:52:00,2,365,615.7142857142857,351.14285714285717,14.714285714285714,0.0
12348,1797.24,57.97548387096774,41.76,240.0,13.200000000000001,2341,75.51612903225806,144,1,4,22,22,5.764838709677419,40.0,0.29,1,2010-12-16 19:09:00,2011-09-25 13:13:00,75,282,449.31,585.25,5.5,0.0
12349,1757.55,24.076027397260273,17.700000000000003,300.0,6.64,631,8.643835616438356,36,1,1,73,73,8.289041095890411,300.0,0.42,1,2011-11-21 09:51:00,2011-11-21 09:51:00,19,0,1757.55,631.0,73.0,0.0
12350,334.4,19.670588235294115,19.799999999999997,40.0,8.5,197,11.588235294117647,24,1,1,17,17,3.841176470588235,40.0,0.85,1,2011-02-02 16:01:00,2011-02-02 16:01:00,310,0,334.4,197.0,17.0,0.0
12352,2506.04,29.482823529411764,17.700000000000003,376.5,9.9,536,6.305882352941176,16,1,8,59,59,15.93070588235294,376.5,0.65,1,2011-02-16 12:33:00,2011-11-03 14:37:00,36,260,313.255,67.0,7.375,0.9090909090909091
12353,89.0,22.25,18.8,39.8,11.6,20,5.0,8,2,1,4,4,6.074999999999999,9.95,1.45,1,2011-05-19 17:47:00,2011-05-19 17:47:00,204,0,89.0,20.0,4.0,0.0
12354,1079.4,18.610344827586207,16.95,54.08,8.5,530,9.137931034482758,32,1,1,58,58,4.5037931034482765,16.95,0.42,1,2011-04-21 13:11:00,2011-04-21 13:11:00,232,0,1079.4,530.0,58.0,0.0
12355,459.4,35.33846153846154,25.5,120.0,17.700000000000003,240,18.46153846153846,96,2,1,13,13,4.203846153846154,12.75,1.25,1,2011-05-09 13:49:00,2011-05-09 13:49:00,214,0,459.4,240.0,13.0,0.0
12356,2811.43,47.65135593220339,34.8,324.0,3.75,1591,26.966101694915253,120,2,3,53,53,3.201186440677966,18.0,0.42,1,2011-01-18 09:50:00,2011-11-17 08:40:00,23,302,937.1433333333333,530.3333333333334,17.666666666666668,0.0
12357,6207.67,47.38679389312977,35.400000000000006,237.60000000000002,10.08,2708,20.671755725190838,96,1,1,131,131,3.3486259541984733,25.0,0.39,1,2011-11-06 16:07:00,2011-11-06 16:07:00,33,0,6207.67,2708.0,131.0,0.0
12358,1168.06,61.47684210526315,71.4,160.0,9.36,248,13.052631578947368,36,2,2,13,13,8.27421052631579,40.0,0.39,1,2011-07-12 10:04:00,2011-12-08 10:26:00,2,149,584.03,124.0,6.5,0.0
12359,6372.58,25.695887096774193,17.700000000000003,290.0,6.959999999999999,1622,6.540322580645161,25,1,4,214,213,8.620403225806452,145.0,0.29,1,2011-01-12 12:43:00,2011-10-13 12:47:00,58,274,1593.145,405.5,53.5,1.0
12360,2662.06,20.63612403100775,15.6,160.0,5.04,1165,9.031007751937985,36,2,3,105,105,3.5496899224806198,40.0,0.42,1,2011-05-23 09:43:00,2011-10-18 15:22:00,52,148,887.3533333333334,388.3333333333333,35.0,0.0
12361,189.9,18.990000000000002,17.700000000000003,23.4,15.0,91,9.1,12,1,1,10,10,3.335,15.0,1.65,1,2011-02-25 13:51:00,2011-02-25 13:51:00,287,0,189.9,91.0,10.0,0.0
12362,5226.23,19.647481203007516,16.95,60.0,2.88,2229,8.3796992481203,36,1,10,201,201,3.94093984962406,29.95,0.12,1,2011-02-17 10:30:00,2011-12-06 15:40:00,3,292,522.6229999999999,222.9,20.1,0.6153846153846154
12363,552.0,24.0,17.4,69.36,13.200000000000001,408,17.73913043478261,36,2,2,23,23,2.3117391304347827,7.95,0.55,1,2011-04-11 13:29:00,2011-08-22 10:18:00,110,132,276.0,204.0,11.5,0.0
12364,1313.1,15.448235294117646,13.200000000000001,64.8,5.04,1506,17.71764705882353,180,1,4,70,70,1.910235294117647,15.0,0.36,1,2011-08-19 15:24:00,2011-12-02 10:22:00,8,104,328.275,376.5,17.5,0.0
12365,641.38,29.153636363636362,16.0,320.69,5.04,174,7.909090909090909,12,1,2,22,22,17.150454545454547,320.69,0.42,1,2011-02-21 13:51:00,2011-02-21 14:04:00,291,0,320.69,87.0,11.0,0.3333333333333333
12367,168.9,15.354545454545455,13.5,23.4,9.9,173,15.727272727272727,60,1,1,11,11,3.2,18.0,0.21,1,2011-12-05 16:48:00,2011-12-05 16:48:00,4,0,168.9,173.0,11.0,0.0
12370,3545.69,21.231676646706585,15.0,163.2,1.25,2353,14.089820359281438,288,1,4,143,143,2.800299401197605,40.0,0.21,2,2010-12-14 12:58:00,2011-10-19 14:51:00,51,309,886.4225,588.25,35.75,0.0
12371,1887.96,29.96761904761905,22.5,360.0,4.68,591,9.380952380952381,36,3,2,63,63,3.8742857142857146,40.0,0.39,1,2011-10-11 10:43:00,2011-10-26 10:16:00,45,14,943.98,295.5,31.5,0.0
12372,1298.04,24.962307692307693,19.799999999999997,70.80000000000001,10.08,794,15.26923076923077,36,2,3,34,34,3.001346153846154,18.0,0.42,1,2011-02-16 12:46:00,2011-09-29 12:12:00,72,224,432.68,264.6666666666667,11.333333333333334,0.0
12373,364.6,26.042857142857144,22.65,40.0,8.5,197,14.071428571428571,30,1,1,14,14,4.582142857142857,40.0,0.85,1,2011-02-01 13:10:00,2011-02-01 13:10:00,311,0,364.6,197.0,14.0,0.0
12374,742.9300000000001,22.513030303030305,17.0,120.0,5.04,342,10.363636363636363,24,2,1,33,33,4.21969696969697,40.0,0.42,1,2011-11-14 15:37:00,2011-11-14 15:37:00,25,0,742.9300000000001,342.0,33.0,0.0
12375,457.5,26.91176470588235,20.8,62.400000000000006,8.5,178,10.470588235294118,30,1,2,14,14,6.912941176470589,40.0,0.85,1,2011-09-02 14:23:00,2011-11-29 10:36:00,11,87,228.75,89.0,7.0,0.3333333333333333
12377,1628.12,21.144415584415583,16.5,80.0,5.04,944,12.25974025974026,24,2,2,72,72,2.718831168831169,40.0,0.21,1,2010-12-20 09:37:00,2011-01-28 15:45:00,315,39,814.06,472.0,36.0,0.0
12378,4008.62,18.30420091324201,16.5,69.36,4.68,2529,11.547945205479452,288,1,1,219,219,2.9974429223744297,16.95,0.21,1,2011-08-02 10:34:00,2011-08-02 10:34:00,130,0,4008.62,2529.0,219.0,0.0
12379,852.24,21.306,16.97,76.19999999999999,8.5,407,10.175,48,2,2,39,39,2.86625,15.0,0.55,1,2011-06-22 16:32:00,2011-09-19 10:09:00,82,88,426.12,203.5,19.5,0.3333333333333333
12380,2724.81,26.200096153846154,17.700000000000003,157.92000000000002,7.800000000000001,1127,10.836538461538462,48,2,4,77,77,3.378653846153846,24.95,0.42,1,2011-06-07 09:49:00,2011-11-18 11:27:00,22,164,681.2025,281.75,19.25,0.2
12381,1845.31,21.21045977011494,16.8,240.0,4.5,808,9.28735632183908,36,1,5,70,70,4.683218390804598,40.0,0.39,1,2011-08-12 09:57:00,2011-12-05 12:44:00,5,115,369.062,161.6,14.0,0.6666666666666666
12383,1850.56,18.69252525252525,15.600000000000001,72.0,5.04,1532,15.474747474747474,144,1,5,84,84,3.086969696969697,18.0,0.12,1,2010-12-22 14:28:00,2011-06-08 08:02:00,185,167,370.11199999999997,306.4,16.8,0.16666666666666666
12384,585.27,21.676666666666666,17.0,80.0,6.64,126,4.666666666666667,12,1,2,26,26,7.87925925925926,40.0,0.83,1,2011-08-10 11:23:00,2011-11-11 08:39:00,29,92,292.635,63.0,13.0,1.0
12386,401.9,40.19,30.0,75.0,17.700000000000003,354,35.4,120,4,2,10,10,2.391,6.75,0.36,1,2010-12-08 09:53:00,2011-01-06 12:37:00,338,29,200.95,177.0,5.0,0.0
12388,2780.66,27.8066,19.919999999999998,81.36,9.36,1462,14.62,96,3,6,57,58,2.7777,11.15,0.19,1,2011-01-17 11:12:00,2011-11-24 12:30:00,16,311,463.4433333333333,243.66666666666666,9.5,0.0
12390,549.84,17.1825,16.775,45.0,7.800000000000001,353,11.03125,36,1,1,32,32,3.996875,16.95,0.42,1,2011-09-21 09:33:00,2011-09-21 09:33:00,80,0,549.84,353.0,32.0,0.0
12391,460.89,4.6089,2.95,29.5,0.83,300,3.0,28,1,1,92,92,2.4599,16.95,0.21,1,2011-11-18 12:07:00,2011-11-18 12:07:00,22,0,460.89,300.0,92.0,0.0
12393,1582.6000000000001,24.728125000000002,17.700000000000003,141.60000000000002,10.2,816,12.75,48,3,4,47,49,2.2796875,4.95,0.55,1,2011-01-11 09:47:00,2011-09-28 15:41:00,72,260,395.65000000000003,204.0,11.75,0.0
12394,1272.48,47.12888888888889,19.799999999999997,266.24,6.8,819,30.333333333333332,256,2,2,26,26,3.3707407407407404,18.0,0.72,2,2011-05-06 14:01:00,2011-10-07 08:08:00,64,153,636.24,409.5,13.0,0.0
12395,3018.63,19.350192307692307,16.6,76.5,2.5,2118,13.576923076923077,120,1,12,91,91,3.9688461538461537,39.95,0.19,1,2010-12-03 16:35:00,2011-11-20 15:21:00,19,351,251.5525,176.5,7.583333333333333,0.2
12397,2409.9,19.126190476190477,16.5,127.5,5.04,1263,10.023809523809524,36,1,2,110,110,3.4682539682539684,16.95,0.29,1,2011-07-27 14:21:00,2011-11-04 09:52:00,36,99,1204.95,631.5,55.0,0.0
12398,1635.6599999999999,19.24305882352941,15.0,200.0,6.64,1394,16.4,36,4,1,85,85,1.992705882352941,40.0,0.39,1,2011-10-25 10:27:00,2011-10-25 10:27:00,46,0,1635.6599999999999,1394.0,85.0,0.0
12399,1108.65,18.790677966101697,16.5,70.2,8.4,1178,19.966101694915253,108,1,4,47,47,2.1145762711864404,15.0,0.42,1,2011-03-23 09:42:00,2011-08-12 13:15:00,119,142,277.1625,294.5,11.75,0.0
12401,84.3,16.86,15.0,25.5,10.95,11,2.2,4,1,1,5,5,9.68,15.0,3.75,1,2011-02-09 13:50:00,2011-02-09 13:50:00,303,0,84.3,11.0,5.0,0.0
12402,225.6,20.509090909090908,19.5,35.400000000000006,9.899999999999999,94,8.545454545454545,12,2,1,11,11,3.290909090909091,15.0,1.65,1,2011-01-20 13:49:00,2011-01-20 13:49:00,323,0,225.6,94.0,11.0,0.0
12403,427.7,85.53999999999999,83.0,166.0,9.9,96,19.2,40,2,1,5,5,7.080000000000001,18.0,4.15,1,2011-10-21 10:51:00,2011-10-21 10:51:00,50,0,427.7,96.0,5.0,0.5
12405,1710.39,31.67388888888889,19.799999999999997,320.0,9.959999999999999,857,15.87037037037037,48,2,1,54,54,3.5442592592592597,40.0,0.29,1,2011-07-14 08:52:00,2011-07-14 08:52:00,149,0,1710.39,857.0,54.0,0.0
12406,3415.3,32.52666666666667,24.96,145.0,5.04,1818,17.314285714285713,100,4,2,92,91,2.487047619047619,14.95,0.29,1,2011-06-09 10:23:00,2011-11-17 19:22:00,22,161,1707.65,909.0,46.0,1.0
12407,1708.1200000000001,22.183376623376624,17.4,90.0,2.88,1416,18.38961038961039,272,1,5,57,57,3.2674025974025973,18.0,0.12,1,2011-03-20 13:21:00,2011-10-21 10:11:00,50,214,341.624,283.2,11.4,0.0
12408,2888.55,27.51,18.0,122.39999999999999,2.88,1409,13.41904761904762,64,2,5,81,81,3.0228571428571427,16.95,0.12,1,2011-03-24 14:46:00,2011-11-07 12:27:00,33,227,577.71,281.8,16.2,0.8888888888888888
12409,11072.67,101.58412844036697,88.80000000000001,300.0,2.88,5551,50.92660550458716,144,1,3,91,91,3.574495412844037,14.95,0.12,1,2011-06-10 12:19:00,2011-09-22 10:38:00,79,103,3690.89,1850.3333333333333,30.333333333333332,0.7142857142857143
12410,693.3299999999999,26.666538461538458,17.55,160.0,10.08,211,8.115384615384615,24,2,2,26,26,6.335384615384616,40.0,0.42,1,2011-02-04 10:38:00,2011-02-04 10:39:00,309,0,346.66499999999996,105.5,13.0,0.6666666666666666
12412,1226.88,20.112786885245903,16.6,50.400000000000006,5.04,829,13.59016393442623,48,1,3,43,44,2.7137704918032783,18.0,0.29,1,2011-06-23 13:51:00,2011-09-26 10:16:00,75,94,408.96000000000004,276.3333333333333,14.333333333333334,0.0
12413,758.1,19.95,17.85,54.0,7.800000000000001,286,7.526315789473684,24,1,3,29,29,4.798421052631579,29.95,0.65,1,2011-01-06 16:12:00,2011-10-04 09:00:00,67,270,252.70000000000002,95.33333333333333,9.666666666666666,0.4
12414,562.41,31.244999999999997,25.5,79.2,7.56,300,16.666666666666668,48,1,3,16,16,8.57,40.0,0.21,1,2011-02-02 14:51:00,2011-05-06 14:51:00,217,93,187.47,100.0,5.333333333333333,0.0
12415,124914.53,174.95032212885152,135.0,1718.4,0.42,77374,108.36694677871148,1152,1,21,444,451,2.9370868347338934,350.0,0.19,1,2011-01-06 11:12:00,2011-11-15 14:22:00,24,313,5948.310952380953,3684.4761904761904,21.142857142857142,2.3846153846153846
12417,3649.1,19.005729166666665,16.55,84.0,4.5600000000000005,1552,8.083333333333334,50,1,9,158,159,5.337916666666666,29.95,0.19,2,2010-12-17 11:51:00,2011-12-06 14:52:00,3,354,405.4555555555555,172.44444444444446,17.555555555555557,0.5
12418,668.58,19.664117647058823,15.0,68.0,5.04,407,11.970588235294118,48,2,1,34,34,3.5644117647058824,9.95,0.29,1,2011-08-19 11:08:00,2011-08-19 11:08:00,113,0,668.58,407.0,34.0,0.0
12420,600.39,20.70310344827586,19.8,39.8,10.08,345,11.89655172413793,96,1,1,29,29,4.707241379310345,16.95,0.12,1,2011-10-07 08:55:00,2011-10-07 08:55:00,64,0,600.39,345.0,29.0,0.0
12421,807.04,17.93422222222222,15.299999999999999,56.0,5.04,484,10.755555555555556,48,1,4,32,32,4.520222222222222,28.0,0.39,1,2011-01-24 15:09:00,2011-11-24 09:07:00,16,303,201.76,121.0,8.0,0.2
12422,803.5600000000001,20.604102564102565,17.700000000000003,120.0,8.5,370,9.487179487179487,24,3,3,39,39,3.26025641025641,40.0,0.75,2,2011-01-19 09:13:00,2011-09-05 09:48:00,96,229,267.85333333333335,123.33333333333333,13.0,0.0
12423,1859.31,14.87448,14.850000000000001,45.0,4.68,1339,10.712,24,1,8,97,96,2.9135999999999997,16.95,0.29,1,2010-12-21 10:54:00,2011-12-09 10:10:00,1,352,232.41375,167.375,12.125,0.1111111111111111
12424,1760.96,58.69866666666667,32.4,306.0,9.899999999999999,740,24.666666666666668,144,3,2,30,30,2.780666666666667,6.95,0.83,1,2011-06-30 12:06:00,2011-06-30 12:06:00,163,0,880.48,370.0,15.0,0.0
12425,777.2,21.58888888888889,16.75,70.80000000000001,8.5,496,13.777777777777779,48,2,1,36,36,2.5644444444444443,12.75,0.42,1,2011-09-22 17:31:00,2011-09-22 17:31:00,78,0,777.2,496.0,36.0,0.0
12426,582.73,19.424333333333333,17.700000000000003,72.0,2.5,258,8.6,25,1,1,30,30,3.9363333333333332,18.0,0.1,1,2011-05-29 12:26:00,2011-05-29 12:26:00,195,0,582.73,258.0,30.0,0.0
12427,825.8,26.638709677419353,19.799999999999997,68.0,12.48,533,17.193548387096776,288,2,3,26,26,4.589032258064516,18.0,0.21,1,2010-12-03 10:44:00,2011-11-18 08:56:00,22,349,275.26666666666665,177.66666666666666,8.666666666666666,0.8
12428,7956.46,27.062789115646257,17.700000000000003,551.2,2.34,3536,12.02721088435374,48,2,9,258,259,4.627414965986395,275.6,0.12,1,2011-03-01 09:33:00,2011-11-14 08:22:00,26,257,884.0511111111111,392.8888888888889,28.666666666666668,0.5
12429,3750.4,38.66391752577319,25.5,183.60000000000002,4.68,1557,16.051546391752577,120,2,4,82,82,3.6307216494845362,28.0,0.29,2,2010-12-09 12:05:00,2011-11-30 17:22:00,9,356,937.6,389.25,20.5,0.0
12430,256.4,23.30909090909091,17.4,47.8,9.959999999999999,117,10.636363636363637,24,1,1,11,11,6.225454545454546,40.0,0.42,1,2011-10-27 15:09:00,2011-10-27 15:09:00,43,0,256.4,117.0,11.0,0.0
12431,6487.45,27.606170212765957,17.4,601.44,5.04,2906,12.36595744680851,336,1,15,163,163,3.785063829787234,16.95,0.42,2,2010-12-01 10:03:00,2011-11-04 11:55:00,36,338,432.49666666666667,193.73333333333332,10.866666666666667,0.2222222222222222
12432,5059.32,46.845555555555556,20.6,700.0,4.68,1801,16.675925925925927,96,1,5,107,107,10.550833333333333,700.0,0.29,1,2011-06-20 13:27:00,2011-10-28 11:43:00,43,129,1011.8639999999999,360.2,21.4,0.0
12433,13375.87,31.847309523809525,23.4,203.52,2.88,11071,26.35952380952381,240,2,7,219,222,2.1927380952380955,14.95,0.1,1,2010-12-01 13:24:00,2011-12-09 10:02:00,1,372,1910.8385714285716,1581.5714285714287,31.285714285714285,0.0
12434,806.14,16.122799999999998,15.9,47.6,4.68,394,7.88,24,2,2,46,46,3.6726,9.95,0.39,1,2011-03-24 13:05:00,2011-09-16 12:38:00,85,175,403.07,197.0,23.0,1.0
12435,7829.89,217.49694444444447,179.0,428.40000000000003,39.0,2055,57.083333333333336,240,8,2,31,31,5.479166666666667,14.95,1.06,1,2011-03-17 07:40:00,2011-09-21 09:06:00,80,188,3914.945,1027.5,15.5,0.0
12436,509.01,31.813125,32.19,80.0,12.600000000000001,211,13.1875,24,2,1,16,16,5.2675,40.0,0.55,1,2011-09-01 12:09:00,2011-09-01 12:09:00,100,0,509.01,211.0,16.0,0.0
12437,4951.41,24.88145728643216,19.799999999999997,131.39999999999998,4.68,2922,14.683417085427136,120,1,18,118,119,4.0125628140703515,18.0,0.21,1,2011-01-12 14:13:00,2011-12-08 11:35:00,2,329,275.0783333333333,162.33333333333334,6.555555555555555,0.05263157894736842
12438,2906.85,29.66173469387755,19.799999999999997,320.0,2.88,1180,12.040816326530612,48,1,2,84,85,3.894897959183673,40.0,0.06,1,2011-07-22 13:29:00,2011-11-25 13:28:00,14,125,1453.425,590.0,42.0,0.0
12441,173.55,15.77727272727273,17.700000000000003,23.25,10.5,121,11.0,25,1,1,11,11,3.700909090909091,18.0,0.42,1,2010-12-08 10:45:00,2010-12-08 10:45:00,367,0,173.55,121.0,11.0,0.0
12442,172.06,14.338333333333333,10.35,30.0,4.68,182,15.166666666666666,25,1,1,12,12,3.34,28.0,0.39,1,2011-12-06 14:22:00,2011-12-06 14:22:00,3,0,172.06,182.0,12.0,0.0
12444,5005.46,28.440113636363638,17.700000000000003,320.0,5.8,1153,6.551136363636363,24,1,5,138,138,6.3586931818181816,40.0,0.65,1,2011-06-21 14:00:00,2011-11-18 13:23:00,21,149,1001.092,230.6,27.6,0.0
12445,133.4,33.35,30.0,56.0,17.4,62,15.5,24,2,1,4,4,7.9875,28.0,1.25,1,2011-11-17 18:43:00,2011-11-17 18:43:00,22,0,133.4,62.0,4.0,0.0
12446,1002.3100000000001,17.584385964912283,16.5,38.25,5.04,351,6.157894736842105,12,2,1,57,57,4.352631578947368,14.95,0.42,1,2011-10-13 12:50:00,2011-10-13 12:50:00,58,0,1002.3100000000001,351.0,57.0,0.0
12447,476.49,18.326538461538462,17.700000000000003,45.0,6.8,190,7.3076923076923075,12,2,1,26,26,3.5742307692307693,15.0,0.85,1,2011-04-10 13:25:00,2011-04-10 13:25:00,243,0,476.49,190.0,26.0,0.0
12448,449.45,20.429545454545455,15.45,84.0,4.5600000000000005,243,11.045454545454545,24,1,1,22,22,5.951818181818182,65.0,0.19,1,2011-10-26 13:46:00,2011-10-26 13:46:00,44,0,449.45,243.0,22.0,0.0
12449,4067.29,21.294712041884818,17.34,165.0,4.32,1553,8.13089005235602,24,1,4,118,119,3.694712041884817,18.0,0.18,1,2011-06-05 15:37:00,2011-11-17 13:46:00,22,164,1016.8225,388.25,29.5,0.0
12450,197.88,24.735,20.73,66.0,9.959999999999999,128,16.0,40,6,2,7,7,1.6175,2.55,0.83,1,2011-06-19 14:36:00,2011-07-06 14:41:00,156,17,98.94,64.0,3.5,0.0
12451,9035.52,25.524067796610172,19.799999999999997,244.79999999999998,2.88,6575,18.573446327683616,120,1,5,265,265,2.450084745762712,40.0,0.12,1,2011-01-19 09:05:00,2011-11-29 08:40:00,11,313,1807.104,1315.0,53.0,0.16666666666666666
12452,430.57,19.571363636363635,16.6,80.0,2.0,185,8.409090909090908,24,2,2,21,21,4.485,40.0,0.42,1,2011-11-23 08:05:00,2011-11-23 10:28:00,17,0,215.285,92.5,10.5,0.3333333333333333
12453,707.09,16.443953488372095,15.299999999999999,30.0,9.9,473,11.0,25,2,1,43,43,2.393255813953488,6.75,0.42,1,2011-07-28 14:08:00,2011-07-28 14:08:00,134,0,707.09,473.0,43.0,0.0
12454,3528.34,235.22266666666667,250.0,417.5,66.4,1006,67.06666666666666,288,10,1,15,15,7.282,41.75,1.25,1,2011-10-14 17:13:00,2011-10-14 17:13:00,56,0,3528.34,1006.0,15.0,7.5
12455,2466.86,27.409555555555556,17.4,158.4,6.8,2089,23.211111111111112,288,1,6,85,85,3.173333333333334,28.0,0.42,2,2011-02-16 09:56:00,2011-09-27 15:31:00,73,223,411.1433333333334,348.1666666666667,14.166666666666666,0.0
12456,3181.04,25.44832,17.4,280.0,4.5600000000000005,1633,13.064,72,2,3,105,105,3.62456,40.0,0.19,1,2011-03-30 09:12:00,2011-10-26 14:41:00,44,210,1060.3466666666666,544.3333333333334,35.0,1.0
12457,2363.23,38.11661290322581,19.9,196.35,5.04,843,13.596774193548388,100,1,7,53,53,5.357096774193548,40.0,0.42,2,2011-04-14 18:57:00,2011-10-04 13:13:00,66,172,337.6042857142857,120.42857142857143,7.571428571428571,0.4166666666666667
12458,947.4,24.931578947368422,16.75,80.0,9.899999999999999,506,13.31578947368421,72,2,2,35,35,4.326315789473685,40.0,0.21,1,2011-02-28 10:55:00,2011-09-29 15:25:00,71,213,473.7,253.0,17.5,0.0
12461,826.88,23.62514285714286,15.0,200.0,4.5600000000000005,287,8.2,24,2,2,35,35,4.258857142857143,40.0,0.19,1,2011-07-08 10:23:00,2011-09-06 16:57:00,94,60,413.44,143.5,17.5,0.0
12462,1189.59,19.186935483870965,15.75,168.0,9.899999999999999,536,8.64516129032258,48,1,2,51,52,4.689516129032258,28.0,0.39,1,2011-02-09 14:44:00,2011-11-21 09:11:00,19,284,594.795,268.0,25.5,2.5
12463,1344.78,16.202168674698793,15.0,36.0,4.68,776,9.349397590361447,24,1,4,65,65,3.0434939759036146,18.0,0.39,1,2011-04-12 12:47:00,2011-10-17 13:44:00,53,188,336.195,194.0,16.25,0.7142857142857143
12464,1212.05,41.79482758620689,30.599999999999998,119.6,15.0,112,3.8620689655172415,12,1,8,6,6,11.832758620689654,16.95,2.55,1,2011-02-03 13:30:00,2011-11-29 13:33:00,10,299,151.50625,14.0,0.75,0.0
12465,742.1899999999999,15.79127659574468,15.0,40.8,5.04,479,10.191489361702128,48,2,2,46,46,2.76,15.0,0.42,1,2011-06-23 13:37:00,2011-11-22 16:34:00,17,152,371.09499999999997,239.5,23.0,1.3333333333333333
12468,729.5400000000001,19.19842105263158,16.55,70.80000000000001,5.04,366,9.631578947368421,36,2,2,36,36,3.5149999999999997,18.0,0.42,1,2011-01-27 13:29:00,2011-06-05 11:36:00,188,128,364.77000000000004,183.0,18.0,0.6666666666666666
12471,19824.05,43.09576086956522,21.45,876.0,5.04,8212,17.85217391304348,100,1,30,150,153,4.300369565217392,240.0,0.21,1,2010-12-10 09:35:00,2011-12-07 15:43:00,2,362,660.8016666666666,273.73333333333335,5.0,1.4489795918367347
12472,6572.11,19.386755162241887,15.299999999999999,126.0,2.88,4148,12.23598820058997,48,1,7,219,221,2.397669616519174,18.0,0.12,1,2010-12-05 14:19:00,2011-11-07 14:01:00,32,336,938.8728571428571,592.5714285714286,31.285714285714285,4.0
12473,3938.5499999999997,23.443749999999998,15.600000000000001,549.34,4.5600000000000005,2439,14.517857142857142,96,1,5,140,140,8.323928571428572,549.34,0.19,1,2011-06-01 10:15:00,2011-11-10 13:46:00,29,162,787.7099999999999,487.8,28.0,1.2222222222222223
12474,7375.79,17.395731132075472,15.299999999999999,72.0,2.2800000000000002,4847,11.431603773584905,100,1,18,253,254,2.8656603773584903,35.95,0.04,1,2011-01-14 10:06:00,2011-11-22 14:39:00,17,312,409.7661111111111,269.27777777777777,14.055555555555555,1.1
12475,723.38,20.093888888888888,17.325,54.0,4.0,535,14.86111111111111,100,2,1,36,36,2.941111111111111,18.0,0.04,1,2011-10-17 10:10:00,2011-10-17 10:10:00,54,0,723.38,535.0,36.0,0.0
12476,6816.42,29.255021459227468,19.95,198.0,3.95,2408,10.334763948497853,48,1,11,177,178,4.831030042918456,19.95,0.39,1,2010-12-13 14:39:00,2011-11-24 12:40:00,16,345,619.6745454545454,218.9090909090909,16.09090909090909,1.55
12477,13219.74,44.065799999999996,26.32,390.0,5.04,3653,12.176666666666666,120,2,6,191,193,4.3832,16.95,0.42,1,2011-02-11 12:45:00,2011-11-17 09:51:00,23,278,2203.29,608.8333333333334,31.833333333333332,0.8888888888888888
12478,680.99,18.91638888888889,16.5,135.0,5.04,236,6.555555555555555,12,2,1,36,36,4.537777777777778,45.0,0.42,1,2011-12-06 09:56:00,2011-12-06 09:56:00,4,0,680.99,236.0,36.0,0.0
12479,527.2,17.006451612903227,15.600000000000001,54.0,4.5600000000000005,385,12.419354838709678,24,2,1,31,31,2.6687096774193546,18.0,0.19,1,2011-11-28 13:26:00,2011-11-28 13:26:00,11,0,527.2,385.0,31.0,1.3333333333333333
12480,3281.63,21.309285714285714,15.7,316.79999999999995,2.5,1707,11.084415584415584,192,1,4,129,129,3.1344155844155845,18.0,0.1,1,2011-01-07 15:27:00,2011-11-11 14:52:00,28,307,820.4075,426.75,32.25,0.0
12481,5596.32,25.789493087557602,18.0,144.0,4.5600000000000005,3304,15.225806451612904,75,1,10,150,152,3.4149769585253456,18.0,0.19,1,2010-12-09 10:13:00,2011-11-17 08:29:00,23,342,559.632,330.4,15.0,0.09090909090909091
12483,2484.98,33.133066666666664,25.200000000000003,200.0,6.959999999999999,1110,14.8,48,1,8,46,46,5.198133333333334,40.0,0.19,1,2011-01-04 14:20:00,2011-11-22 17:02:00,17,322,310.6225,138.75,5.75,0.46153846153846156
12484,4541.72,13.126358381502891,9.899999999999999,196.0,0.83,2191,6.332369942196531,60,1,6,256,257,3.126098265895954,28.0,0.19,1,2011-01-07 14:04:00,2011-11-07 11:37:00,33,303,756.9533333333334,365.1666666666667,42.666666666666664,0.5
12488,1298.66,23.612000000000002,17.0,84.75,4.5600000000000005,529,9.618181818181819,36,2,3,46,46,3.7347272727272727,18.0,0.19,1,2011-09-25 10:34:00,2011-11-30 08:50:00,10,65,432.8866666666667,176.33333333333334,15.333333333333334,0.0
12489,334.93,22.328666666666667,20.1,36.0,9.899999999999999,105,7.0,24,2,1,15,15,5.908,18.0,0.42,1,2011-01-07 13:13:00,2011-01-07 13:13:00,336,0,334.93,105.0,15.0,0.0
12490,5417.93,22.114,17.700000000000003,171.84,4.5600000000000005,3064,12.506122448979593,96,2,10,131,132,2.692857142857143,18.0,0.19,1,2011-01-14 09:13:00,2011-12-04 16:07:00,5,324,541.793,306.4,13.1,0.0
12491,460.40000000000003,17.70769230769231,15.600000000000001,46.800000000000004,8.5,260,10.0,72,2,1,25,25,3.376923076923077,18.0,0.65,1,2011-11-01 12:18:00,2011-11-01 12:18:00,39,0,460.40000000000003,260.0,25.0,0.0
12492,263.21000000000004,13.160500000000003,14.925,23.4,5.04,192,9.6,25,1,2,19,19,3.3475,18.0,0.42,1,2011-08-26 14:51:00,2011-10-07 15:15:00,63,42,131.60500000000002,96.0,9.5,0.0
12493,433.74,19.715454545454545,16.5,36.0,12.7,207,9.409090909090908,36,1,2,20,20,4.309090909090909,18.0,0.83,1,2011-05-26 14:53:00,2011-06-27 10:17:00,166,31,216.87,103.5,10.0,0.3333333333333333
12494,1246.1000000000001,16.183116883116885,15.0,39.8,4.68,707,9.181818181818182,24,1,7,63,65,3.862207792207792,18.0,0.39,1,2010-12-09 11:31:00,2011-11-24 09:34:00,16,349,178.01428571428573,101.0,9.0,0.5384615384615384
12497,1043.1,74.50714285714285,52.5,177.60000000000002,20.4,1236,88.28571428571429,125,5,1,14,14,2.06,18.0,0.42,1,2011-09-19 12:29:00,2011-09-19 12:29:00,82,0,1043.1,1236.0,14.0,0.0
12498,403.70000000000005,17.55217391304348,17.700000000000003,36.0,8.5,159,6.913043478260869,20,1,3,21,21,4.197826086956522,18.0,0.85,1,2011-10-13 09:30:00,2011-11-18 12:53:00,21,36,134.5666666666667,53.0,7.0,0.0
12500,4257.82,69.80032786885245,20.8,624.0,3.0,2678,43.90163934426229,288,1,11,34,35,5.63688524590164,21.95,0.19,1,2011-01-10 09:48:00,2011-11-16 16:20:00,23,310,387.07454545454544,243.45454545454547,3.090909090909091,0.3076923076923077
12501,2169.39,14.559664429530201,13.52,144.0,4.5600000000000005,1783,11.966442953020135,60,1,1,149,149,2.4126845637583894,18.0,0.19,1,2011-01-07 12:28:00,2011-01-07 12:28:00,337,0,2169.39,1783.0,149.0,5.5
12502,3723.87,25.332448979591835,16.5,196.0,4.2,820,5.578231292517007,48,1,5,102,102,6.425238095238095,28.0,0.42,1,2011-02-03 10:41:00,2011-09-05 11:52:00,96,214,744.774,164.0,20.4,0.0
12504,482.04999999999995,53.5611111111111,30.0,131.39999999999998,9.95,90,10.0,24,1,2,6,6,9.011111111111111,18.0,1.25,1,2011-11-09 14:56:00,2011-11-21 16:02:00,18,12,241.02499999999998,45.0,3.0,1.5
12506,73.5,3.1956521739130435,2.95,7.95,0.85,23,1.0,1,1,1,23,23,3.1956521739130435,7.95,0.85,1,2011-04-21 08:54:00,2011-04-21 08:54:00,233,0,73.5,23.0,23.0,0.0
12507,1304.81,62.13380952380952,30.0,208.79999999999998,15.0,894,42.57142857142857,144,2,3,19,19,4.862857142857143,28.0,0.42,1,2011-02-14 09:24:00,2011-07-28 17:09:00,134,164,434.93666666666667,298.0,6.333333333333333,0.25
12508,398.27,5.772028985507246,4.35,20.23,0.39,272,3.9420289855072466,10,1,2,57,57,1.7204347826086959,4.95,0.19,1,2011-11-10 16:27:00,2011-11-13 15:37:00,26,2,199.135,136.0,28.5,0.0
12509,176.5,25.214285714285715,18.0,49.5,8.5,55,7.857142857142857,10,1,1,7,7,5.564285714285715,18.0,0.85,1,2011-02-28 14:45:00,2011-02-28 14:45:00,284,0,176.5,55.0,7.0,0.0
12510,982.5699999999999,29.774848484848484,17.700000000000003,162.72,8.5,353,10.696969696969697,48,3,2,29,29,4.263333333333334,28.0,0.85,1,2011-01-18 14:04:00,2011-07-20 10:15:00,143,182,491.28499999999997,176.5,14.5,0.0
12512,138.03,4.059705882352941,3.35,10.5,0.95,99,2.911764705882353,25,1,2,31,31,2.5794117647058825,7.95,0.42,1,2011-10-04 14:53:00,2011-10-04 14:55:00,66,0,69.015,49.5,15.5,0.0
12513,612.29,17.494,15.299999999999999,54.0,6.64,462,13.2,25,3,1,35,35,2.180571428571428,18.0,0.42,1,2011-08-19 10:51:00,2011-08-19 10:51:00,113,0,612.29,462.0,35.0,0.5
12514,1017.68,19.954509803921567,17.0,59.699999999999996,8.5,440,8.627450980392156,24,2,1,51,51,3.296862745098039,12.75,0.85,1,2011-03-17 16:38:00,2011-03-17 16:38:00,267,0,1017.68,440.0,51.0,0.0
12515,383.7,23.98125,17.85,105.0,9.0,131,8.1875,24,2,1,16,16,6.78125,35.0,0.55,1,2010-12-21 15:43:00,2010-12-21 15:43:00,353,0,383.7,131.0,16.0,0.0
12516,1312.06,50.46384615384615,42.05,104.0,7.800000000000001,875,33.65384615384615,144,3,2,20,20,2.725769230769231,18.0,0.55,1,2011-06-12 11:37:00,2011-09-23 09:13:00,78,102,656.03,437.5,10.0,0.0
12517,2502.84,8.812816901408452,6.6,90.0,0.85,1371,4.827464788732394,16,1,5,232,233,2.3527464788732395,18.0,0.42,1,2011-06-02 15:13:00,2011-11-11 14:04:00,28,161,500.56800000000004,274.2,46.4,0.3333333333333333
12518,2056.89,16.58782258064516,15.6,54.0,5.04,1318,10.629032258064516,25,2,5,84,84,2.837177419354839,18.0,0.42,1,2011-08-21 13:18:00,2011-12-09 10:13:00,1,109,411.378,263.6,16.8,0.0
12519,340.84,18.935555555555553,16.47,54.0,10.0,183,10.166666666666666,24,3,1,17,17,2.9911111111111115,18.0,0.55,1,2011-10-07 09:26:00,2011-10-07 09:26:00,64,0,340.84,183.0,17.0,0.0
12520,2634.26,17.330657894736845,15.0,90.0,2.34,1439,9.467105263157896,24,1,5,121,122,3.288421052631579,18.0,0.39,1,2011-03-11 11:35:00,2011-09-21 15:23:00,79,194,526.8520000000001,287.8,24.2,0.5
12521,599.68,15.781052631578946,14.975,54.0,5.04,309,8.131578947368421,20,1,1,38,38,2.995789473684211,18.0,0.42,1,2011-07-20 10:51:00,2011-07-20 10:51:00,143,0,599.68,309.0,38.0,0.0
12522,192.72,16.06,17.520000000000003,20.0,4.0,194,16.166666666666668,100,1,2,11,11,5.0008333333333335,18.0,0.04,1,2011-10-19 14:41:00,2011-10-31 15:30:00,39,12,96.36,97.0,5.5,0.0
12523,1789.77,16.884622641509434,15.299999999999999,39.6,9.95,865,8.160377358490566,48,1,11,84,85,4.935471698113207,25.0,0.42,1,2011-01-12 09:43:00,2011-11-20 12:55:00,19,312,162.70636363636365,78.63636363636364,7.636363636363637,0.3076923076923077
12524,4485.72,31.150833333333335,19.799999999999997,152.64000000000001,2.88,3699,25.6875,432,1,8,113,114,2.9170833333333333,18.0,0.04,1,2011-01-10 10:35:00,2011-11-30 15:31:00,9,324,560.715,462.375,14.125,0.0
12526,1316.66,18.54450704225352,17.700000000000003,72.0,4.68,632,8.901408450704226,24,2,3,64,64,3.3538028169014087,18.0,0.39,1,2011-09-06 14:19:00,2011-12-09 12:09:00,1,93,438.8866666666667,210.66666666666666,21.333333333333332,0.0
12527,348.71000000000004,19.37277777777778,14.895000000000001,50.400000000000006,5.04,234,13.0,24,1,3,18,18,2.9294444444444445,18.0,0.42,1,2011-01-18 12:05:00,2011-09-19 11:55:00,82,243,116.23666666666668,78.0,6.0,0.0
12528,1933.48,21.01608695652174,17.0,59.400000000000006,6.72,756,8.217391304347826,25,1,6,50,51,5.487934782608695,18.0,0.42,1,2011-01-31 09:05:00,2011-11-30 14:40:00,9,303,322.24666666666667,126.0,8.333333333333334,0.375
12530,1662.28,25.186060606060607,19.5,139.8,5.04,913,13.833333333333334,96,2,4,51,51,3.8854545454545453,34.95,0.19,1,2011-01-07 10:04:00,2011-10-11 12:34:00,60,277,415.57,228.25,12.75,0.4
12531,125.22,7.365882352941177,5.9,29.95,0.85,45,2.6470588235294117,5,1,1,17,17,3.8094117647058825,29.95,0.85,1,2011-11-25 11:12:00,2011-11-25 11:12:00,15,0,125.22,45.0,17.0,0.0
12532,349.83000000000004,21.864375000000003,21.15,45.0,9.36,153,9.5625,24,2,1,16,16,3.698125,18.0,0.39,1,2011-11-09 13:47:00,2011-11-09 13:47:00,30,0,349.83000000000004,153.0,16.0,0.0
12534,1089.18,17.28857142857143,15.0,108.0,6.8,651,10.333333333333334,25,1,1,63,63,3.035396825396825,18.95,0.42,1,2011-08-01 10:26:00,2011-08-01 10:26:00,131,0,1089.18,651.0,63.0,0.0
12535,716.35,21.069117647058825,18.599999999999998,44.550000000000004,10.2,219,6.4411764705882355,24,2,2,28,28,4.451470588235294,8.95,0.85,1,2011-06-06 12:47:00,2011-09-09 08:48:00,92,94,358.175,109.5,14.0,0.0
12536,12601.830000000002,48.282873563218395,15.299999999999999,4161.06,4.5600000000000005,2803,10.739463601532567,48,1,3,260,260,34.75452107279693,4161.06,0.19,1,2011-10-11 14:52:00,2011-10-27 14:20:00,43,15,4200.610000000001,934.3333333333334,86.66666666666667,2.4
12538,363.95,17.33095238095238,16.5,39.8,5.04,191,9.095238095238095,24,2,1,21,21,3.6433333333333335,9.95,0.42,1,2011-11-10 17:16:00,2011-11-10 17:16:00,29,0,363.95,191.0,21.0,0.0
12539,5568.35,20.396886446886448,17.4,178.5,7.800000000000001,2067,7.571428571428571,24,1,4,157,157,4.176520146520147,16.95,0.42,1,2011-01-10 09:11:00,2011-11-17 13:30:00,22,311,1392.0875,516.75,39.25,0.2
12540,13400.24,28.03397489539749,17.700000000000003,224.0,5.04,6685,13.985355648535565,48,1,17,277,277,3.847050209205021,29.95,0.21,1,2010-12-13 09:39:00,2011-11-20 11:31:00,20,342,788.2494117647059,393.2352941176471,16.294117647058822,0.15789473684210525
12541,981.18,18.868846153846153,15.0,84.0,6.64,680,13.076923076923077,36,1,3,46,47,3.615769230769231,28.0,0.29,1,2011-03-04 09:32:00,2011-11-10 10:40:00,30,251,327.06,226.66666666666666,15.333333333333334,0.0
12544,372.7,19.61578947368421,15.0,56.0,12.48,136,7.157894736842105,12,2,1,19,19,4.106315789473685,28.0,1.25,1,2011-11-03 16:15:00,2011-11-03 16:15:00,36,0,372.7,136.0,19.0,0.5
12545,1000.39,20.0078,16.5,84.0,10.2,523,10.46,36,1,2,42,42,4.0238,28.0,0.39,1,2011-03-25 12:04:00,2011-09-25 13:39:00,75,184,500.195,261.5,21.0,0.0
12546,1161.5,16.833333333333332,15.0,84.0,7.9,633,9.173913043478262,96,2,2,59,59,3.199275362318841,28.0,0.12,1,2011-09-23 09:44:00,2011-10-24 12:09:00,47,31,580.75,316.5,29.5,0.3333333333333333
12547,207.79999999999998,25.974999999999998,28.0,30.599999999999998,20.4,134,16.75,24,1,2,7,7,7.95,28.0,0.85,1,2011-03-04 12:46:00,2011-05-26 12:38:00,198,82,103.89999999999999,67.0,3.5,0.0
12548,95.19999999999999,19.04,17.4,28.0,15.0,49,9.8,12,1,1,5,5,6.720000000000001,28.0,1.25,1,2011-06-26 15:35:00,2011-06-26 15:35:00,166,0,95.19999999999999,49.0,5.0,0.0
12550,964.83,16.92684210526316,15.299999999999999,140.0,4.5600000000000005,569,9.982456140350877,25,1,1,57,57,3.0903508771929826,28.0,0.19,1,2011-09-21 14:35:00,2011-09-21 14:35:00,79,0,964.83,569.0,57.0,0.0
12551,168.0,16.8,18.0,19.5,12.5,100,10.0,10,10,1,10,10,1.6800000000000002,1.95,1.25,1,2010-12-17 11:23:00,2010-12-17 11:23:00,358,0,168.0,100.0,10.0,0.0
12552,437.82,21.891,16.05,120.0,9.95,88,4.4,25,1,2,20,20,9.1155,40.0,0.42,1,2011-10-31 12:11:00,2011-11-01 10:02:00,39,0,218.91,44.0,10.0,0.0
12553,3692.28,19.33130890052356,16.6,108.0,5.04,1965,10.287958115183246,48,1,10,95,97,3.1996335078534033,18.0,0.29,1,2011-01-14 10:42:00,2011-12-01 16:38:00,8,321,369.228,196.5,9.5,0.35714285714285715
12556,603.71,4.989338842975207,3.75,23.6,0.29,358,2.958677685950413,24,1,2,100,101,2.6623140495867768,12.75,0.29,1,2011-07-11 13:35:00,2011-10-20 13:06:00,50,100,301.855,179.0,50.0,0.0
12557,11990.960000000001,363.36242424242425,145.0,1350.0,27.2,4384,132.84848484848484,360,32,5,15,20,2.1766666666666667,3.75,0.85,1,2010-12-03 12:20:00,2011-11-23 16:59:00,16,355,2398.192,876.8,3.0,0.0
12558,269.96,24.54181818181818,20.8,74.88,5.04,196,17.818181818181817,36,10,1,11,11,1.25,2.08,0.42,1,2011-12-02 10:41:00,2011-12-02 10:41:00,8,0,269.96,196.0,11.0,5.5
12559,561.71,26.74809523809524,17.0,106.2,6.959999999999999,283,13.476190476190476,36,2,2,21,21,3.5490476190476192,18.0,0.29,1,2011-01-24 10:12:00,2011-02-02 09:49:00,311,8,280.855,141.5,10.5,0.3333333333333333
12560,2134.01,20.323904761904764,17.0,144.0,4.68,1110,10.571428571428571,48,1,3,91,91,2.8562857142857143,18.0,0.39,1,2011-07-19 15:55:00,2011-12-04 13:54:00,5,137,711.3366666666667,370.0,30.333333333333332,1.5
12561,238.85,14.928125,14.175,23.6,10.2,177,11.0625,25,2,1,16,16,2.964375,7.95,0.42,1,2011-02-10 11:39:00,2011-02-10 11:39:00,303,0,238.85,177.0,16.0,0.0
12562,3781.7400000000002,22.510357142857146,16.95,171.84,5.04,1779,10.589285714285714,96,1,7,99,100,3.188214285714286,18.0,0.39,1,2011-05-25 12:44:00,2011-12-01 17:20:00,8,190,540.2485714285715,254.14285714285714,14.142857142857142,0.0
12564,456.9,21.757142857142856,19.8,54.0,15.9,133,6.333333333333333,12,1,1,21,21,5.576190476190476,18.0,1.65,1,2011-03-23 14:55:00,2011-03-23 14:55:00,261,0,456.9,133.0,21.0,0.0
12565,145.92,16.21333333333333,17.700000000000003,19.799999999999997,5.04,80,8.88888888888889,12,2,1,9,9,2.351111111111111,5.49,0.42,1,2011-02-24 10:34:00,2011-02-24 10:34:00,289,0,145.92,80.0,9.0,0.5
12566,351.65,18.507894736842104,16.6,54.0,10.08,265,13.947368421052632,48,2,1,19,19,3.903684210526316,18.0,0.39,1,2011-09-14 14:30:00,2011-09-14 14:30:00,86,0,351.65,265.0,19.0,0.5
12567,9401.28,21.079103139013455,16.55,171.8,2.88,4305,9.652466367713005,48,1,10,323,323,3.40847533632287,42.95,0.12,1,2010-12-05 11:57:00,2011-11-17 11:02:00,23,346,940.128,430.5,32.3,1.5454545454545454
12569,4124.69,21.939840425531912,17.88,126.0,4.68,1801,9.579787234042554,48,1,32,92,93,5.434574468085106,18.0,0.39,1,2011-04-01 13:47:00,2011-12-07 16:24:00,2,250,128.8965625,56.28125,2.875,0.08571428571428572
12571,519.61,15.28264705882353,15.0,30.0,6.84,523,15.382352941176471,36,3,2,31,31,1.3205882352941176,4.95,0.19,1,2011-08-10 12:35:00,2011-10-31 10:19:00,40,81,259.805,261.5,15.5,0.0
12572,1020.42,17.006999999999998,15.299999999999999,54.0,2.5,452,7.533333333333333,36,2,2,53,53,4.227833333333334,18.0,0.1,1,2011-10-19 08:20:00,2011-12-01 09:20:00,9,43,510.21,226.0,26.5,0.6666666666666666
12573,160.54000000000002,5.733571428571429,2.55,35.400000000000006,0.42,84,3.0,12,1,1,26,26,2.0964285714285715,9.95,0.42,1,2011-04-26 15:52:00,2011-04-26 15:52:00,227,0,160.54000000000002,84.0,26.0,0.0
12574,218.45,19.85909090909091,17.700000000000003,36.0,14.850000000000001,61,5.545454545454546,12,2,1,11,11,5.2,18.0,1.25,1,2011-01-28 09:20:00,2011-01-28 09:20:00,316,0,218.45,61.0,11.0,0.0
12576,1315.83,14.952613636363635,15.0,34.8,6.6000000000000005,967,10.988636363636363,48,1,5,72,72,2.4045454545454543,24.95,0.39,1,2011-02-08 11:31:00,2011-11-04 10:11:00,36,268,263.166,193.4,14.4,0.16666666666666666
12577,657.8,4.474829931972788,2.5,31.200000000000003,0.29,472,3.2108843537414966,20,1,3,137,137,1.7950340136054421,10.4,0.12,1,2010-12-15 16:21:00,2011-11-04 13:24:00,35,323,219.26666666666665,157.33333333333334,45.666666666666664,0.25
12578,2794.51,24.51324561403509,17.700000000000003,196.0,5.04,1196,10.491228070175438,36,1,2,111,111,3.157017543859649,28.0,0.42,1,2011-01-13 15:34:00,2011-11-18 13:30:00,21,308,1397.255,598.0,55.5,1.5
12579,440.42,15.18689655172414,13.5,54.0,6.8,285,9.827586206896552,25,1,1,29,29,3.3386206896551722,18.0,0.42,1,2011-09-22 17:15:00,2011-09-22 17:15:00,78,0,440.42,285.0,29.0,0.6666666666666666
12580,415.7,17.320833333333333,17.35,36.0,8.5,238,9.916666666666666,20,2,1,24,24,2.6075,18.0,0.85,1,2011-04-07 10:24:00,2011-04-07 10:24:00,247,0,415.7,238.0,24.0,0.0
12581,197.71,13.180666666666667,15.0,19.799999999999997,7.9,161,10.733333333333333,25,1,1,15,15,2.8926666666666665,18.0,0.42,1,2011-10-31 08:56:00,2011-10-31 08:56:00,40,0,197.71,161.0,15.0,0.0
12582,511.36,23.243636363636366,16.57,120.0,10.0,300,13.636363636363637,48,1,2,21,21,5.2318181818181815,40.0,0.39,1,2011-02-24 11:42:00,2011-04-15 08:45:00,239,49,255.68,150.0,10.5,0.0
12583,7281.38,29.47927125506073,20.4,132.8,6.8,5060,20.48582995951417,360,1,15,115,117,3.103603238866397,18.0,0.06,1,2010-12-01 08:45:00,2011-12-07 08:07:00,3,370,485.42533333333336,337.3333333333333,7.666666666666667,0.2222222222222222
12584,2338.15,24.355729166666666,17.700000000000003,91.80000000000001,5.9,416,4.333333333333333,18,1,9,44,45,7.484375,28.0,0.83,1,2011-03-04 15:15:00,2011-12-06 09:35:00,4,276,259.7944444444445,46.22222222222222,4.888888888888889,1.6666666666666667
12585,2040.1,23.44942528735632,16.6,138.24,6.959999999999999,1279,14.701149425287356,192,1,2,77,77,3.4639080459770115,18.0,0.29,1,2010-12-23 12:58:00,2011-04-19 13:39:00,234,117,1020.05,639.5,38.5,2.5
12586,196.94000000000003,17.903636363636366,17.700000000000003,33.2,2.88,79,7.181818181818182,24,1,1,11,11,4.190909090909091,10.4,0.12,1,2011-11-22 16:24:00,2011-11-22 16:24:00,17,0,196.94000000000003,79.0,11.0,0.5
12587,144.0,36.0,40.8,41.6,20.8,51,12.75,20,1,1,4,4,11.56,40.0,2.08,1,2011-12-02 12:47:00,2011-12-02 12:47:00,8,0,144.0,51.0,4.0,0.0
12588,214.89999999999998,21.49,19.799999999999997,40.0,10.2,53,5.3,12,1,1,10,10,9.58,40.0,0.85,1,2011-10-31 15:01:00,2011-10-31 15:01:00,39,0,214.89999999999998,53.0,10.0,0.0
12589,646.68,18.47657142857143,17.0,54.0,6.64,306,8.742857142857142,24,1,2,29,29,4.502857142857143,18.0,0.83,1,2011-07-18 12:05:00,2011-11-11 10:19:00,29,115,323.34,153.0,14.5,0.0
12590,9864.26,145.06264705882353,122.39999999999999,523.0,39.599999999999994,4283,62.98529411764706,600,1,2,68,68,10.54735294117647,523.0,0.65,1,2011-05-12 14:46:00,2011-05-12 14:52:00,211,0,4932.13,2141.5,34.0,0.6666666666666666
12591,452.84999999999997,17.41730769230769,14.925,84.0,9.899999999999999,228,8.76923076923077,24,1,1,26,26,3.7807692307692307,28.0,0.55,1,2011-01-26 14:35:00,2011-01-26 14:35:00,317,0,452.84999999999997,228.0,26.0,0.0
12592,437.6,24.311111111111114,23.4,33.0,8.5,290,16.11111111111111,30,1,2,11,11,3.311111111111111,18.0,0.85,1,2011-05-10 13:44:00,2011-09-08 15:04:00,92,121,218.8,145.0,5.5,0.0
12593,418.09999999999997,19.909523809523808,16.5,39.5,10.5,206,9.80952380952381,12,2,3,14,14,2.6523809523809527,18.0,1.65,1,2011-05-05 09:29:00,2011-08-23 12:43:00,109,110,139.36666666666665,68.66666666666667,4.666666666666667,0.0
12594,3338.2200000000003,28.290000000000003,21.0,85.92,6.959999999999999,1777,15.059322033898304,96,1,10,50,51,3.023135593220339,28.0,0.29,1,2011-01-21 09:52:00,2011-11-02 12:20:00,38,285,333.822,177.7,5.0,0.09090909090909091
12596,618.27,22.898888888888887,17.700000000000003,112.0,3.3600000000000003,474,17.555555555555557,96,2,2,25,25,4.405555555555556,28.0,0.14,1,2011-04-11 13:22:00,2011-10-19 13:02:00,51,190,309.135,237.0,12.5,0.0
12597,3811.22,18.50106796116505,16.2,280.0,2.52,2236,10.854368932038835,72,1,4,184,185,3.9420873786407764,28.0,0.12,1,2011-03-16 14:00:00,2011-11-20 13:33:00,19,248,952.805,559.0,46.0,1.6
12598,3023.08,22.902121212121212,19.799999999999997,108.0,5.04,1964,14.878787878787879,60,1,8,84,84,2.8425757575757578,18.0,0.19,1,2011-02-28 11:58:00,2011-11-30 12:18:00,10,275,377.885,245.5,10.5,0.1111111111111111
12599,1032.58,16.654516129032256,15.0,60.0,7.800000000000001,956,15.419354838709678,48,1,7,32,32,2.9962903225806454,18.0,0.42,1,2011-02-08 13:28:00,2011-11-10 13:34:00,29,275,147.51142857142855,136.57142857142858,4.571428571428571,0.0
12600,2599.04,40.61,20.099999999999998,237.60000000000002,6.72,774,12.09375,48,1,10,32,32,5.47375,18.0,0.29,1,2010-12-03 12:57:00,2011-11-11 10:29:00,29,342,259.904,77.4,3.2,0.09090909090909091
12601,577.0600000000001,20.609285714285715,17.55,75.60000000000001,5.04,245,8.75,36,1,5,21,21,6.511071428571428,39.95,0.42,1,2011-01-11 10:38:00,2011-06-03 10:17:00,190,142,115.412,49.0,4.2,0.16666666666666666
12602,153.12,12.76,11.440000000000001,23.9,8.4,162,13.5,20,2,1,12,12,1.9708333333333332,11.95,0.42,1,2011-10-12 11:22:00,2011-10-12 11:22:00,59,0,153.12,162.0,12.0,0.0
12603,739.1999999999999,369.59999999999997,369.59999999999997,613.1999999999999,126.0,63,31.5,56,7,1,2,2,14.475,18.0,10.95,1,2011-11-18 10:42:00,2011-11-18 10:42:00,22,0,739.1999999999999,63.0,2.0,0.0
12604,254.18,15.88625,15.6,30.0,6.64,201,12.5625,24,1,2,15,15,2.59125,18.0,0.55,1,2011-03-23 12:06:00,2011-09-21 14:08:00,79,182,127.09,100.5,7.5,0.0
12607,1579.51,15.63871287128713,15.0,39.6,5.04,1228,12.158415841584159,36,1,1,101,101,2.1577227722772276,16.95,0.42,1,2011-10-10 16:06:00,2011-10-10 16:06:00,60,0,1579.51,1228.0,101.0,50.5
12609,1126.85,18.78083333333333,16.8,90.0,4.5600000000000005,648,10.8,48,2,3,57,57,3.5178333333333334,18.0,0.19,1,2011-01-25 15:13:00,2011-09-22 16:34:00,78,240,375.6166666666666,216.0,19.0,0.0
12610,2099.54,19.80698113207547,15.299999999999999,160.0,7.800000000000001,1049,9.89622641509434,25,1,5,85,85,5.024716981132076,40.0,0.42,1,2011-08-05 13:52:00,2011-11-17 09:34:00,23,103,419.908,209.8,17.0,0.7142857142857143
12611,1193.32,18.35876923076923,16.35,144.0,5.04,846,13.015384615384615,200,2,1,65,65,2.675076923076923,11.95,0.39,1,2011-10-18 13:12:00,2011-10-18 13:12:00,52,0,1193.32,846.0,65.0,0.0
12612,704.0400000000001,37.054736842105264,35.400000000000006,62.550000000000004,14.040000000000001,262,13.789473684210526,36,2,1,19,19,4.4389473684210525,18.0,0.39,1,2011-09-26 15:35:00,2011-09-26 15:35:00,74,0,704.0400000000001,262.0,19.0,1.0
12613,3344.38,21.858692810457516,17.700000000000003,126.0,5.04,1644,10.745098039215685,36,1,5,124,124,2.8726143790849674,18.0,0.21,1,2011-03-22 15:42:00,2011-10-13 14:59:00,57,204,668.876,328.8,24.8,1.6666666666666667
12614,315.6,15.780000000000001,15.299999999999999,22.95,9.95,76,3.8,12,1,1,20,20,5.61,9.95,1.25,1,2011-03-07 10:22:00,2011-03-07 10:22:00,278,0,315.6,76.0,20.0,0.0
12615,2291.19,21.820857142857143,17.4,171.84,5.04,1376,13.104761904761904,96,2,4,82,82,3.0896190476190477,18.0,0.29,1,2011-06-24 13:35:00,2011-12-07 15:02:00,2,166,572.7975,344.0,20.5,0.0
12616,713.3,22.290625,17.700000000000003,63.6,10.0,284,8.875,12,2,2,25,25,3.8203125,18.0,0.85,1,2011-02-15 14:17:00,2011-09-05 15:17:00,95,202,356.65,142.0,12.5,0.8
12617,355.53,8.465,6.25,28.900000000000002,0.85,213,5.071428571428571,20,1,1,39,39,1.903095238095238,9.95,0.29,1,2011-11-10 14:39:00,2011-11-10 14:39:00,29,0,355.53,213.0,39.0,0.0
12618,177.31,16.11909090909091,14.850000000000001,40.0,9.959999999999999,96,8.727272727272727,25,1,1,11,11,6.6381818181818195,40.0,0.42,1,2011-11-18 11:10:00,2011-11-18 11:10:00,22,0,177.31,96.0,11.0,0.0
12619,3641.24,40.45822222222222,17.7,389.68,5.04,3378,37.53333333333333,288,1,9,50,50,7.056555555555556,389.68,0.19,1,2011-03-31 13:10:00,2011-11-23 14:52:00,16,237,404.5822222222222,375.3333333333333,5.555555555555555,0.38461538461538464
12620,1339.41,14.558804347826088,14.895000000000001,40.0,4.5600000000000005,1181,12.83695652173913,48,1,3,89,89,2.1478260869565218,18.0,0.19,1,2011-05-19 12:10:00,2011-11-25 10:20:00,15,189,446.47,393.6666666666667,29.666666666666668,0.0
12621,13689.67,29.31406852248394,17.700000000000003,350.4,4.5600000000000005,7440,15.931477516059957,300,1,20,261,265,2.8922912205567455,18.0,0.12,1,2010-12-09 10:16:00,2011-12-08 11:25:00,2,364,684.4835,372.0,13.05,0.30434782608695654
12622,180.1,16.37272727272727,15.299999999999999,25.5,10.2,69,6.2727272727272725,12,1,1,11,11,5.739090909090909,18.0,0.85,1,2011-04-21 16:39:00,2011-04-21 16:39:00,232,0,180.1,69.0,11.0,0.0
12623,305.1,16.950000000000003,15.45,39.0,6.8,191,10.61111111111111,25,2,1,18,18,2.628888888888889,18.0,0.42,1,2011-03-08 13:50:00,2011-03-08 13:50:00,276,0,305.1,191.0,18.0,0.0
12624,641.13,16.87184210526316,15.75,36.0,5.04,355,9.342105263157896,24,1,2,36,36,3.8721052631578945,18.0,0.42,1,2011-06-15 12:34:00,2011-08-25 15:04:00,106,71,320.565,177.5,18.0,0.0
12625,2683.82,31.207209302325584,20.099999999999998,175.2,5.04,1612,18.74418604651163,48,4,2,73,74,2.1713953488372093,18.0,0.42,1,2011-01-24 13:27:00,2011-05-12 09:54:00,212,107,1341.91,806.0,36.5,1.6666666666666667
12626,6620.48,22.51863945578231,17.4,144.0,5.04,3453,11.744897959183673,48,1,9,232,233,2.8210544217687072,18.0,0.29,1,2011-01-17 11:01:00,2011-11-16 16:06:00,23,303,735.6088888888888,383.6666666666667,25.77777777777778,1.0
12627,4478.53,19.47186956521739,16.775,108.0,4.0,2752,11.965217391304348,200,1,7,162,162,2.937913043478261,18.0,0.04,1,2011-07-22 13:59:00,2011-11-29 12:07:00,11,129,639.79,393.14285714285717,23.142857142857142,0.0
12628,786.46,19.181951219512197,17.85,50.0,5.04,448,10.926829268292684,40,1,3,34,34,3.591219512195122,18.0,0.42,1,2011-10-06 09:28:00,2011-12-05 13:15:00,4,60,262.15333333333336,149.33333333333334,11.333333333333334,0.5
12630,1270.88,19.8575,17.369999999999997,120.0,6.959999999999999,548,8.5625,24,1,2,60,60,4.48640625,40.0,0.29,1,2011-10-27 10:41:00,2011-11-30 10:48:00,10,34,635.44,274.0,30.0,0.0
12631,640.5,20.661290322580644,16.6,160.0,6.8,236,7.612903225806452,24,2,1,31,31,4.537096774193548,40.0,0.55,1,2011-10-13 13:53:00,2011-10-13 13:53:00,57,0,640.5,236.0,31.0,0.0
12633,2163.98,21.425544554455445,15.299999999999999,214.20000000000002,4.68,1162,11.504950495049505,200,1,4,73,73,3.211386138613862,18.0,0.29,1,2011-02-25 08:44:00,2011-10-12 11:40:00,59,229,540.995,290.5,18.25,0.4
12635,1689.18,16.724554455445546,15.0,126.0,2.88,1172,11.603960396039604,100,1,2,96,97,2.522079207920792,18.0,0.04,1,2011-07-08 08:43:00,2011-09-11 11:04:00,90,65,844.59,586.0,48.0,0.0
12637,6021.9,15.440769230769229,15.0,108.0,0.42,3002,7.697435897435898,36,1,8,205,206,2.6583076923076923,29.95,0.21,1,2011-01-20 10:47:00,2011-10-03 13:46:00,67,256,752.7375,375.25,25.625,0.4
12638,671.69,17.222820512820515,13.200000000000001,160.0,5.04,577,14.794871794871796,32,2,1,39,39,2.56,40.0,0.29,1,2011-11-06 13:11:00,2011-11-06 13:11:00,33,0,671.69,577.0,39.0,0.0
12639,486.1,22.095454545454547,16.2,120.0,7.800000000000001,201,9.136363636363637,24,1,1,22,22,4.918181818181818,40.0,0.65,1,2011-04-15 12:48:00,2011-04-15 12:48:00,239,0,486.1,201.0,22.0,0.0
12640,1174.58,22.16188679245283,17.0,90.0,5.04,311,5.867924528301887,24,1,3,47,47,5.716981132075472,18.0,0.42,1,2011-09-19 12:01:00,2011-11-16 11:52:00,24,57,391.52666666666664,103.66666666666667,15.666666666666666,0.0
12641,185.9,18.59,16.15,40.0,10.5,72,7.2,24,1,1,10,10,6.964999999999999,40.0,0.55,1,2011-08-16 13:26:00,2011-08-16 13:26:00,115,0,185.9,72.0,10.0,0.0
12642,1013.26,21.558723404255318,16.6,93.6,4.68,552,11.74468085106383,48,1,3,39,39,3.5906382978723403,18.0,0.39,1,2011-08-24 09:23:00,2011-11-14 15:03:00,25,82,337.75333333333333,184.0,13.0,0.0
12643,3344.64,139.35999999999999,66.6,835.1999999999999,2.0,1808,75.33333333333333,576,1,6,11,11,5.187916666666666,20.0,0.42,1,2011-01-11 11:48:00,2011-08-03 12:56:00,128,204,557.4399999999999,301.3333333333333,1.8333333333333333,0.0
12644,477.91,15.416451612903227,15.0,30.0,6.64,325,10.483870967741936,36,1,1,31,31,2.8045161290322578,12.75,0.39,1,2011-08-02 10:33:00,2011-08-02 10:33:00,130,0,477.91,325.0,31.0,0.0
12645,1775.18,24.31753424657534,19.799999999999997,70.80000000000001,8.5,1084,14.849315068493151,36,1,4,58,58,2.611095890410959,18.0,0.42,1,2011-01-27 13:08:00,2011-11-06 12:38:00,34,282,443.795,271.0,14.5,0.2
12646,1346.97,29.932666666666666,23.4,81.36,10.4,897,19.933333333333334,72,3,2,43,43,2.387111111111111,12.75,0.65,1,2011-10-21 12:52:00,2011-12-05 10:14:00,5,44,673.485,448.5,21.5,0.0
12647,3722.82,30.76710743801653,19.5,139.2,6.64,1431,11.826446280991735,96,1,12,78,80,5.498842975206611,21.95,0.55,1,2010-12-05 14:02:00,2011-11-17 12:56:00,22,346,310.235,119.25,6.5,0.46153846153846156
12648,318.05,15.145238095238096,13.52,44.75,6.8,160,7.619047619047619,16,1,1,21,21,3.1723809523809527,18.0,0.85,1,2011-07-08 11:55:00,2011-07-08 11:55:00,155,0,318.05,160.0,21.0,0.0
12649,623.51,20.113225806451613,17.4,70.80000000000001,5.88,586,18.903225806451612,108,1,3,28,28,2.6970967741935485,18.0,0.08,1,2011-05-11 14:37:00,2011-08-24 14:41:00,107,105,207.83666666666667,195.33333333333334,9.333333333333334,0.5
12650,314.44,15.722,5.04,94.80000000000001,4.68,254,12.7,24,4,1,20,20,1.9344999999999999,18.0,0.21,1,2011-12-06 16:34:00,2011-12-06 16:34:00,3,0,314.44,254.0,20.0,0.0
12651,114.0,12.666666666666666,12.600000000000001,17.85,7.800000000000001,78,8.666666666666666,12,3,1,9,9,2.244444444444445,5.95,0.65,1,2011-01-09 12:46:00,2011-01-09 12:46:00,335,0,114.0,78.0,9.0,0.0
12652,919.98,19.16625,15.9,126.0,5.04,505,10.520833333333334,24,2,1,48,48,2.8972916666666664,18.0,0.21,1,2011-01-12 15:00:00,2011-01-12 15:00:00,331,0,919.98,505.0,48.0,1.5
12653,2209.85,51.391860465116274,30.0,350.4,8.5,919,21.372093023255815,48,6,2,37,37,2.5909302325581396,10.95,0.39,1,2011-02-16 10:53:00,2011-07-14 10:41:00,149,147,1104.925,459.5,18.5,0.0
12654,601.98,15.841578947368422,15.0,25.200000000000003,8.5,264,6.947368421052632,12,1,5,31,31,4.420526315789473,18.0,0.85,1,2011-02-17 13:16:00,2011-11-29 10:10:00,11,284,120.396,52.8,6.2,0.0
12656,4051.17,32.152142857142856,20.0,254.99999999999997,7.800000000000001,1723,13.674603174603174,100,1,5,89,89,4.4494444444444445,18.0,0.39,1,2011-04-20 09:20:00,2011-11-22 13:42:00,17,216,810.234,344.6,17.8,0.5
12657,1643.18,34.961276595744685,19.92,127.5,7.800000000000001,1044,22.21276595744681,250,2,4,35,35,5.044893617021277,18.0,0.42,1,2011-09-22 11:40:00,2011-11-28 15:47:00,11,67,410.795,261.0,8.75,1.8
12658,686.05,19.056944444444444,17.0,54.0,9.959999999999999,320,8.88888888888889,24,1,1,36,36,4.114444444444445,18.0,0.55,1,2011-11-21 10:22:00,2011-11-21 10:22:00,19,0,686.05,320.0,36.0,0.0
12659,91.68,18.336000000000002,15.600000000000001,28.080000000000002,15.0,105,21.0,72,1,1,5,5,5.308,18.0,0.39,1,2011-11-10 11:53:00,2011-11-10 11:53:00,30,0,91.68,105.0,5.0,0.0
12660,245.1,18.853846153846153,17.85,25.200000000000003,15.0,127,9.76923076923077,36,1,1,13,13,3.8653846153846154,18.0,0.65,1,2011-11-28 13:26:00,2011-11-28 13:26:00,11,0,245.1,127.0,13.0,0.0
12662,3849.78,16.73817391304348,15.9,41.6,6.8,2058,8.947826086956521,60,1,11,129,129,3.2064782608695652,29.95,0.21,1,2010-12-01 13:04:00,2011-12-09 11:59:00,1,372,349.98,187.0909090909091,11.727272727272727,0.16666666666666666
12664,4881.88,131.94270270270272,99.60000000000001,270.0,6.6000000000000005,1203,32.513513513513516,72,1,9,10,13,11.084864864864864,40.0,0.55,1,2011-01-21 11:42:00,2011-12-01 17:07:00,8,314,542.4311111111111,133.66666666666666,1.1111111111111112,0.1
12665,63.0,21.0,18.0,30.0,15.0,37,12.333333333333334,24,1,1,3,3,6.833333333333333,18.0,1.25,1,2011-01-19 08:34:00,2011-01-19 08:34:00,325,0,63.0,37.0,3.0,0.5
12667,620.13,18.791818181818183,14.850000000000001,160.0,4.5600000000000005,395,11.969696969696969,24,2,1,33,33,3.624242424242424,40.0,0.19,1,2011-10-12 17:00:00,2011-10-12 17:00:00,58,0,620.13,395.0,33.0,0.0
12668,3807.15,23.64689440993789,17.4,288.0,4.5600000000000005,1634,10.149068322981366,72,1,4,115,116,3.458509316770187,18.0,0.19,1,2010-12-19 12:46:00,2011-11-28 10:56:00,12,343,951.7875,408.5,28.75,1.1666666666666667
12669,2744.0299999999997,27.168613861386135,15.299999999999999,1136.3,5.04,1115,11.03960396039604,36,1,3,98,97,13.741386138613862,1136.3,0.21,1,2011-03-28 10:15:00,2011-07-12 09:54:00,151,105,914.6766666666666,371.6666666666667,32.666666666666664,0.25
12670,2996.05,32.56576086956522,27.35,90.0,7.800000000000001,1397,15.184782608695652,48,2,5,58,58,3.235869565217391,18.0,0.55,1,2011-04-21 10:16:00,2011-11-29 15:23:00,10,222,599.21,279.4,11.6,0.3333333333333333
12672,225.89999999999998,22.589999999999996,17.625,47.7,10.2,78,7.8,15,2,1,10,10,3.79,7.95,0.85,1,2011-01-14 09:20:00,2011-01-14 09:20:00,330,0,225.89999999999998,78.0,10.0,0.0
12673,610.52,14.536190476190475,10.2,45.0,0.85,351,8.357142857142858,30,1,2,42,42,2.9283333333333337,18.0,0.21,1,2011-01-17 11:46:00,2011-12-04 13:55:00,5,321,305.26,175.5,21.0,0.0
12674,1970.6,23.742168674698792,20.1,89.69999999999999,5.04,1133,13.650602409638553,48,1,4,52,52,3.230602409638554,18.0,0.19,1,2011-05-16 09:10:00,2011-11-01 12:12:00,39,169,492.65,283.25,13.0,1.1428571428571428
12676,1331.39,29.586444444444446,29.5,114.45,8.4,670,14.88888888888889,48,1,6,33,33,7.0282222222222215,40.0,0.42,1,2011-02-01 15:41:00,2011-11-15 12:25:00,25,286,221.89833333333334,111.66666666666667,5.5,0.0
12678,17628.46,106.83915151515151,69.12,1632.48,1.95,10923,66.2,912,1,12,105,107,6.554666666666667,150.0,0.29,1,2010-12-21 11:00:00,2011-10-28 13:04:00,42,311,1469.0383333333332,910.25,8.75,0.15384615384615385
12679,1113.02,23.187916666666666,17.85,76.32000000000001,6.8,554,11.541666666666666,72,1,4,43,43,4.004166666666666,18.0,0.85,1,2011-03-01 12:26:00,2011-10-12 12:30:00,59,225,278.255,138.5,10.75,0.8888888888888888
12680,862.81,16.592499999999998,16.6,36.0,4.68,443,8.51923076923077,36,1,4,33,33,3.637884615384615,18.0,0.29,1,2011-08-18 15:44:00,2011-12-09 12:50:00,1,112,215.7025,110.75,8.25,0.0
12681,13787.54,21.610564263322885,16.5,214.8,4.5600000000000005,7536,11.81191222570533,120,1,22,267,269,3.1529153605015674,18.0,0.12,1,2010-12-07 10:08:00,2011-11-25 11:33:00,15,353,626.7063636363637,342.54545454545456,12.136363636363637,0.2962962962962963
12682,12288.22,23.406133333333333,17.700000000000003,386.64,5.04,5575,10.619047619047619,216,1,31,209,216,3.7501523809523807,18.0,0.39,1,2010-12-03 13:59:00,2011-12-06 10:00:00,4,367,396.3941935483871,179.83870967741936,6.741935483870968,0.0
12683,8476.57,24.641191860465117,17.0,175.2,4.68,4987,14.497093023255815,100,1,15,177,180,2.719156976744186,18.0,0.39,1,2010-12-09 10:37:00,2011-12-05 16:31:00,4,361,565.1046666666666,332.46666666666664,11.8,0.9
12684,2283.63,21.748857142857144,17.4,93.6,4.5600000000000005,1985,18.904761904761905,144,1,7,61,61,2.5359999999999996,18.0,0.19,1,2011-05-10 12:55:00,2011-12-02 09:53:00,8,205,326.23285714285714,283.57142857142856,8.714285714285714,0.0
12685,2863.08,18.236178343949042,15.0,90.0,5.04,1523,9.700636942675159,36,1,6,117,117,3.0710191082802547,18.0,0.19,1,2011-09-07 10:28:00,2011-11-11 13:46:00,28,65,477.18,253.83333333333334,19.5,0.0
12686,89.14,12.734285714285715,10.08,18.0,8.5,107,15.285714285714286,24,1,1,7,7,3.2585714285714285,18.0,0.42,1,2010-12-03 09:51:00,2010-12-03 09:51:00,372,0,89.14,107.0,7.0,0.0
12688,4873.8099999999995,28.501812865497072,20.0,135.0,2.88,3028,17.707602339181285,100,1,1,171,170,4.124736842105263,125.0,0.06,1,2011-08-18 08:49:00,2011-08-18 08:49:00,114,0,4873.8099999999995,3028.0,171.0,0.0
12689,1247.61,17.327916666666667,15.6,72.0,5.04,628,8.722222222222221,24,2,2,57,57,2.8519444444444444,18.0,0.42,1,2011-08-04 10:04:00,2011-11-14 08:31:00,26,101,623.805,314.0,28.5,0.0
12690,389.01,24.313125,19.799999999999997,54.0,11.5,106,6.625,12,2,1,16,16,5.5268749999999995,18.0,1.65,1,2011-05-18 09:09:00,2011-05-18 09:09:00,206,0,389.01,106.0,16.0,0.0
12691,1035.8,32.36875,18.0,158.39999999999998,7.800000000000001,394,12.3125,96,1,6,21,21,5.0359375,18.0,0.65,1,2010-12-17 14:46:00,2011-11-11 16:49:00,28,329,172.63333333333333,65.66666666666667,3.5,0.0
12693,855.91,21.946410256410257,17.700000000000003,91.80000000000001,6.64,255,6.538461538461538,24,2,4,35,35,5.44025641025641,18.0,0.65,1,2011-01-24 12:58:00,2011-08-04 17:51:00,127,192,213.9775,63.75,8.75,0.3333333333333333
12694,869.67,23.504594594594593,17.4,54.75,4.5600000000000005,509,13.756756756756756,36,2,2,32,32,3.901621621621622,18.0,0.19,1,2011-06-09 17:48:00,2011-09-30 13:06:00,70,112,434.835,254.5,16.0,0.0
12695,582.1,21.55925925925926,16.35,70.8,4.5600000000000005,220,8.148148148148149,36,2,4,23,23,4.785555555555556,8.5,0.19,1,2011-05-13 13:15:00,2011-12-02 13:22:00,7,203,145.525,55.0,5.75,0.0
12697,957.59,23.355853658536585,17.4,80.0,7.9,508,12.390243902439025,72,1,3,37,37,5.027560975609756,40.0,0.39,1,2011-06-23 15:44:00,2011-11-11 08:47:00,29,140,319.19666666666666,169.33333333333334,12.333333333333334,0.4
12700,4939.99,18.432798507462685,15.45,126.0,2.88,2967,11.07089552238806,48,1,4,193,194,2.6198880597014926,18.0,0.12,1,2011-05-08 16:10:00,2011-12-02 10:47:00,8,207,1234.9975,741.75,48.25,0.3333333333333333
12701,797.71,15.051132075471699,14.850000000000001,36.0,3.3600000000000003,678,12.79245283018868,36,1,2,50,50,3.0907547169811322,18.0,0.14,1,2011-04-11 13:02:00,2011-09-21 10:47:00,80,162,398.855,339.0,25.0,0.0
12702,219.0,18.25,17.775000000000002,25.200000000000003,14.850000000000001,53,4.416666666666667,12,1,1,12,12,5.441666666666666,18.0,2.1,1,2011-11-20 10:36:00,2011-11-20 10:36:00,20,0,219.0,53.0,12.0,0.0
12703,283.55,13.502380952380953,14.5,25.200000000000003,4.2,164,7.809523809523809,12,1,1,21,21,2.638095238095238,18.0,0.85,1,2011-09-29 17:52:00,2011-09-29 17:52:00,71,0,283.55,164.0,21.0,0.5
12704,2340.84,26.600454545454546,19.799999999999997,200.0,5.0,1006,11.431818181818182,72,1,8,64,64,6.428409090909091,40.0,0.29,1,2011-06-23 10:20:00,2011-12-02 13:15:00,7,162,292.605,125.75,8.0,0.2
12705,6868.29,20.56374251497006,16.5,162.0,2.88,3997,11.967065868263473,80,1,9,228,229,2.8610179640718565,18.0,0.06,1,2010-12-17 15:58:00,2011-11-24 13:17:00,15,341,763.1433333333333,444.1111111111111,25.333333333333332,1.0
12707,603.42,18.285454545454545,12.75,68.0,5.04,256,7.757575757575758,12,2,1,33,33,3.236666666666667,12.75,0.42,1,2011-02-21 08:38:00,2011-02-21 08:38:00,292,0,603.42,256.0,33.0,0.0
12708,2712.91,17.27968152866242,15.299999999999999,53.1,6.8,1307,8.32484076433121,25,1,10,86,86,4.316433121019108,18.0,0.42,1,2010-12-06 10:43:00,2011-11-10 09:52:00,30,338,271.291,130.7,8.6,1.0625
12709,9736.52,46.81019230769231,30.0,350.4,0.83,3936,18.923076923076923,60,1,15,93,93,3.3240865384615383,18.0,0.21,1,2010-12-08 09:49:00,2011-11-24 15:38:00,15,351,649.1013333333334,262.4,6.2,1.8846153846153846
12710,1149.02,14.922337662337663,14.850000000000001,72.0,5.04,851,11.051948051948052,36,1,3,75,75,2.718441558441558,18.0,0.29,1,2011-05-22 14:05:00,2011-09-04 12:00:00,97,104,383.00666666666666,283.6666666666667,25.0,0.5
12712,4396.13,33.053609022556394,25.0,142.8,8.25,1062,7.984962406015038,36,1,13,58,58,6.379924812030075,25.0,0.42,1,2010-12-03 14:30:00,2011-11-11 08:19:00,29,342,338.1638461538462,81.6923076923077,4.461538461538462,0.5294117647058824
12713,848.55,22.330263157894734,18.2,71.69999999999999,5.04,508,13.368421052631579,25,3,1,38,38,2.503421052631579,18.0,0.42,1,2011-12-09 12:16:00,2011-12-09 12:16:00,1,0,848.55,508.0,38.0,0.0
12714,4708.86,18.18092664092664,15.299999999999999,108.0,2.2800000000000002,3069,11.849420849420849,96,1,5,216,217,2.391891891891892,18.0,0.12,1,2011-02-18 10:53:00,2011-11-30 15:43:00,9,285,941.7719999999999,613.8,43.2,0.0
12715,353.86,16.85047619047619,10.5,80.0,6.959999999999999,197,9.380952380952381,24,2,1,20,20,3.401904761904762,40.0,0.29,1,2011-08-25 15:22:00,2011-08-25 15:22:00,106,0,353.86,197.0,20.0,0.0
12716,1053.49,15.267971014492753,15.0,54.0,6.8,708,10.26086956521739,36,2,2,60,60,2.665797101449275,18.0,0.19,1,2011-07-29 13:28:00,2011-12-06 08:55:00,4,129,526.745,354.0,30.0,0.0
12717,1030.98,18.74509090909091,15.0,100.0,4.5600000000000005,506,9.2,24,1,2,49,49,4.670000000000001,50.0,0.19,1,2011-04-08 10:32:00,2011-07-11 14:47:00,151,94,515.49,253.0,24.5,0.3333333333333333
12718,238.25,12.539473684210526,12.600000000000001,36.0,4.5600000000000005,203,10.68421052631579,24,2,1,19,19,2.7221052631578946,18.0,0.19,1,2011-09-29 16:38:00,2011-09-29 16:38:00,71,0,238.25,203.0,19.0,0.0
12719,644.95,16.53717948717949,15.0,37.5,8.5,374,9.58974358974359,24,2,2,34,34,3.644871794871795,18.0,0.55,1,2011-10-05 14:50:00,2011-12-04 13:45:00,5,59,322.475,187.0,17.0,1.0
12720,5781.73,16.332570621468925,14.97,108.0,4.5600000000000005,4672,13.19774011299435,144,1,25,211,217,2.701581920903955,18.0,0.19,1,2010-12-05 15:21:00,2011-12-07 08:03:00,3,366,231.26919999999998,186.88,8.44,0.1724137931034483
12721,2656.13,16.497701863354038,15.0,72.0,2.88,1959,12.167701863354038,50,1,6,133,134,3.069751552795031,18.0,0.06,1,2010-12-20 11:38:00,2011-11-08 12:13:00,32,323,442.68833333333333,326.5,22.166666666666668,0.42857142857142855
12722,997.63,18.82320754716981,15.0,81.6,4.5600000000000005,566,10.679245283018869,32,1,4,50,50,3.6201886792452833,18.0,0.19,1,2011-07-12 11:55:00,2011-09-15 14:50:00,85,65,249.4075,141.5,12.5,0.6666666666666666
12723,725.07,10.508260869565218,5.9,61.199999999999996,1.65,434,6.2898550724637685,36,1,5,53,53,3.2023188405797103,18.0,0.39,1,2011-10-05 15:52:00,2011-12-06 10:19:00,4,61,145.014,86.8,10.6,0.0
12724,1031.41,19.460566037735852,16.6,54.0,8.5,445,8.39622641509434,24,1,4,47,48,3.721132075471698,18.0,0.83,1,2011-01-11 15:00:00,2011-12-04 16:02:00,5,327,257.8525,111.25,11.75,0.0
12725,427.8,17.825,17.0,56.0,9.899999999999999,164,6.833333333333333,24,2,1,24,24,4.104166666666667,28.0,0.65,1,2010-12-03 15:45:00,2010-12-03 15:45:00,371,0,427.8,164.0,24.0,0.0
12726,2609.1,21.041129032258063,18.0,54.0,6.72,3143,25.346774193548388,192,1,7,57,57,2.106693548387097,18.0,0.19,1,2010-12-17 12:56:00,2011-11-11 13:35:00,28,329,372.7285714285714,449.0,8.142857142857142,0.0
12727,3980.7,28.638129496402875,19.799999999999997,183.60000000000002,4.5600000000000005,2098,15.093525179856115,80,1,7,109,109,3.2171223021582733,18.0,0.06,1,2011-01-23 15:17:00,2011-11-29 11:46:00,11,309,568.6714285714286,299.7142857142857,15.571428571428571,0.2222222222222222
12728,836.33,18.18108695652174,15.9,40.8,5.04,419,9.108695652173912,48,1,4,38,38,4.669347826086956,18.0,0.42,1,2011-01-11 13:31:00,2011-09-29 15:31:00,71,261,209.0825,104.75,9.5,0.0
12729,453.01,17.423461538461538,17.150000000000002,36.0,8.5,233,8.961538461538462,24,2,1,26,26,3.701538461538462,18.0,0.42,1,2011-08-18 11:40:00,2011-08-18 11:40:00,114,0,453.01,233.0,26.0,0.0
12731,18895.91,68.96317518248175,50.400000000000006,475.20000000000005,5.04,8437,30.791970802919707,160,3,12,109,109,3.346167883211679,18.0,0.39,1,2010-12-10 10:56:00,2011-11-16 11:59:00,24,341,1574.6591666666666,703.0833333333334,9.083333333333334,0.21428571428571427
12732,236.26000000000002,19.688333333333336,15.610000000000001,40.0,6.8,111,9.25,32,1,1,12,12,3.5225000000000004,18.0,0.85,1,2011-06-13 11:33:00,2011-06-13 11:33:00,180,0,236.26000000000002,111.0,12.0,0.0
12733,383.95,17.452272727272728,15.149999999999999,76.5,1.25,137,6.2272727272727275,36,1,1,22,22,3.372727272727273,12.75,0.85,1,2011-04-19 16:19:00,2011-04-19 16:19:00,234,0,383.95,137.0,22.0,0.0
12734,110.39999999999999,27.599999999999998,27.599999999999998,46.8,8.4,88,22.0,24,20,1,4,4,1.185,1.95,0.42,1,2010-12-22 12:47:00,2010-12-22 12:47:00,353,0,110.39999999999999,88.0,4.0,0.0
12735,779.5699999999999,18.12953488372093,15.0,54.0,6.959999999999999,368,8.55813953488372,24,1,2,38,38,5.416279069767441,18.0,0.29,1,2011-01-06 14:26:00,2011-01-28 13:37:00,315,21,389.78499999999997,184.0,19.0,0.0
12736,234.0,58.5,48.599999999999994,90.0,46.8,173,43.25,120,5,1,4,4,5.58,18.0,0.42,1,2011-01-11 07:57:00,2011-01-11 07:57:00,333,0,234.0,173.0,4.0,0.0
12738,155.35,14.122727272727273,13.200000000000001,19.799999999999997,9.95,148,13.454545454545455,24,1,1,11,11,3.95,18.0,0.55,1,2010-12-02 18:27:00,2010-12-02 18:27:00,372,0,155.35,148.0,11.0,0.0
12739,1013.04,26.658947368421053,19.799999999999997,153.0,3.4799999999999995,486,12.789473684210526,36,1,2,38,38,4.008421052631578,37.5,0.29,1,2011-09-01 17:45:00,2011-09-22 13:00:00,78,20,506.52,243.0,19.0,0.0
12740,427.6,15.837037037037037,15.299999999999999,34.0,7.800000000000001,342,12.666666666666666,40,2,1,27,27,2.074074074074074,8.5,0.55,1,2011-10-07 10:44:00,2011-10-07 10:44:00,64,0,427.6,342.0,27.0,0.0
12743,546.43,4.077835820895522,2.75,22.5,0.19,319,2.3805970149253732,25,1,2,114,114,3.038582089552239,16.95,0.19,1,2011-07-28 16:06:00,2011-07-28 16:21:00,134,0,273.215,159.5,57.0,0.0
12744,21279.29,95.85265765765766,36.75,3949.32,2.34,5241,23.60810810810811,288,1,7,178,179,58.33328828828829,3949.32,0.19,1,2011-01-25 13:26:00,2011-10-19 11:18:00,52,266,3039.8985714285714,748.7142857142857,25.428571428571427,0.7
12747,4196.01,40.737961165048546,20.8,243.0,10.2,1275,12.37864077669903,48,1,11,42,43,4.3678640776699025,15.95,0.85,1,2010-12-05 15:38:00,2011-12-07 14:34:00,2,366,381.4554545454546,115.9090909090909,3.8181818181818183,0.0
12748,33719.73,7.338352557127313,3.35,850.5,0.06,25747,5.603264417845484,576,1,209,1768,1778,2.656278563656148,850.5,0.04,1,2010-12-01 12:48:00,2011-12-09 12:20:00,1,372,161.3384210526316,123.19138755980862,8.45933014354067,0.2062780269058296
12749,4090.88,20.55718592964824,17.4,114.75,6.64,1471,7.391959798994975,75,1,5,160,162,4.999949748743719,50.0,0.39,1,2011-05-10 15:25:00,2011-12-06 09:56:00,4,209,818.176,294.2,32.0,4.0
12750,275.88,18.392,16.5,40.68,10.5,137,9.133333333333333,25,2,1,15,15,4.62,11.95,0.42,1,2011-08-03 09:13:00,2011-08-03 09:13:00,129,0,275.88,137.0,15.0,0.0
12752,4366.78,82.3920754716981,61.199999999999996,270.0,13.200000000000001,2262,42.679245283018865,100,2,1,53,53,2.2941509433962266,8.5,0.29,1,2011-09-19 13:32:00,2011-09-19 13:32:00,81,0,4366.78,2262.0,53.0,0.0
12753,21429.39,108.77862944162436,100.80000000000001,429.59999999999997,15.299999999999999,11421,57.974619289340104,192,6,6,132,133,2.3373604060913706,14.95,0.29,1,2010-12-12 11:44:00,2011-11-17 10:52:00,23,339,3571.565,1903.5,22.0,3.0
12754,3010.74,47.78952380952381,1.25,417.59999999999997,0.29,6481,102.87301587301587,576,1,3,49,49,1.125079365079365,3.75,0.21,1,2011-02-04 10:31:00,2011-04-18 09:00:00,236,72,1003.5799999999999,2160.3333333333335,16.333333333333332,0.4
12755,3811.95,952.9875,7.949999999999999,3794.3999999999996,1.65,1491,372.75,1488,1,2,4,4,5.0249999999999995,9.95,1.65,1,2010-12-09 10:44:00,2011-03-04 12:42:00,281,85,1905.975,745.5,2.0,0.5
12756,112.07999999999998,28.019999999999996,20.4,61.199999999999996,10.08,144,36.0,72,24,1,4,4,0.7424999999999999,0.85,0.42,1,2011-09-14 09:31:00,2011-09-14 09:31:00,87,0,112.07999999999998,144.0,4.0,0.0
12757,7857.1,21.178167115902966,5.1,1241.98,0.29,2402,6.474393530997305,40,1,13,237,239,11.912641509433962,1241.98,0.12,1,2011-05-12 19:01:00,2011-11-24 12:30:00,16,195,604.3923076923077,184.76923076923077,18.23076923076923,0.3157894736842105
12758,2791.59,28.779278350515465,20.8,66.0,5.04,2135,22.010309278350515,72,2,2,84,84,1.700618556701031,7.95,0.42,1,2011-03-08 12:05:00,2011-08-15 10:22:00,117,159,1395.795,1067.5,42.0,0.0
12759,1531.44,16.12042105263158,15.0,45.0,5.04,902,9.494736842105263,36,1,3,81,81,3.2154736842105267,16.95,0.42,1,2011-03-09 08:09:00,2011-10-18 14:49:00,52,223,510.48,300.6666666666667,27.0,0.0
12762,1898.52,27.51478260869565,17.4,140.0,4.68,1227,17.782608695652176,120,2,2,62,62,2.736086956521739,28.0,0.39,1,2011-11-14 14:23:00,2011-12-02 10:23:00,8,17,949.26,613.5,31.0,0.0
12763,494.08,27.448888888888888,17.79,87.0,5.04,316,17.555555555555557,60,6,2,16,16,1.7716666666666667,4.25,0.42,1,2010-12-05 15:46:00,2011-07-24 14:12:00,138,230,247.04,158.0,8.0,0.0
12764,1693.88,37.64177777777778,31.6,153.0,10.2,386,8.577777777777778,24,2,1,45,45,5.387555555555555,14.95,0.55,1,2011-01-27 10:19:00,2011-01-27 10:19:00,317,0,1693.88,386.0,45.0,0.0
12766,6989.63,22.547193548387096,17.700000000000003,168.0,3.4799999999999995,3646,11.761290322580646,96,1,7,205,205,3.070806451612903,28.0,0.21,1,2010-12-08 13:53:00,2011-12-06 08:46:00,4,362,998.5185714285715,520.8571428571429,29.285714285714285,0.0
12769,1143.6,35.7375,19.65,175.2,15.0,356,11.125,24,2,1,32,32,4.45625,10.95,0.85,1,2011-04-15 10:25:00,2011-04-15 10:25:00,239,0,1143.6,356.0,32.0,0.0
12770,1351.45,112.62083333333334,82.5,318.0,69.12,743,61.916666666666664,96,19,1,12,12,2.625,8.95,0.72,1,2011-05-13 09:33:00,2011-05-13 09:33:00,211,0,1351.45,743.0,12.0,0.0
12772,892.47,16.226727272727274,12.75,140.0,3.4799999999999995,556,10.10909090909091,25,1,1,55,55,3.7007272727272724,28.0,0.29,1,2011-10-11 09:19:00,2011-10-11 09:19:00,60,0,892.47,556.0,55.0,0.0
12775,1386.04,21.00060606060606,18.75,59.4,7.9,877,13.287878787878787,36,1,5,47,48,3.880606060606061,16.95,0.39,1,2011-02-01 13:45:00,2011-11-22 16:33:00,17,294,277.20799999999997,175.4,9.4,0.16666666666666666
12778,822.23,16.4446,15.0,54.0,5.04,825,16.5,108,1,6,40,40,3.5094,18.0,0.21,1,2011-01-31 14:35:00,2011-11-20 11:30:00,20,292,137.03833333333333,137.5,6.666666666666667,0.14285714285714285
12779,3981.36,26.72053691275168,19.9,102.0,8.4,2024,13.583892617449665,72,2,8,88,89,3.6543624161073827,12.75,0.19,1,2010-12-03 13:40:00,2011-11-02 11:43:00,38,333,497.67,253.0,11.0,0.8333333333333334
12781,826.74,33.0696,31.200000000000003,70.80000000000001,10.08,671,26.84,72,1,2,25,25,3.1308,40.0,0.29,1,2011-02-28 08:43:00,2011-10-07 10:37:00,64,221,413.37,335.5,12.5,1.0
12782,2330.92,22.630291262135923,17.0,112.0,4.68,1086,10.54368932038835,50,1,5,81,82,3.805436893203883,28.0,0.29,1,2010-12-17 11:30:00,2011-12-05 09:16:00,5,352,466.184,217.2,16.2,0.6666666666666666
12783,2225.91,26.49892857142857,16.5,339.02,2.88,624,7.428571428571429,48,1,6,76,76,12.22857142857143,339.02,0.12,1,2011-09-25 15:35:00,2011-12-07 15:56:00,2,73,370.98499999999996,104.0,12.666666666666666,0.25
12784,574.42,9.73593220338983,6.6,56.0,0.55,300,5.084745762711864,25,1,2,54,54,2.8015254237288136,28.0,0.42,1,2011-11-24 12:53:00,2011-11-30 15:38:00,9,6,287.21,150.0,27.0,0.0
12785,311.95,22.282142857142855,19.5,56.0,12.5,131,9.357142857142858,20,1,1,14,14,4.828571428571428,28.0,1.25,1,2010-12-10 13:48:00,2010-12-10 13:48:00,364,0,311.95,131.0,14.0,0.5
12787,463.66,23.183,18.9,62.400000000000006,10.08,261,13.05,30,1,3,17,17,3.998,15.0,0.42,1,2011-05-31 09:36:00,2011-11-30 08:44:00,10,182,154.55333333333334,87.0,5.666666666666667,0.0
12789,91.85,22.9625,18.45,39.95,15.0,4,1.0,1,1,1,4,4,22.9625,39.95,15.0,1,2011-10-05 13:34:00,2011-10-05 13:34:00,65,0,91.85,4.0,4.0,0.0
12790,324.92,15.472380952380954,13.0,39.8,5.04,166,7.904761904761905,24,2,1,21,21,3.948571428571429,15.0,0.42,1,2011-05-31 14:14:00,2011-05-31 14:14:00,192,0,324.92,166.0,21.0,0.0
12791,192.60000000000002,96.30000000000001,96.30000000000001,177.60000000000002,15.0,97,48.5,96,1,1,2,2,8.425,15.0,1.85,1,2010-12-01 11:27:00,2010-12-01 11:27:00,374,0,192.60000000000002,97.0,2.0,0.0
12792,400.53999999999996,16.0216,15.0,56.0,5.04,217,8.68,25,1,1,25,25,3.5096,28.0,0.42,1,2011-03-28 11:36:00,2011-03-28 11:36:00,257,0,400.53999999999996,217.0,25.0,0.0
12793,545.48,22.728333333333335,16.75,66.0,8.5,295,12.291666666666666,40,1,2,21,21,3.91,28.0,0.85,1,2010-12-03 15:14:00,2011-01-09 12:12:00,335,36,272.74,147.5,10.5,0.0
12794,860.41,19.12022222222222,17.34,59.400000000000006,2.88,592,13.155555555555555,36,2,2,43,43,2.077111111111111,9.95,0.12,1,2011-09-02 12:01:00,2011-10-17 14:54:00,53,45,430.205,296.0,21.5,0.0
12795,430.48,30.74857142857143,19.799999999999997,112.0,12.48,68,4.857142857142857,12,2,1,14,14,7.695,28.0,1.65,1,2011-11-21 10:27:00,2011-11-21 10:27:00,19,0,430.48,68.0,14.0,0.0
12797,254.03,19.540769230769232,15.0,35.7,10.08,118,9.076923076923077,24,1,1,13,13,5.143846153846154,28.0,0.42,1,2010-12-09 10:55:00,2010-12-09 10:55:00,366,0,254.03,118.0,13.0,1.3333333333333333
12798,6977.04,872.13,329.76,3651.6,69.12,5256,657.0,2040,96,3,6,6,1.0474999999999999,1.79,0.36,1,2011-06-22 10:11:00,2011-11-29 15:52:00,10,160,2325.68,1752.0,2.0,0.0
12802,427.58,17.1032,16.5,35.7,5.04,314,12.56,24,2,1,25,25,2.52,15.0,0.42,1,2011-06-06 09:36:00,2011-06-06 09:36:00,187,0,427.58,314.0,25.0,0.5
12808,483.65000000000003,17.273214285714285,16.55,28.0,9.95,188,6.714285714285714,12,1,3,27,27,4.0460714285714285,28.0,1.25,1,2010-12-06 10:27:00,2011-11-03 10:05:00,37,331,161.21666666666667,62.666666666666664,9.0,0.0
12809,489.31,19.572400000000002,17.4,84.0,4.68,220,8.8,24,2,1,25,25,4.4092,28.0,0.39,1,2011-06-15 10:51:00,2011-06-15 10:51:00,178,0,489.31,220.0,25.0,0.5
12811,514.85,16.608064516129033,16.5,29.5,1.0,230,7.419354838709677,36,1,3,27,27,4.12258064516129,28.0,0.65,1,2011-02-28 15:39:00,2011-03-24 09:42:00,261,23,171.61666666666667,76.66666666666667,9.0,0.0
12812,229.64000000000001,15.309333333333335,15.0,31.6,6.64,164,10.933333333333334,24,4,1,15,15,2.0686666666666667,4.25,0.55,1,2011-10-26 09:54:00,2011-10-26 09:54:00,45,0,229.64000000000001,164.0,15.0,0.0
12814,125.92,62.96,62.96,85.92,40.0,49,24.5,48,1,1,2,2,20.895,40.0,1.79,1,2011-08-30 12:11:00,2011-08-30 12:11:00,102,0,125.92,49.0,2.0,0.0
12815,1063.46,22.6268085106383,17.4,120.0,8.4,379,8.063829787234043,30,2,2,38,38,5.401489361702128,40.0,0.42,1,2011-05-25 13:34:00,2011-07-15 10:21:00,148,50,531.73,189.5,19.0,0.0
12816,572.2,19.731034482758623,16.5,80.0,8.5,128,4.413793103448276,12,1,2,27,27,8.832758620689654,40.0,0.85,1,2011-06-16 13:24:00,2011-09-05 12:41:00,96,80,286.1,64.0,13.5,0.0
12817,166.04,41.51,39.8,59.400000000000006,27.04,53,13.25,24,1,1,4,4,12.0725,40.0,1.65,1,2011-03-03 16:28:00,2011-03-03 16:28:00,281,0,166.04,53.0,4.0,0.0
12818,1542.08,110.14857142857143,59.8,360.0,10.2,929,66.35714285714286,288,4,1,14,14,6.755,40.0,0.36,1,2011-03-23 12:06:00,2011-03-23 12:06:00,262,0,1542.08,929.0,14.0,1.0
12820,942.34,15.97186440677966,15.0,37.800000000000004,6.959999999999999,722,12.23728813559322,48,4,4,55,55,1.9047457627118642,4.95,0.29,1,2011-01-17 12:34:00,2011-12-06 15:12:00,3,323,235.585,180.5,13.75,0.0
12821,92.72,15.453333333333333,16.3,19.92,10.2,70,11.666666666666666,24,2,1,6,6,2.4983333333333335,8.5,0.65,1,2011-05-09 15:51:00,2011-05-09 15:51:00,214,0,92.72,70.0,6.0,0.0
12822,948.88,20.62782608695652,16.75,102.0,6.959999999999999,550,11.956521739130435,48,2,2,41,41,2.692608695652174,14.95,0.29,1,2011-09-13 13:46:00,2011-09-30 10:04:00,71,16,474.44,275.0,20.5,0.3333333333333333
12823,1759.5,351.9,306.0,535.5,229.5,230,46.0,70,30,5,1,1,7.65,7.65,7.65,1,2011-02-16 12:15:00,2011-09-26 07:35:00,75,221,351.9,46.0,0.2,0.0
12824,397.12,15.8848,15.0,47.7,5.04,232,9.28,16,2,1,25,25,2.5356,8.25,0.42,1,2011-10-11 12:49:00,2011-10-11 12:49:00,60,0,397.12,232.0,25.0,0.0
12826,1474.72,16.205714285714286,16.5,35.400000000000006,4.5600000000000005,1058,11.626373626373626,48,1,7,58,59,1.9276923076923078,7.5,0.19,1,2010-12-09 15:21:00,2011-12-07 10:25:00,3,362,210.67428571428573,151.14285714285714,8.285714285714286,0.375
12827,430.15000000000003,17.206000000000003,15.0,44.550000000000004,5.04,197,7.88,12,3,3,19,19,2.8680000000000003,4.95,0.42,1,2011-10-26 15:44:00,2011-12-04 12:17:00,6,38,143.38333333333335,65.66666666666667,6.333333333333333,0.0
12828,1018.71,18.19125,17.145,45.9,1.0,494,8.821428571428571,24,1,6,46,46,3.09,16.95,0.39,1,2011-08-01 16:16:00,2011-12-07 08:45:00,3,127,169.785,82.33333333333333,7.666666666666667,0.0
12829,293.0,26.636363636363637,15.9,79.9,11.4,376,34.18181818181818,120,1,2,9,9,10.368181818181817,39.95,0.19,1,2010-12-14 14:54:00,2011-01-07 11:13:00,337,23,146.5,188.0,4.5,0.3333333333333333
12830,6814.64,179.33263157894737,186.12,587.52,51.84,9848,259.1578947368421,864,72,6,13,13,1.0863157894736843,2.62,0.27,1,2011-06-21 10:53:00,2011-11-02 11:54:00,38,134,1135.7733333333333,1641.3333333333333,2.1666666666666665,0.14285714285714285
12831,215.05,23.894444444444446,20.650000000000002,42.0,15.0,135,15.0,36,2,1,9,9,3.066666666666667,12.75,0.85,1,2011-03-22 13:02:00,2011-03-22 13:02:00,262,0,215.05,135.0,9.0,0.0
12832,383.03,14.186296296296295,15.0,19.8,2.9,195,7.222222222222222,12,2,2,27,27,2.928888888888889,8.25,0.85,1,2011-09-02 13:48:00,2011-11-07 13:30:00,32,65,191.515,97.5,13.5,0.0
12833,417.38,17.390833333333333,16.675,27.04,9.95,156,6.5,24,1,1,24,24,5.44125,14.95,0.42,1,2011-07-17 13:46:00,2011-07-17 13:46:00,145,0,417.38,156.0,24.0,0.0
12834,312.38,17.354444444444443,15.9,25.200000000000003,11.9,110,6.111111111111111,16,2,1,18,18,4.893888888888889,7.95,0.85,1,2011-03-02 09:49:00,2011-03-02 09:49:00,283,0,312.38,110.0,18.0,0.0
12836,2612.86,14.930628571428572,10.5,84.14999999999999,0.85,1064,6.08,36,1,4,148,148,4.287828571428571,16.95,0.29,1,2011-02-01 11:19:00,2011-10-11 15:10:00,59,252,653.215,266.0,37.0,0.0
12837,134.1,11.174999999999999,8.4,25.5,3.9,24,2.0,4,1,1,12,12,6.745833333333334,16.95,1.65,1,2011-06-19 16:07:00,2011-06-19 16:07:00,173,0,134.1,24.0,12.0,0.0
12838,683.13,5.55390243902439,4.15,35.400000000000006,0.42,359,2.9186991869918697,12,1,2,115,116,2.3197560975609757,16.95,0.29,1,2010-12-01 11:57:00,2011-11-06 12:20:00,34,340,341.565,179.5,57.5,0.0
12839,5591.42,17.80707006369427,17.4,70.80000000000001,2.98,3807,12.124203821656051,48,1,14,95,98,1.9202229299363058,12.75,0.42,1,2010-12-07 15:48:00,2011-12-07 12:33:00,3,364,399.38714285714286,271.92857142857144,6.785714285714286,0.125
12840,2726.77,24.13070796460177,20.8,59.0,9.959999999999999,1511,13.371681415929203,24,2,4,67,67,2.035486725663717,5.95,0.65,1,2011-04-27 12:21:00,2011-07-19 09:29:00,144,82,681.6925,377.75,16.75,0.5
12841,4022.35,9.577023809523808,5.95,107.28,0.42,2757,6.564285714285714,72,1,25,229,230,2.395166666666667,16.95,0.19,1,2010-12-03 10:43:00,2011-12-05 11:13:00,5,367,160.894,110.28,9.16,0.7307692307692307
12842,1118.99,32.9114705882353,23.4,122.39999999999999,6.64,547,16.08823529411765,48,1,2,34,34,4.3302941176470595,65.0,0.39,1,2011-02-04 12:36:00,2011-09-30 15:33:00,70,238,559.495,273.5,17.0,0.0
12843,1702.26,16.526796116504855,15.8,59.400000000000006,0.78,781,7.58252427184466,48,1,8,69,69,3.513203883495146,14.95,0.39,1,2011-03-20 14:38:00,2011-10-05 12:09:00,66,198,212.7825,97.625,8.625,0.5555555555555556
12844,325.96000000000004,6.268461538461539,4.35,17.85,0.42,125,2.4038461538461537,8,1,2,47,47,2.631153846153846,6.95,0.39,1,2011-08-01 13:11:00,2011-11-10 13:31:00,29,101,162.98000000000002,62.5,23.5,0.0
12845,354.09,13.114444444444443,2.1,208.79999999999998,0.55,204,7.555555555555555,144,1,4,26,26,2.7903703703703706,8.5,0.55,1,2011-02-22 14:10:00,2011-03-17 13:34:00,267,22,88.5225,51.0,6.5,0.0
12847,871.54,9.577362637362636,3.12,46.8,0.38,909,9.989010989010989,72,1,1,72,72,1.3392307692307692,8.25,0.19,1,2011-11-17 13:16:00,2011-11-17 13:16:00,22,0,871.54,909.0,72.0,0.0
12849,1050.8899999999999,20.6056862745098,15.0,100.0,0.85,623,12.215686274509803,64,1,2,47,47,2.8945098039215686,9.95,0.42,1,2011-03-16 12:26:00,2011-11-08 13:41:00,31,237,525.4449999999999,311.5,23.5,0.0
12851,135.18,2.7036000000000002,2.09,16.95,0.12,109,2.18,12,1,1,43,43,1.9465999999999999,16.95,0.12,1,2011-09-04 12:41:00,2011-09-04 12:41:00,97,0,135.18,109.0,43.0,0.0
12852,311.55,18.326470588235296,17.4,34.8,13.200000000000001,149,8.764705882352942,24,2,1,17,17,3.65,12.75,0.55,1,2011-02-18 08:47:00,2011-02-18 08:47:00,295,0,311.55,149.0,17.0,1.5
12853,1957.1000000000001,25.09102564102564,19.5,81.6,10.2,800,10.256410256410257,96,2,6,66,66,4.250512820512821,12.75,0.55,1,2011-01-28 10:28:00,2011-07-28 11:29:00,135,181,326.18333333333334,133.33333333333334,11.0,0.6666666666666666
12854,1324.5,12.040909090909091,8.325,135.2,1.26,627,5.7,80,1,3,95,95,2.7746363636363633,12.75,0.42,1,2011-01-25 13:35:00,2011-09-22 12:15:00,79,239,441.5,209.0,31.666666666666668,1.0
12855,38.1,12.700000000000001,10.2,17.700000000000003,10.2,30,10.0,12,6,1,3,3,1.55,2.95,0.85,1,2010-12-02 09:37:00,2010-12-02 09:37:00,373,0,38.1,30.0,3.0,0.0
12856,2179.93,6.942452229299363,4.949999999999999,49.92,0.55,1079,3.4363057324840764,48,1,6,155,155,2.543407643312102,12.75,0.12,1,2011-10-07 12:38:00,2011-12-02 10:52:00,8,55,363.32166666666666,179.83333333333334,25.833333333333332,0.375
12857,1106.4,24.05217391304348,19.799999999999997,68.0,10.5,343,7.456521739130435,12,2,2,37,37,4.142391304347826,10.95,1.25,1,2011-02-10 12:32:00,2011-05-13 10:20:00,211,91,553.2,171.5,18.5,0.0
12863,521.2,104.24000000000001,59.400000000000006,340.0,15.0,188,37.6,100,12,1,5,5,3.374,8.5,0.72,1,2011-10-18 14:15:00,2011-10-18 14:15:00,52,0,521.2,188.0,5.0,0.5
12864,147.12,49.04,17.4,119.52,10.2,216,72.0,144,12,1,3,3,0.6566666666666666,0.85,0.29,1,2011-07-24 13:03:00,2011-07-24 13:03:00,138,0,147.12,216.0,3.0,0.0
12865,1568.23,16.507684210526318,16.6,33.9,2.88,925,9.736842105263158,48,1,2,86,86,3.119157894736842,16.95,0.12,1,2011-08-08 10:11:00,2011-11-13 14:31:00,26,97,784.115,462.5,43.0,0.3333333333333333
12866,559.12,21.504615384615384,17.35,60.0,6.3,171,6.576923076923077,15,2,1,26,26,4.4157692307692304,15.0,0.42,1,2011-03-01 14:11:00,2011-03-01 14:11:00,283,0,559.12,171.0,26.0,0.0
12867,4036.82,7.503382899628253,5.1,74.7,0.39,4298,7.988847583643123,72,1,7,240,247,1.3313382899628252,7.95,0.29,1,2010-12-14 16:39:00,2011-11-13 15:30:00,26,333,576.6885714285714,614.0,34.285714285714285,1.3
12868,1607.0600000000002,15.0192523364486,15.0,31.6,3.12,928,8.672897196261681,24,1,6,72,72,2.611682242990654,12.75,0.29,1,2010-12-01 12:50:00,2011-06-07 10:42:00,186,187,267.84333333333336,154.66666666666666,12.0,0.0
12871,380.64,34.60363636363636,15.299999999999999,163.2,5.04,200,18.181818181818183,64,2,2,8,8,2.110909090909091,7.65,0.42,1,2011-05-16 13:32:00,2011-09-16 15:07:00,84,123,190.32,100.0,4.0,0.0
12872,599.97,9.090454545454547,5.449999999999999,41.300000000000004,0.95,319,4.833333333333333,30,1,2,58,58,2.4956060606060606,12.75,0.55,1,2010-12-09 14:44:00,2011-01-17 10:52:00,327,38,299.985,159.5,29.0,0.0
12873,374.0,93.5,102.0,102.0,68.0,128,32.0,40,8,1,4,4,4.0375,8.5,2.55,1,2011-03-02 14:58:00,2011-03-02 14:58:00,282,0,374.0,128.0,4.0,0.0
12875,343.2300000000001,171.61500000000004,171.61500000000004,293.76000000000005,49.470000000000006,2019,1009.5,1728,291,2,1,1,0.17,0.17,0.17,1,2010-12-12 12:03:00,2011-07-19 15:30:00,143,219,171.61500000000004,1009.5,0.5,0.0
12876,2218.02,26.09435294117647,20.4,122.39999999999999,5.04,1941,22.83529411764706,72,2,2,67,67,2.2544705882352942,15.0,0.42,1,2011-05-27 13:34:00,2011-10-13 12:26:00,58,138,1109.01,970.5,33.5,0.0
12877,1535.77,9.972532467532467,8.5,79.2,0.58,1178,7.64935064935065,48,1,12,100,100,1.8988961038961039,9.95,0.14,1,2010-12-16 12:23:00,2011-12-06 10:30:00,4,354,127.98083333333334,98.16666666666667,8.333333333333334,0.0
12878,854.99,18.191276595744682,15.299999999999999,30.599999999999998,8.5,547,11.638297872340425,24,2,2,38,38,2.0325531914893618,7.95,0.55,1,2011-03-18 14:02:00,2011-04-17 13:07:00,236,29,427.495,273.5,19.0,0.6666666666666666
12879,573.22,57.322,45.269999999999996,183.6,8.5,370,37.0,96,6,3,7,7,1.832,2.95,0.19,1,2011-09-09 12:11:00,2011-10-26 12:24:00,45,47,191.07333333333335,123.33333333333333,2.3333333333333335,0.5
12881,298.0,42.57142857142857,17.0,195.0,12.7,21,3.0,6,1,1,7,7,32.971428571428575,195.0,3.25,1,2011-03-09 11:44:00,2011-03-09 11:44:00,276,0,298.0,21.0,7.0,0.0
12882,1463.04,112.54153846153847,89.4,283.2,56.4,246,18.923076923076923,40,8,2,12,12,6.437692307692307,7.45,2.08,1,2011-11-06 11:22:00,2011-11-30 16:18:00,9,24,731.52,123.0,6.0,0.0
12883,703.47,16.749285714285715,16.55,29.700000000000003,9.95,196,4.666666666666667,24,1,4,39,39,5.926904761904762,16.95,0.42,1,2011-09-11 15:18:00,2011-11-15 09:32:00,25,64,175.8675,49.0,9.75,0.0
12884,309.05,44.15,20.8,170.0,17.85,43,6.142857142857143,10,2,1,7,7,15.984285714285715,85.0,2.08,1,2011-09-12 13:10:00,2011-09-12 13:10:00,88,0,309.05,43.0,7.0,0.0
12885,1175.22,16.552394366197184,16.6,46.8,6.64,655,9.225352112676056,25,1,3,66,66,3.5930985915492957,16.95,0.42,1,2011-08-08 11:45:00,2011-10-07 13:40:00,63,60,391.74,218.33333333333334,22.0,0.25
12886,1378.4,16.809756097560978,16.5,35.400000000000006,3.75,770,9.390243902439025,48,1,2,75,75,3.7206097560975615,12.75,0.29,1,2011-05-04 11:21:00,2011-10-03 10:09:00,68,151,689.2,385.0,37.5,1.3333333333333333
12888,354.12,70.824,81.36,106.5,25.200000000000003,76,15.2,24,6,2,4,4,5.896,10.65,2.1,1,2011-03-29 14:31:00,2011-05-09 16:02:00,214,41,177.06,38.0,2.0,0.5
12890,380.46999999999997,4.639878048780488,2.5,45.0,0.39,259,3.158536585365854,36,1,1,78,78,1.8129268292682927,8.25,0.19,1,2011-11-15 17:26:00,2011-11-15 17:26:00,24,0,380.46999999999997,259.0,78.0,0.0
12891,331.0,110.33333333333333,85.0,204.00000000000003,42.0,950,316.6666666666667,600,100,3,2,2,0.3666666666666667,0.42,0.34,1,2011-02-20 11:28:00,2011-06-07 12:31:00,186,107,110.33333333333333,316.6666666666667,0.6666666666666666,0.0
12893,188.14,5.533529411764706,3.75,37.44,0.79,96,2.823529411764706,18,1,1,27,27,2.2108823529411765,4.95,0.55,1,2011-11-09 12:34:00,2011-11-09 12:34:00,31,0,188.14,96.0,27.0,0.0
12895,372.8,16.945454545454545,17.0,25.0,12.75,210,9.545454545454545,24,1,2,22,22,3.222727272727273,12.75,0.55,1,2011-09-14 08:35:00,2011-10-28 13:51:00,42,44,186.4,105.0,11.0,0.6666666666666666
12897,216.5,54.125,58.0,70.80000000000001,29.700000000000003,110,27.5,40,6,2,3,3,2.7,4.95,1.45,1,2011-02-11 11:40:00,2011-05-19 12:13:00,205,97,108.25,55.0,1.5,0.0
12901,17654.54,152.19431034482758,41.25,1519.8,0.85,23075,198.92241379310346,4800,1,28,30,30,1.4663793103448275,12.75,0.21,1,2011-03-14 10:41:00,2011-12-01 10:07:00,9,261,630.5192857142857,824.1071428571429,1.0714285714285714,0.25
12902,138.68,13.868,15.0,17.700000000000003,5.04,66,6.6,12,1,1,10,10,5.619,16.95,0.42,1,2011-03-20 12:06:00,2011-03-20 12:06:00,265,0,138.68,66.0,10.0,0.0
12904,509.58,7.0775,5.025,51.0,0.85,302,4.194444444444445,41,1,2,59,59,3.085,12.75,0.29,1,2011-06-20 13:18:00,2011-11-21 14:34:00,18,154,254.79,151.0,29.5,0.0
12906,2919.81,46.34619047619047,28.080000000000002,360.0,9.36,1749,27.761904761904763,128,1,5,55,55,2.551904761904762,12.75,0.39,1,2011-09-22 15:03:00,2011-11-28 09:55:00,12,66,583.962,349.8,11.0,0.0
12908,750.0,375.0,375.0,432.0,318.0,1200,600.0,600,600,2,1,1,0.625,0.72,0.53,1,2011-01-31 12:37:00,2011-06-16 15:39:00,176,136,375.0,600.0,0.5,0.5
12909,2178.67,23.941428571428574,16.6,290.0,2.88,1280,14.065934065934066,96,1,5,78,79,6.7639560439560436,165.0,0.12,1,2011-03-31 12:51:00,2011-10-31 12:43:00,40,213,435.73400000000004,256.0,15.6,0.625
12910,3075.04,41.00053333333333,33.0,102.0,8.4,1692,22.56,64,2,8,48,49,2.0928,4.25,0.39,1,2011-04-12 10:01:00,2011-11-16 14:28:00,23,218,384.38,211.5,6.0,0.0
12912,1662.3,69.2625,61.199999999999996,157.92000000000002,20.4,670,27.916666666666668,48,12,5,17,17,2.7191666666666667,8.25,0.85,1,2011-10-30 11:35:00,2011-12-07 08:55:00,3,37,332.46,134.0,3.4,0.0
12913,2483.63,49.6726,37.5,204.0,9.36,1419,28.38,96,1,5,37,38,2.9248000000000003,15.0,0.39,1,2010-12-06 16:36:00,2011-12-05 12:11:00,5,363,496.726,283.8,7.4,0.0
12915,363.65,16.529545454545453,16.45,25.5,9.95,93,4.2272727272727275,16,1,2,19,19,6.788636363636363,12.75,0.65,1,2010-12-02 12:33:00,2011-07-14 11:34:00,149,223,181.825,46.5,9.5,0.0
12916,3006.15,28.094859813084113,20.8,163.2,1.65,1119,10.457943925233645,64,1,4,53,55,4.126635514018692,12.75,0.29,1,2011-01-23 10:43:00,2011-07-24 10:35:00,139,181,751.5375,279.75,13.25,0.4
12917,594.0,297.0,297.0,297.0,297.0,120,60.0,60,60,1,2,2,4.95,4.95,4.95,1,2011-08-03 16:42:00,2011-08-03 16:42:00,128,0,594.0,120.0,2.0,0.0
12919,1335.19,26.7038,17.700000000000003,107.28,10.4,673,13.46,72,2,6,34,34,2.6044,9.95,0.65,1,2011-06-23 09:22:00,2011-12-01 13:47:00,8,161,222.53166666666667,112.16666666666667,5.666666666666667,0.25
12920,164.23,5.8653571428571425,4.95,16.95,0.75,129,4.607142857142857,36,1,1,27,27,3.8410714285714285,16.95,0.39,1,2011-11-22 15:05:00,2011-11-22 15:05:00,17,0,164.23,129.0,27.0,0.0
12921,16587.09,23.037625,17.700000000000003,178.20000000000002,6.8,9526,13.230555555555556,96,1,37,233,246,2.3401944444444447,12.75,0.39,1,2010-12-01 15:06:00,2011-11-30 16:22:00,9,364,448.29972972972973,257.4594594594595,6.297297297297297,0.42
12922,405.38,14.477857142857143,13.620000000000001,35.400000000000006,7.800000000000001,370,13.214285714285714,36,3,1,28,28,1.627857142857143,5.45,0.39,1,2011-07-01 15:35:00,2011-07-01 15:35:00,161,0,405.38,370.0,28.0,0.0
12923,176.97,6.102413793103448,3.95,19.9,0.42,69,2.3793103448275863,6,1,1,28,28,2.936551724137931,9.95,0.21,1,2011-10-06 16:20:00,2011-10-06 16:20:00,64,0,176.97,69.0,28.0,0.0
12924,933.7,31.123333333333335,15.0,152.64000000000001,0.83,481,16.033333333333335,144,1,4,22,22,3.1883333333333335,12.75,0.83,1,2011-01-16 11:49:00,2011-09-12 13:55:00,88,239,233.425,120.25,5.5,0.2
12925,694.05,15.423333333333332,15.0,34.68,5.04,541,12.022222222222222,48,1,2,42,42,2.310222222222222,15.0,0.29,1,2011-09-26 11:05:00,2011-12-05 11:11:00,5,70,347.025,270.5,21.0,0.0
12928,2062.7000000000003,24.555952380952384,20.0,126.0,10.08,1472,17.523809523809526,288,4,5,59,61,1.9426190476190477,5.75,0.12,1,2010-12-15 15:45:00,2011-11-04 14:24:00,35,323,412.5400000000001,294.4,11.8,0.0
12929,117.85,14.73125,14.95,17.85,10.2,37,4.625,12,1,1,8,8,7.11875,14.95,0.85,1,2011-02-01 12:08:00,2011-02-01 12:08:00,312,0,117.85,37.0,8.0,0.5
12930,415.8,16.632,17.700000000000003,27.04,6.72,252,10.08,32,1,2,20,20,2.9948,12.75,0.42,1,2011-06-21 13:25:00,2011-09-22 15:18:00,78,93,207.9,126.0,10.0,0.5
12931,42055.96,512.8775609756098,432.0,4176.0,6.36,28004,341.5121951219512,2880,6,15,28,30,1.7017073170731707,7.65,0.55,1,2010-12-17 09:45:00,2011-11-18 12:39:00,22,336,2803.730666666667,1866.9333333333334,1.8666666666666667,1.0
12933,607.53,5.7314150943396225,4.074999999999999,52.5,0.38,499,4.7075471698113205,100,1,3,102,102,2.6469811320754717,8.95,0.04,1,2011-03-01 11:30:00,2011-11-15 16:38:00,24,259,202.51,166.33333333333334,34.0,0.25
12935,2160.7,16.749612403100773,15.6,40.8,7.800000000000001,1853,14.364341085271318,48,1,7,80,80,2.032325581395349,9.95,0.29,1,2011-01-24 13:58:00,2011-12-07 17:25:00,2,317,308.6714285714285,264.7142857142857,11.428571428571429,0.125
12936,1063.9,17.15967741935484,12.600000000000001,102.0,0.39,559,9.016129032258064,40,1,4,56,56,2.033225806451613,6.25,0.39,1,2011-09-22 13:51:00,2011-11-22 17:32:00,17,61,265.975,139.75,14.0,0.2
12937,1504.27,12.535583333333333,11.75,81.6,0.85,1007,8.391666666666667,72,1,4,81,81,2.371666666666667,12.75,0.29,1,2011-03-17 14:19:00,2011-11-24 15:05:00,15,252,376.0675,251.75,20.25,0.0
12938,114.14,12.682222222222222,12.600000000000001,19.799999999999997,6.959999999999999,140,15.555555555555555,48,6,1,9,9,1.271111111111111,2.95,0.29,1,2011-11-14 11:21:00,2011-11-14 11:21:00,26,0,114.14,140.0,9.0,0.0
12939,11581.8,246.42127659574467,179.0,650.88,69.12,4876,103.74468085106383,300,24,8,21,24,2.403404255319149,4.25,0.72,1,2011-01-09 11:20:00,2011-10-06 14:33:00,64,270,1447.725,609.5,2.625,0.0
12940,913.54,9.227676767676767,6.5,51.0,2.5,411,4.151515151515151,48,1,2,87,87,3.8207070707070705,19.95,0.19,1,2011-09-13 10:16:00,2011-10-16 12:09:00,55,33,456.77,205.5,43.5,1.0
12942,683.9,9.118666666666666,5.95,25.5,0.39,203,2.7066666666666666,15,1,3,68,68,4.1378666666666675,16.95,0.39,1,2010-12-09 09:34:00,2011-07-31 14:39:00,131,234,227.96666666666667,67.66666666666667,22.666666666666668,0.0
12944,604.51,20.150333333333332,17.34,39.8,10.2,289,9.633333333333333,24,2,2,29,29,3.1886666666666668,12.5,0.65,1,2010-12-20 10:41:00,2011-11-04 11:04:00,36,319,302.255,144.5,14.5,0.0
12945,462.95,20.128260869565217,17.700000000000003,58.0,15.0,165,7.173913043478261,40,2,1,23,23,4.95,12.75,1.25,1,2011-02-24 14:15:00,2011-02-24 14:15:00,288,0,462.95,165.0,23.0,0.0
12947,1603.99,16.535979381443298,15.0,130.0,3.3600000000000003,1165,12.010309278350515,48,1,6,83,83,3.270309278350515,65.0,0.14,1,2010-12-01 16:21:00,2011-07-19 10:06:00,144,229,267.33166666666665,194.16666666666666,13.833333333333334,0.5454545454545454
12948,2064.95,17.801293103448273,16.5,46.8,5.04,1080,9.310344827586206,48,1,7,82,82,2.932758620689655,12.75,0.29,1,2011-03-20 10:17:00,2011-11-23 17:10:00,16,248,294.99285714285713,154.28571428571428,11.714285714285714,0.25
12949,4167.22,19.382418604651164,17.700000000000003,63.6,5.04,2381,11.074418604651163,48,1,8,166,168,2.8786511627906974,12.75,0.29,1,2011-04-01 13:20:00,2011-11-09 11:25:00,31,221,520.9025,297.625,20.75,0.4
12950,1843.0,80.1304347826087,62.400000000000006,179.0,9.0,1380,60.0,200,12,3,13,13,1.3891304347826086,2.08,0.72,1,2011-11-15 13:48:00,2011-12-07 13:17:00,2,21,614.3333333333334,460.0,4.333333333333333,0.0
12951,1064.07,16.89,17.4,35.7,2.9,503,7.984126984126984,25,1,6,53,54,3.006031746031746,16.95,0.42,1,2011-01-13 10:33:00,2011-12-01 12:14:00,9,322,177.345,83.83333333333333,8.833333333333334,0.25
12952,1387.79,17.566962025316457,16.95,33.9,6.64,653,8.265822784810126,48,1,4,64,64,4.062658227848101,16.95,0.39,1,2011-09-22 16:37:00,2011-12-04 10:35:00,6,72,346.9475,163.25,16.0,0.2
12953,329.85,19.40294117647059,16.5,35.400000000000006,15.0,84,4.9411764705882355,12,1,1,17,17,6.647058823529412,25.0,1.25,1,2011-11-30 09:24:00,2011-11-30 09:24:00,10,0,329.85,84.0,17.0,0.0
12955,4757.16,26.428666666666665,19.799999999999997,157.92000000000002,2.88,3664,20.355555555555554,96,2,11,81,82,1.6899444444444445,9.95,0.12,1,2011-03-17 09:03:00,2011-12-08 16:29:00,1,266,432.4690909090909,333.09090909090907,7.363636363636363,0.21428571428571427
12956,108.07,5.687894736842105,4.949999999999999,16.95,2.5,34,1.7894736842105263,8,1,1,19,19,4.365263157894737,16.95,1.25,1,2011-02-06 16:08:00,2011-02-06 16:08:00,306,0,108.07,34.0,19.0,0.0
12957,4017.54,16.880420168067225,15.600000000000001,76.5,2.88,2549,10.710084033613445,48,1,8,208,208,2.817563025210084,16.95,0.06,1,2011-01-04 12:18:00,2011-11-30 09:53:00,10,329,502.1925,318.625,26.0,0.5
12962,266.39,16.649375,15.75,35.400000000000006,7.4399999999999995,129,8.0625,12,2,2,15,15,2.985625,12.75,0.62,1,2011-08-18 13:38:00,2011-12-02 15:55:00,7,106,133.195,64.5,7.5,0.0
12963,1856.63,19.54347368421053,17.0,53.1,9.36,881,9.273684210526316,48,1,8,75,75,3.294842105263158,12.75,0.39,1,2010-12-09 09:14:00,2011-12-01 12:55:00,8,357,232.07875,110.125,9.375,0.1111111111111111
12965,771.91,7.081743119266055,5.95,31.8,0.78,283,2.596330275229358,24,1,1,108,107,3.6638532110091746,12.75,0.39,1,2011-09-11 15:31:00,2011-09-11 15:31:00,89,0,771.91,283.0,108.0,0.0
12966,160.18,16.018,15.0,25.200000000000003,11.7,75,7.5,12,1,1,10,10,3.4230000000000005,12.5,1.25,1,2011-11-30 12:38:00,2011-11-30 12:38:00,10,0,160.18,75.0,10.0,0.0
12967,1660.9,87.41578947368421,75.0,204.0,7.800000000000001,438,23.05263157894737,60,6,2,19,19,6.476315789473684,29.95,0.65,1,2010-12-03 09:49:00,2010-12-16 19:10:00,358,13,830.45,219.0,9.5,3.5
12968,135.95,27.189999999999998,15.0,61.199999999999996,9.95,73,14.6,24,1,1,5,5,3.29,9.95,1.25,1,2011-08-19 15:44:00,2011-08-19 15:44:00,112,0,135.95,73.0,5.0,0.0
12970,452.24,2.9949668874172186,2.08,25.5,0.39,310,2.052980132450331,36,1,4,116,116,2.0307947019867547,12.75,0.29,1,2011-01-21 14:04:00,2011-12-02 14:30:00,7,315,113.06,77.5,29.0,0.0
12971,11189.91,36.68822950819672,20.4,220.15,5.04,9289,30.455737704918032,600,1,86,94,96,2.310327868852459,16.95,0.25,1,2010-12-02 16:42:00,2011-12-06 12:20:00,4,368,130.11523255813952,108.01162790697674,1.0930232558139534,0.033707865168539325
12974,144.8,18.1,15.9,35.7,11.8,24,3.0,6,1,1,8,8,7.7,19.95,2.95,1,2011-05-26 09:33:00,2011-05-26 09:33:00,198,0,144.8,24.0,8.0,0.0
12976,738.6,33.57272727272727,15.6,145.0,5.04,561,25.5,100,4,1,22,22,1.5345454545454544,4.95,0.42,1,2011-05-12 09:55:00,2011-05-12 09:55:00,212,0,738.6,561.0,22.0,0.0
12977,39.239999999999995,4.359999999999999,0.78,20.0,0.39,12,1.3333333333333333,3,1,1,9,9,4.23,20.0,0.39,1,2011-07-06 16:40:00,2011-07-06 16:40:00,156,0,39.239999999999995,12.0,9.0,0.0
12980,7374.900000000001,368.745,216.45000000000002,838.8000000000001,91.8,886,44.3,144,6,9,6,6,15.904500000000002,34.95,2.1,1,2010-12-16 11:36:00,2011-07-05 09:34:00,158,200,819.4333333333334,98.44444444444444,0.6666666666666666,0.3333333333333333
12981,372.21999999999997,18.610999999999997,17.369999999999997,34.68,8.5,242,12.1,24,6,2,12,14,1.6235,2.89,0.55,1,2011-07-29 14:14:00,2011-11-10 12:00:00,30,103,186.10999999999999,121.0,6.0,0.0
12982,390.54,13.947857142857144,15.0,23.4,1.95,288,10.285714285714286,36,1,1,28,28,1.8478571428571429,5.95,0.29,1,2011-04-11 11:51:00,2011-04-11 11:51:00,243,0,390.54,288.0,28.0,3.0
12984,97.5,24.375,24.9,30.0,17.700000000000003,26,6.5,8,4,1,4,4,3.85,4.95,2.95,1,2011-11-21 12:37:00,2011-11-21 12:37:00,19,0,97.5,26.0,4.0,0.0
12985,1239.38,16.30763157894737,15.0,47.400000000000006,2.88,1533,20.17105263157895,180,2,2,73,73,1.914342105263158,7.65,0.06,1,2011-11-11 12:44:00,2011-12-09 10:46:00,1,27,619.69,766.5,36.5,0.6666666666666666
12987,558.7,19.95357142857143,17.4,49.95,10.2,219,7.821428571428571,24,1,2,27,27,6.110714285714286,49.95,0.65,1,2011-05-26 12:00:00,2011-09-27 12:03:00,74,124,279.35,109.5,13.5,0.6666666666666666
12988,535.32,5.818695652173914,4.0,29.849999999999998,0.85,136,1.4782608695652173,8,1,1,75,75,4.110217391304348,12.75,0.85,1,2011-02-20 14:31:00,2011-02-20 14:31:00,292,0,535.32,136.0,75.0,0.0
12989,6924.110000000001,108.18921875000001,63.72,810.0,0.39,2943,45.984375,648,1,15,41,41,3.1915625,12.75,0.29,1,2010-12-10 13:24:00,2011-12-06 15:28:00,3,361,461.6073333333334,196.2,2.7333333333333334,0.21052631578947367
12990,409.5,31.5,20.8,58.5,19.5,200,15.384615384615385,30,10,3,8,8,2.05,2.08,1.95,1,2011-02-02 15:39:00,2011-11-08 13:01:00,31,278,136.5,66.66666666666667,2.6666666666666665,0.0
12991,503.76,16.25032258064516,15.0,42.5,5.04,405,13.064516129032258,50,4,2,31,31,2.3067741935483874,5.95,0.42,1,2011-08-19 14:39:00,2011-11-16 15:34:00,23,89,251.88,202.5,15.5,0.0
12993,414.76,15.361481481481482,16.5,20.8,6.959999999999999,240,8.88888888888889,24,3,4,26,26,2.1377777777777776,4.95,0.29,1,2011-02-14 14:29:00,2011-11-16 15:49:00,23,275,103.69,60.0,6.5,0.0
12994,974.4200000000001,15.97409836065574,15.8,25.5,6.72,459,7.524590163934426,25,1,3,52,52,4.212459016393442,12.75,0.29,1,2011-03-16 08:31:00,2011-12-05 15:43:00,4,264,324.8066666666667,153.0,17.333333333333332,2.4
12995,211.32,70.44,38.160000000000004,135.0,38.160000000000004,108,36.0,36,36,1,3,3,1.9566666666666668,3.75,1.06,1,2011-09-15 15:44:00,2011-09-15 15:44:00,85,0,211.32,108.0,3.0,1.0
12997,1226.89,20.794745762711866,15.8,83.2,1.92,664,11.254237288135593,72,1,4,45,46,3.2942372881355935,20.8,0.08,1,2011-01-26 15:49:00,2011-11-17 15:47:00,22,294,306.7225,166.0,11.25,1.1428571428571428
12999,455.88,16.28142857142857,11.7,76.5,5.04,342,12.214285714285714,48,2,3,25,25,2.549285714285714,12.75,0.42,1,2011-04-08 10:26:00,2011-05-27 13:24:00,196,49,151.96,114.0,8.333333333333334,0.0
13000,534.85,17.253225806451614,15.299999999999999,76.32000000000001,2.88,379,12.225806451612904,72,1,3,30,30,3.0125806451612904,9.95,0.12,1,2010-12-10 10:26:00,2011-08-25 10:43:00,107,258,178.28333333333333,126.33333333333333,10.0,0.0
13001,9818.82,28.964070796460177,17.700000000000003,415.00000000000006,0.85,5505,16.238938053097346,198,1,13,166,167,2.419882005899705,8.5,0.42,1,2011-01-17 12:45:00,2011-12-05 14:51:00,4,322,755.2938461538462,423.46153846153845,12.76923076923077,0.2
13002,120.94999999999999,17.27857142857143,15.299999999999999,26.099999999999998,9.95,73,10.428571428571429,18,1,1,7,7,2.8214285714285716,9.95,1.25,1,2011-01-25 15:18:00,2011-01-25 15:18:00,318,0,120.94999999999999,73.0,7.0,0.0
13003,149.05,24.84166666666667,17.775000000000002,60.0,8.5,103,17.166666666666668,48,3,3,4,4,2.25,5.95,0.85,1,2011-05-09 08:23:00,2011-08-26 10:50:00,106,109,49.68333333333334,34.333333333333336,1.3333333333333333,0.0
13004,5655.91,13.999777227722772,15.0,39.75,2.88,4822,11.935643564356436,72,1,18,277,281,2.0111633663366337,12.75,0.12,1,2010-12-17 08:20:00,2011-11-28 11:27:00,12,346,314.21722222222223,267.8888888888889,15.38888888888889,0.22727272727272727
13005,513.7,19.75769230769231,17.4,75.0,9.9,172,6.615384615384615,24,2,2,21,21,5.117307692307692,12.5,0.65,1,2011-04-07 13:32:00,2011-06-19 10:53:00,174,72,256.85,86.0,10.5,1.0
13006,81.57,20.3925,19.38,38.25,4.5600000000000005,55,13.75,24,3,1,4,4,5.295,12.75,0.19,1,2011-10-14 13:49:00,2011-10-14 13:49:00,56,0,81.57,55.0,4.0,0.0
13008,229.46999999999997,16.390714285714285,15.899999999999999,34.8,6.959999999999999,175,12.5,24,4,1,14,14,1.7342857142857144,3.75,0.29,1,2011-01-20 14:24:00,2011-01-20 14:24:00,323,0,229.46999999999997,175.0,14.0,0.5
13011,50.550000000000004,16.85,17.700000000000003,17.85,15.0,13,4.333333333333333,6,3,1,3,3,4.216666666666667,5.95,2.95,1,2010-12-02 17:22:00,2010-12-02 17:22:00,372,0,50.550000000000004,13.0,3.0,0.0
13012,1661.8400000000001,18.6723595505618,17.4,50.400000000000006,4.68,824,9.258426966292134,36,1,8,67,67,3.2319101123595506,12.75,0.39,1,2011-02-18 09:43:00,2011-11-30 13:05:00,9,285,207.73000000000002,103.0,8.375,1.6363636363636365
13013,4810.9400000000005,21.967762557077627,17.700000000000003,102.0,5.04,2224,10.155251141552512,48,1,13,155,155,3.163470319634703,12.75,0.39,1,2010-12-03 12:28:00,2011-12-08 15:01:00,1,370,370.07230769230773,171.07692307692307,11.923076923076923,0.2
13014,3466.2799999999997,31.800733944954125,19.8,175.2,9.95,905,8.302752293577981,48,1,10,67,68,5.255229357798165,12.75,0.42,1,2011-03-03 18:28:00,2011-11-29 12:27:00,11,270,346.628,90.5,6.7,0.875
13015,3346.28,19.012954545454548,17.0,295.0,5.04,1617,9.1875,30,1,5,156,156,5.035568181818181,295.0,0.39,1,2011-04-04 14:28:00,2011-10-17 13:19:00,53,195,669.2560000000001,323.4,31.2,0.0
13016,789.89,16.806170212765956,15.8,34.68,7.4399999999999995,527,11.212765957446809,24,1,3,39,39,3.173191489361702,16.95,0.55,1,2011-08-08 15:00:00,2011-09-27 14:08:00,73,49,263.2966666666667,175.66666666666666,13.0,0.0
13017,204.0,204.0,204.0,204.0,204.0,48,48.0,48,48,1,1,1,4.25,4.25,4.25,1,2011-12-02 15:53:00,2011-12-02 15:53:00,7,0,204.0,48.0,1.0,0.0
13018,7277.7,15.890174672489083,15.0,83.4,4.5600000000000005,5435,11.866812227074236,50,1,28,313,316,2.1802183406113538,16.65,0.19,1,2011-02-17 11:05:00,2011-11-23 13:28:00,16,279,259.91785714285714,194.10714285714286,11.178571428571429,0.034482758620689655
13021,2616.38,19.97236641221374,15.9,75.60000000000001,6.64,1352,10.320610687022901,48,1,9,101,101,3.812290076335878,29.95,0.29,1,2010-12-16 10:12:00,2011-12-05 16:37:00,4,354,290.7088888888889,150.22222222222223,11.222222222222221,0.25
13023,689.9,17.2475,15.9,45.0,6.6000000000000005,286,7.15,36,2,2,36,36,4.5525,15.0,0.39,1,2011-08-02 09:34:00,2011-10-06 16:27:00,64,65,344.95,143.0,18.0,0.0
13026,975.36,24.384,18.48,159.35999999999999,4.68,1620,40.5,192,12,5,32,32,0.6757500000000001,1.65,0.19,1,2011-03-09 11:35:00,2011-12-08 16:58:00,1,274,195.072,324.0,6.4,0.375
13027,6912.0,265.84615384615387,240.0,576.0,96.0,17280,664.6153846153846,1440,240,6,6,6,0.4,0.4,0.4,1,2010-12-20 12:45:00,2011-08-18 09:39:00,114,240,1152.0,2880.0,1.0,0.0
13028,661.3199999999999,14.695999999999998,13.200000000000001,37.44,6.72,798,17.733333333333334,96,10,2,40,40,1.014,2.08,0.29,1,2011-10-25 14:09:00,2011-11-17 11:10:00,23,22,330.65999999999997,399.0,20.0,0.6666666666666666
13029,1247.5,124.75,18.65,449.09999999999997,10.2,134,13.4,30,10,3,8,8,7.388,24.95,0.85,1,2010-12-21 13:53:00,2011-11-09 09:13:00,31,322,415.8333333333333,44.666666666666664,2.6666666666666665,0.0
13030,799.48,8.075555555555555,5.04,47.400000000000006,1.25,394,3.9797979797979797,24,1,2,76,77,3.17989898989899,19.95,0.29,1,2010-12-06 14:31:00,2011-11-28 14:30:00,11,356,399.74,197.0,38.0,0.0
13032,1010.18,14.227887323943662,14.850000000000001,49.5,2.08,375,5.28169014084507,20,1,2,55,55,3.81943661971831,12.75,0.55,1,2011-09-13 16:40:00,2011-10-18 15:54:00,52,34,505.09,187.5,27.5,1.3333333333333333
13033,190.55,17.322727272727274,19.5,19.5,10.5,83,7.545454545454546,10,3,1,11,11,2.640909090909091,5.95,1.95,1,2010-12-17 14:23:00,2010-12-17 14:23:00,357,0,190.55,83.0,11.0,0.0
13034,642.77,17.372162162162162,15.8,30.0,5.04,369,9.972972972972974,24,1,2,37,37,2.3721621621621622,14.95,0.42,1,2010-12-05 14:52:00,2011-10-16 12:21:00,55,314,321.385,184.5,18.5,0.0
13035,921.88,34.1437037037037,25.200000000000003,102.0,10.2,644,23.85185185185185,72,4,2,23,23,1.8218518518518518,3.75,0.39,1,2011-03-24 09:21:00,2011-09-27 08:57:00,74,186,460.94,322.0,11.5,1.0
13037,881.07,18.355625,15.9,47.400000000000006,7.800000000000001,431,8.979166666666666,24,1,3,44,44,3.8214583333333336,12.75,0.65,1,2011-03-28 15:42:00,2011-07-24 15:46:00,138,118,293.69,143.66666666666666,14.666666666666666,0.0
13038,908.46,32.445,17.700000000000003,102.0,9.959999999999999,360,12.857142857142858,24,2,3,24,24,2.7582142857142857,8.5,0.55,1,2011-02-22 11:43:00,2011-09-20 14:37:00,80,210,302.82,120.0,8.0,0.0
13040,676.99,15.743953488372092,15.0,34.68,9.36,355,8.255813953488373,25,2,2,38,38,2.8039534883720934,6.25,0.39,1,2011-11-06 13:53:00,2011-12-01 10:38:00,9,24,338.495,177.5,19.0,0.0
13043,516.42,39.72461538461538,34.0,120.0,15.8,254,19.53846153846154,96,2,1,13,13,5.680000000000001,14.95,0.72,1,2011-03-11 14:52:00,2011-03-11 14:52:00,273,0,516.42,254.0,13.0,0.5
13044,560.47,16.983939393939394,15.600000000000001,51.0,5.04,429,13.0,25,2,1,33,33,3.258787878787879,12.75,0.42,1,2011-02-21 15:20:00,2011-02-21 15:20:00,291,0,560.47,429.0,33.0,0.0
13045,305.28000000000003,16.96,15.0,41.6,5.04,221,12.277777777777779,25,6,1,18,18,1.5705555555555555,2.95,0.42,1,2011-09-01 15:04:00,2011-09-01 15:04:00,99,0,305.28000000000003,221.0,18.0,0.0
13046,629.31,17.980285714285714,15.7,85.0,6.959999999999999,264,7.542857142857143,24,1,2,33,32,6.142857142857143,85.0,0.29,1,2011-03-18 15:43:00,2011-11-09 08:36:00,31,235,314.655,132.0,16.5,0.0
13047,3237.54,18.822906976744186,17.4,68.0,4.95,1391,8.087209302325581,32,1,10,106,106,3.9320348837209305,12.75,0.42,1,2010-12-01 08:34:00,2011-11-08 12:06:00,32,342,323.754,139.1,10.6,1.3333333333333333
13048,1835.91,13.499338235294118,12.5,47.2,0.85,1238,9.102941176470589,27,1,4,77,78,1.8322058823529412,8.5,0.22,1,2011-01-16 14:36:00,2011-11-25 13:23:00,14,312,458.9775,309.5,19.25,0.2
13049,656.6800000000001,46.90571428571429,32.550000000000004,177.60000000000002,9.899999999999999,268,19.142857142857142,96,2,2,14,14,3.9335714285714287,12.75,0.42,1,2011-01-25 16:33:00,2011-10-06 15:31:00,64,253,328.34000000000003,134.0,7.0,0.0
13050,5836.86,14.483523573200992,15.0,79.6,0.83,3748,9.300248138957816,96,1,17,246,248,2.9888833746898262,39.95,0.19,1,2010-12-08 09:30:00,2011-11-25 09:18:00,15,351,343.3447058823529,220.47058823529412,14.470588235294118,0.6785714285714286
13052,348.15000000000003,19.34166666666667,15.9,67.85000000000001,1.7,222,12.333333333333334,30,1,1,18,18,3.2938888888888886,9.95,0.42,1,2011-05-11 14:12:00,2011-05-11 14:12:00,212,0,348.15000000000003,222.0,18.0,0.0
13055,1214.41,15.979078947368421,15.6,40.8,4.5600000000000005,894,11.763157894736842,48,1,3,74,75,2.4710526315789476,12.75,0.19,1,2011-05-10 08:58:00,2011-09-22 14:26:00,78,135,404.80333333333334,298.0,24.666666666666668,0.5
13058,271.40000000000003,33.925000000000004,20.55,123.75,9.95,52,6.5,25,1,3,5,5,5.825,9.95,4.95,1,2011-07-11 12:01:00,2011-11-15 12:43:00,25,127,90.46666666666668,17.333333333333332,1.6666666666666667,0.0
13059,183.4,22.925,17.700000000000003,89.25,4.95,35,4.375,7,1,1,8,8,5.21875,12.75,2.95,1,2011-04-04 10:40:00,2011-04-04 10:40:00,250,0,183.4,35.0,8.0,0.0
13060,307.53,20.502,15.9,61.199999999999996,10.2,123,8.2,24,2,1,15,15,3.982666666666667,7.95,0.85,1,2011-03-31 11:37:00,2011-03-31 11:37:00,254,0,307.53,123.0,15.0,0.0
13061,248.61,24.861,18.45,51.75,9.959999999999999,107,10.7,24,2,1,10,10,3.403,8.25,0.83,1,2011-09-28 16:04:00,2011-09-28 16:04:00,72,0,248.61,107.0,10.0,0.0
13062,346.98,31.543636363636367,19.799999999999997,102.0,12.600000000000001,343,31.181818181818183,288,1,1,11,11,6.819090909090908,15.0,0.21,1,2011-06-01 15:12:00,2011-06-01 15:12:00,191,0,346.98,343.0,11.0,0.0
13064,1119.49,16.22449275362319,14.040000000000001,59.0,0.42,516,7.478260869565218,72,1,4,51,50,3.555217391304348,19.95,0.29,1,2011-01-16 13:41:00,2011-11-27 12:31:00,13,314,279.8725,129.0,12.75,0.0
13065,205.86,14.704285714285716,15.325000000000001,23.4,5.04,74,5.285714285714286,12,1,1,14,14,5.222142857142857,12.75,0.42,1,2010-12-01 16:52:00,2010-12-01 16:52:00,373,0,205.86,74.0,14.0,0.0
13066,470.8,9.808333333333334,7.53,39.9,1.9,322,6.708333333333333,25,1,2,48,48,3.1733333333333333,19.95,0.19,1,2011-11-07 17:06:00,2011-11-15 12:57:00,24,7,235.4,161.0,24.0,0.3333333333333333
13067,115.46000000000001,7.697333333333334,6.24,18.75,2.08,32,2.1333333333333333,5,1,1,14,14,3.86,7.95,1.65,1,2011-09-18 13:38:00,2011-09-18 13:38:00,82,0,115.46000000000001,32.0,14.0,0.0
13068,344.0,172.0,172.0,179.0,165.0,200,100.0,100,100,2,1,1,1.72,1.79,1.65,1,2011-01-24 08:20:00,2011-11-29 15:00:00,10,309,172.0,100.0,0.5,0.0
13069,4436.12,10.437929411764706,6.25,244.8,0.38,5885,13.847058823529412,1440,1,24,281,283,1.705764705882353,12.5,0.08,1,2010-12-05 11:02:00,2011-12-09 08:39:00,1,368,184.83833333333334,245.20833333333334,11.708333333333334,1.6666666666666667
13070,228.8,25.422222222222224,20.8,41.6,20.8,110,12.222222222222221,20,10,1,9,9,2.08,2.08,2.08,1,2011-05-31 13:45:00,2011-05-31 13:45:00,192,0,228.8,110.0,9.0,0.0
13072,177.15,25.307142857142857,29.700000000000003,35.400000000000006,14.850000000000001,69,9.857142857142858,24,3,1,7,7,3.3500000000000005,4.95,1.25,1,2011-03-18 08:12:00,2011-03-18 08:12:00,267,0,177.15,69.0,7.0,0.0
13075,919.61,41.80045454545455,39.599999999999994,102.0,14.850000000000001,485,22.045454545454547,40,3,1,22,22,2.0395454545454546,4.95,1.25,1,2011-08-02 10:19:00,2011-08-02 10:19:00,130,0,919.61,485.0,22.0,0.0
13077,729.27,6.5113392857142856,3.75,81.36,0.21,863,7.705357142857143,96,1,4,99,99,1.7558035714285716,7.95,0.12,1,2010-12-08 14:59:00,2011-12-08 19:24:00,1,365,182.3175,215.75,24.75,0.0
13078,12627.94,35.27357541899441,17.0,237.60000000000002,2.2800000000000002,5630,15.726256983240223,300,2,26,95,96,3.9574301675977654,12.75,0.19,1,2010-12-08 09:07:00,2011-12-06 15:36:00,3,363,485.69,216.53846153846155,3.6538461538461537,0.5116279069767442
13079,220.10000000000002,36.68333333333334,26.9,95.2,17.700000000000003,62,10.333333333333334,24,4,5,2,2,4.166666666666667,5.95,1.25,1,2011-07-22 14:41:00,2011-12-05 16:53:00,4,136,44.02,12.4,0.4,0.0
13080,58.08,9.68,8.58,17.4,3.3600000000000003,120,20.0,24,12,1,6,6,0.5783333333333333,1.45,0.14,1,2011-06-13 14:59:00,2011-06-13 14:59:00,179,0,58.08,120.0,6.0,0.0
13081,28337.38,27.67322265625,17.700000000000003,207.50000000000003,4.0,19068,18.62109375,288,2,11,503,509,2.3001953125,15.95,0.04,1,2010-12-03 17:20:00,2011-11-28 10:54:00,12,359,2576.1254545454544,1733.4545454545455,45.72727272727273,1.5714285714285714
13082,3613.63,49.50178082191781,17.700000000000003,864.0,8.5,4324,59.23287671232877,1200,1,9,63,64,2.9687671232876713,16.95,0.16,1,2011-01-05 15:42:00,2011-08-05 16:16:00,126,212,401.51444444444445,480.44444444444446,7.0,0.2
13083,303.75,16.875,15.975,34.0,5.04,187,10.38888888888889,24,1,2,15,15,3.4066666666666667,16.95,0.39,1,2011-09-25 10:46:00,2011-12-05 15:01:00,4,71,151.875,93.5,7.5,0.0
13085,416.08000000000004,18.912727272727274,15.0,60.0,10.2,216,9.818181818181818,48,2,2,17,17,4.003636363636364,8.5,0.85,1,2011-02-17 13:57:00,2011-07-05 12:11:00,158,137,208.04000000000002,108.0,8.5,2.3333333333333335
13089,58825.83,32.35744224422442,19.919999999999998,788.4,4.5600000000000005,31070,17.09020902090209,288,1,97,636,662,2.737816281628163,39.95,0.19,1,2010-12-05 10:27:00,2011-12-07 09:02:00,3,366,606.4518556701031,320.30927835051546,6.556701030927835,0.3305084745762712
13090,8910.82,57.48916129032258,18.0,612.0,4.68,2263,14.6,96,1,14,98,98,4.534516129032259,16.95,0.29,1,2010-12-02 07:48:00,2011-12-01 12:39:00,9,364,636.4871428571429,161.64285714285714,7.0,0.3333333333333333
13091,345.82,16.467619047619046,15.600000000000001,39.599999999999994,5.88,466,22.19047619047619,48,6,1,21,21,0.9933333333333333,2.95,0.21,1,2011-11-11 15:54:00,2011-11-11 15:54:00,28,0,345.82,466.0,21.0,1.5
13092,477.83,19.1132,17.9,39.8,4.0,279,11.16,100,2,5,19,19,5.018,9.95,0.04,1,2010-12-15 12:27:00,2011-09-30 11:18:00,71,288,95.566,55.8,3.8,0.16666666666666666
13093,7832.47,49.260817610062894,33.0,272.0,5.04,3961,24.91194968553459,108,3,8,97,98,3.273647798742138,14.95,0.21,1,2010-12-01 15:00:00,2011-03-09 12:14:00,276,97,979.05875,495.125,12.125,0.8461538461538461
13094,1927.3200000000002,80.305,76.32000000000001,152.64000000000001,53.1,1716,71.5,144,18,12,4,5,1.2525000000000002,2.95,1.06,1,2010-12-06 10:34:00,2011-11-18 14:07:00,21,347,160.61,143.0,0.3333333333333333,0.375
13095,74.39999999999999,12.399999999999999,11.639999999999999,17.4,9.36,144,24.0,48,12,1,6,6,0.6933333333333334,1.45,0.29,1,2011-09-30 12:03:00,2011-09-30 12:03:00,71,0,74.39999999999999,144.0,6.0,0.0
13097,6010.42,14.209030732860521,10.08,75.60000000000001,0.85,2363,5.58628841607565,48,1,10,214,213,4.244113475177305,16.95,0.29,1,2010-12-14 15:13:00,2011-11-07 10:43:00,33,327,601.042,236.3,21.4,1.0
13098,28882.44,50.49377622377622,33.0,499.20000000000005,2.5,15968,27.916083916083917,240,2,28,156,162,2.7601223776223778,14.95,0.1,1,2011-01-26 13:46:00,2011-12-08 14:14:00,1,316,1031.5157142857142,570.2857142857143,5.571428571428571,0.8048780487804879
13099,207.35999999999999,207.35999999999999,207.35999999999999,207.35999999999999,207.35999999999999,288,288.0,288,288,1,1,1,0.72,0.72,0.72,1,2011-09-01 17:40:00,2011-09-01 17:40:00,99,0,207.35999999999999,288.0,1.0,0.0
13101,101.19,12.64875,10.9,25.740000000000002,2.95,113,14.125,66,1,1,8,8,2.9675,9.95,0.39,1,2011-04-19 14:37:00,2011-04-19 14:37:00,234,0,101.19,113.0,8.0,0.0
13102,6424.09,21.131875,17.0,257.76,2.88,4204,13.828947368421053,144,1,24,140,141,2.5820394736842105,12.5,0.12,1,2010-12-09 13:38:00,2011-12-08 12:52:00,1,363,267.67041666666665,175.16666666666666,5.833333333333333,0.2222222222222222
13103,243.94,30.4925,25.22,51.0,11.399999999999999,82,10.25,16,6,1,8,8,3.9675,8.5,0.95,1,2011-10-31 09:38:00,2011-10-31 09:38:00,40,0,243.94,82.0,8.0,0.0
13104,1098.48,54.924,35.099999999999994,162.72,10.08,504,25.2,96,12,6,14,14,2.1715,4.95,0.42,1,2010-12-20 11:58:00,2011-12-06 13:10:00,3,351,183.08,84.0,2.3333333333333335,0.0
13106,76.5,76.5,76.5,76.5,76.5,18,18.0,18,18,1,1,1,4.25,4.25,4.25,1,2011-07-29 15:12:00,2011-07-29 15:12:00,133,0,76.5,18.0,1.0,0.5
13107,1531.6200000000001,26.407241379310346,20.7,107.4,6.959999999999999,1293,22.29310344827586,96,4,4,54,54,1.7613793103448274,8.25,0.29,1,2011-01-10 12:28:00,2011-10-26 14:52:00,44,289,382.90500000000003,323.25,13.5,0.4
13108,350.06,35.006,27.599999999999998,102.0,7.800000000000001,298,29.8,72,10,1,10,10,1.752,8.5,0.42,1,2010-12-02 10:35:00,2010-12-02 10:35:00,373,0,350.06,298.0,10.0,0.0
13109,786.54,16.734893617021275,15.6,51.0,6.84,520,11.063829787234043,36,2,2,41,41,2.6465957446808512,8.25,0.19,1,2011-07-05 14:56:00,2011-10-11 10:16:00,60,97,393.27,260.0,20.5,0.6
13110,1488.67,10.266689655172414,7.95,47.7,0.42,388,2.6758620689655173,12,1,7,109,110,4.7364137931034485,16.95,0.39,1,2011-02-01 15:24:00,2011-11-08 14:30:00,31,279,212.66714285714286,55.42857142857143,15.571428571428571,0.125
13113,12245.960000000001,61.229800000000004,19.125,1700.0,0.85,3045,15.225,200,1,24,95,95,3.45205,10.95,0.55,1,2010-12-08 13:21:00,2011-12-09 12:49:00,1,365,510.2483333333334,126.875,3.9583333333333335,1.975
13115,2294.78,19.12316666666667,16.5,59.5,4.5600000000000005,1567,13.058333333333334,48,1,4,88,89,2.5444999999999998,39.95,0.19,1,2011-06-08 16:15:00,2011-11-28 12:38:00,12,172,573.695,391.75,22.0,0.8571428571428571
13116,501.14,16.704666666666665,17.35,31.9,5.04,291,9.7,25,1,1,30,30,4.5216666666666665,15.95,0.42,1,2011-07-24 14:33:00,2011-07-24 14:33:00,138,0,501.14,291.0,30.0,0.5
13117,984.91,12.959342105263158,13.9,35.95,1.92,945,12.43421052631579,48,1,8,66,66,2.4343421052631578,35.95,0.08,1,2010-12-02 13:11:00,2011-11-18 12:02:00,22,350,123.11375,118.125,8.25,0.0
13118,1197.81,15.162151898734177,9.95,67.5,0.65,410,5.189873417721519,18,1,5,68,67,3.588354430379747,25.0,0.42,1,2011-02-24 12:32:00,2011-11-20 12:46:00,20,269,239.56199999999998,82.0,13.6,0.42857142857142855
13120,30.599999999999998,30.599999999999998,30.599999999999998,30.599999999999998,30.599999999999998,12,12.0,12,12,1,1,1,2.55,2.55,2.55,1,2011-04-15 10:19:00,2011-04-15 10:19:00,239,0,30.599999999999998,12.0,1.0,0.0
13121,283.73,5.674600000000001,4.949999999999999,20.28,1.3,252,5.04,36,1,1,50,50,1.6887999999999999,8.25,0.29,1,2011-03-15 16:47:00,2011-03-15 16:47:00,269,0,283.73,252.0,50.0,1.5
13122,922.39,16.77072727272727,17.700000000000003,30.599999999999998,5.04,585,10.636363636363637,48,2,2,54,54,2.6365454545454545,9.95,0.39,1,2011-04-13 14:12:00,2011-09-06 15:53:00,94,146,461.195,292.5,27.0,0.0
13124,3866.33,16.452468085106382,12.5,114.75,0.78,2147,9.136170212765958,72,1,3,185,186,3.3234893617021277,35.95,0.19,1,2010-12-15 15:00:00,2011-09-11 12:45:00,90,269,1288.7766666666666,715.6666666666666,61.666666666666664,0.0
13126,2099.64,14.997428571428571,15.0,47.7,2.34,2143,15.307142857142857,60,1,8,124,124,2.100142857142857,19.95,0.09,1,2010-12-08 11:42:00,2011-12-05 10:00:00,5,361,262.455,267.875,15.5,0.2
13127,259.17,17.278000000000002,16.35,34.68,8.5,127,8.466666666666667,20,3,1,15,15,2.8853333333333335,5.45,0.85,1,2011-09-23 10:26:00,2011-09-23 10:26:00,78,0,259.17,127.0,15.0,0.0
13130,64.0,32.0,32.0,39.0,25.0,32,16.0,20,12,1,2,2,2.25,3.25,1.25,1,2011-09-06 15:30:00,2011-09-06 15:30:00,94,0,64.0,32.0,2.0,0.0
13131,1073.3,24.393181818181816,16.5,119.39999999999999,8.5,447,10.159090909090908,30,2,3,30,30,3.1161363636363633,9.95,0.42,1,2011-06-05 10:54:00,2011-11-16 13:21:00,23,164,357.76666666666665,149.0,10.0,0.5
13132,77.3,25.766666666666666,17.0,45.0,15.299999999999999,20,6.666666666666667,12,2,1,3,3,4.933333333333334,8.5,2.55,1,2011-03-23 12:44:00,2011-03-23 12:44:00,262,0,77.3,20.0,3.0,0.0
13133,109.8,15.685714285714285,15.0,19.9,9.95,32,4.571428571428571,12,1,2,7,7,5.3428571428571425,9.95,1.25,1,2011-02-08 15:48:00,2011-03-11 10:31:00,274,30,54.9,16.0,3.5,0.0
13134,1793.58,18.301836734693875,16.5,61.199999999999996,6.8,1059,10.806122448979592,36,1,4,94,94,3.113163265306122,12.75,0.39,1,2011-04-13 12:57:00,2011-09-15 10:35:00,86,154,448.395,264.75,23.5,1.0
13135,3096.0,3096.0,3096.0,3096.0,3096.0,4300,4300.0,4300,4300,1,1,1,0.72,0.72,0.72,1,2011-05-27 10:52:00,2011-05-27 10:52:00,197,0,3096.0,4300.0,1.0,0.0
13136,2607.61,20.53236220472441,17.4,51.0,9.36,1328,10.456692913385826,25,2,5,94,97,2.8439370078740156,12.75,0.39,1,2011-05-11 12:47:00,2011-10-14 13:41:00,56,156,521.522,265.6,18.8,1.0909090909090908
13137,3650.41,5.185241477272727,3.75,39.599999999999994,0.12,2226,3.1619318181818183,48,1,8,345,350,1.915241477272727,9.95,0.12,1,2011-02-04 11:54:00,2011-11-29 12:09:00,11,298,456.30125,278.25,43.125,0.1111111111111111
13138,962.39,15.276031746031746,15.0,30.0,9.0,473,7.507936507936508,24,2,6,31,31,2.8215873015873014,7.95,0.42,1,2010-12-02 15:03:00,2011-11-17 16:51:00,22,350,160.39833333333334,78.83333333333333,5.166666666666667,0.0
13139,5064.94,29.79376470588235,22.5,117.0,6.64,2425,14.264705882352942,96,2,7,132,133,3.541235294117647,14.95,0.29,1,2011-03-25 11:57:00,2011-11-23 13:54:00,16,243,723.5628571428571,346.42857142857144,18.857142857142858,0.5
13140,423.72,9.211304347826088,7.7,31.8,1.25,186,4.043478260869565,12,1,3,40,40,2.9486956521739134,12.75,0.39,1,2010-12-08 15:12:00,2011-08-23 15:33:00,108,258,141.24,62.0,13.333333333333334,0.0
13141,2388.75,17.694444444444443,15.299999999999999,71.4,2.5,1548,11.466666666666667,48,2,5,113,113,2.202444444444444,12.75,0.1,1,2011-01-28 13:04:00,2011-09-16 09:54:00,85,230,477.75,309.6,22.6,0.16666666666666666
13142,307.09,13.351739130434781,11.9,30.599999999999998,2.89,258,11.217391304347826,50,1,1,23,23,2.9969565217391305,9.95,0.42,1,2011-11-20 16:07:00,2011-11-20 16:07:00,19,0,307.09,258.0,23.0,0.0
13144,110.95,36.983333333333334,23.6,63.75,23.6,21,7.0,8,5,1,3,3,6.216666666666666,12.75,2.95,1,2011-01-11 11:15:00,2011-01-11 11:15:00,333,0,110.95,21.0,3.0,0.0
13145,618.52,103.08666666666666,81.9,295.0,15.0,145,24.166666666666668,72,1,4,5,5,51.71,295.0,0.36,1,2010-12-02 18:06:00,2011-10-31 12:45:00,40,332,154.63,36.25,1.25,0.2
13146,228.91,13.465294117647058,10.08,51.0,1.65,154,9.058823529411764,25,1,1,16,16,2.027058823529412,4.25,0.3,1,2011-11-13 15:29:00,2011-11-13 15:29:00,26,0,228.91,154.0,16.0,0.0
13147,712.8000000000001,178.20000000000002,178.20000000000002,237.60000000000002,118.80000000000001,144,36.0,48,24,4,1,1,4.95,4.95,4.95,1,2011-09-01 12:28:00,2011-11-29 13:59:00,10,89,178.20000000000002,36.0,0.25,0.0
13148,3707.12,11.621065830721003,9.95,62.5,0.39,1975,6.191222570532916,50,1,12,231,229,3.467742946708464,19.95,0.12,1,2010-12-10 13:06:00,2011-11-10 15:23:00,29,335,308.9266666666667,164.58333333333334,19.25,1.6470588235294117
13149,1676.06,19.48906976744186,16.4,76.5,6.0,1280,14.883720930232558,96,2,4,76,75,2.881860465116279,12.75,0.19,1,2011-02-23 13:57:00,2011-11-25 13:09:00,14,274,419.015,320.0,19.0,0.0
13151,1257.8700000000001,16.998243243243245,15.9,35.400000000000006,1.7,363,4.905405405405405,36,1,1,73,73,5.689324324324324,24.95,0.85,1,2011-02-17 12:29:00,2011-02-17 12:29:00,296,0,1257.8700000000001,363.0,73.0,0.5
13153,486.22,32.41466666666667,14.040000000000001,140.4,6.24,418,27.866666666666667,72,8,1,15,15,1.278,2.95,0.39,1,2011-12-04 12:14:00,2011-12-04 12:14:00,6,0,486.22,418.0,15.0,0.0
13155,971.76,11.432470588235294,11.25,46.8,0.42,497,5.847058823529411,25,1,4,67,67,2.912,14.95,0.42,1,2010-12-06 12:44:00,2011-11-06 15:41:00,33,335,242.94,124.25,16.75,0.0
13157,1741.22,20.014022988505747,16.5,60.0,5.04,1439,16.54022988505747,96,2,4,69,70,1.8683908045977013,8.5,0.29,1,2011-02-14 14:03:00,2011-10-21 13:50:00,49,248,435.305,359.75,17.25,0.4
13158,1201.06,15.203291139240505,15.0,35.400000000000006,3.3600000000000003,784,9.924050632911392,36,2,4,59,60,2.0106329113924053,6.75,0.14,1,2011-01-25 09:58:00,2011-09-06 11:58:00,95,224,300.265,196.0,14.75,0.0
13159,1437.85,11.883057851239668,10.44,74.7,1.25,1059,8.75206611570248,36,1,4,114,113,2.7321487603305785,12.75,0.29,1,2011-08-16 11:44:00,2011-12-01 11:20:00,9,106,359.4625,264.75,28.5,0.2
13160,91.8,22.95,21.0,34.8,15.0,56,14.0,24,2,1,4,4,3.025,7.95,1.25,1,2011-11-17 13:07:00,2011-11-17 13:07:00,22,0,91.8,56.0,4.0,0.0
13161,112.75,14.09375,13.1,27.0,1.25,29,3.625,8,1,1,8,8,4.8625,8.5,1.25,1,2011-01-30 14:03:00,2011-01-30 14:03:00,313,0,112.75,29.0,8.0,0.0
13162,1688.29,21.370759493670885,17.4,78.3,3.75,1713,21.68354430379747,54,1,4,74,73,1.4626582278481013,9.95,0.19,1,2011-01-09 10:43:00,2011-08-09 15:59:00,122,212,422.0725,428.25,18.5,0.6
13165,1021.48,24.32095238095238,15.0,102.0,2.88,1376,32.76190476190476,96,10,2,40,40,0.800952380952381,2.55,0.12,1,2010-12-23 14:06:00,2011-10-24 15:05:00,46,305,510.74,688.0,20.0,0.0
13166,417.2,10.175609756097561,7.5,31.8,2.5,216,5.2682926829268295,24,2,1,39,39,2.3914634146341465,9.95,0.65,1,2011-03-01 15:16:00,2011-03-01 15:16:00,283,0,417.2,216.0,39.0,0.5
13167,791.33,12.174307692307693,10.2,41.76,0.42,785,12.076923076923077,144,1,4,51,52,2.9483076923076923,12.75,0.29,1,2011-07-19 12:13:00,2011-11-21 12:24:00,19,125,197.8325,196.25,12.75,0.0
13168,1319.19,10.070152671755725,8.5,59.0,1.25,682,5.206106870229007,25,1,4,102,103,3.165267175572519,12.75,0.42,1,2011-01-25 13:55:00,2011-11-03 12:56:00,36,281,329.7975,170.5,25.5,0.4
13169,712.88,54.83692307692308,33.2,153.0,7.9,272,20.923076923076923,72,8,2,11,11,3.7823076923076924,12.75,0.39,1,2011-04-01 14:24:00,2011-10-07 12:11:00,64,188,356.44,136.0,5.5,0.0
13170,116.00999999999999,3.6253124999999997,3.25,10.2,0.78,147,4.59375,36,1,1,29,29,1.54625,6.75,0.19,1,2011-11-13 12:19:00,2011-11-13 12:19:00,27,0,116.00999999999999,147.0,29.0,0.0
13171,468.41,10.182826086956522,5.925000000000001,83.2,1.25,229,4.978260869565218,24,1,3,37,37,4.0445652173913045,25.0,0.29,1,2011-02-13 14:16:00,2011-11-18 10:27:00,22,277,156.13666666666668,76.33333333333333,12.333333333333334,0.4
13173,353.65,8.224418604651163,6.6,30.0,0.42,277,6.441860465116279,32,1,2,41,41,2.6467441860465115,5.95,0.21,1,2010-12-07 14:30:00,2011-12-05 15:51:00,4,363,176.825,138.5,20.5,0.0
13174,2817.03,8.971433121019109,7.5,49.95,0.42,1395,4.442675159235669,63,1,3,228,228,3.3874840764331213,49.95,0.29,1,2010-12-05 16:24:00,2011-11-23 14:35:00,16,352,939.0100000000001,465.0,76.0,0.0
13176,492.84,6.845,4.45,30.24,0.55,453,6.291666666666667,72,1,1,66,66,2.7775,16.95,0.14,1,2011-10-24 15:43:00,2011-10-24 15:43:00,46,0,492.84,453.0,66.0,0.0
13177,282.45,16.61470588235294,17.4,19.8,12.600000000000001,91,5.352941176470588,12,3,1,17,17,3.514705882352941,5.95,1.45,1,2011-10-06 09:56:00,2011-10-06 09:56:00,65,0,282.45,91.0,17.0,0.0
13178,5725.47,21.60554716981132,17.700000000000003,85.92,8.5,3570,13.471698113207546,50,4,11,95,102,2.046566037735849,7.95,0.42,1,2010-12-14 12:22:00,2011-11-13 16:14:00,26,334,520.4972727272727,324.54545454545456,8.636363636363637,0.0
13182,121.18,11.016363636363637,10.5,15.0,5.04,201,18.272727272727273,25,12,1,11,11,0.6854545454545454,1.25,0.42,1,2011-10-25 13:46:00,2011-10-25 13:46:00,45,0,121.18,201.0,11.0,0.0
13183,3957.78,42.10404255319149,20.28,177.60000000000002,0.79,2208,23.48936170212766,96,1,9,51,51,2.032659574468085,8.5,0.3,1,2011-01-09 10:50:00,2011-12-02 10:30:00,8,326,439.75333333333333,245.33333333333334,5.666666666666667,0.0
13184,1701.29,9.39939226519337,6.25,60.0,0.6,1692,9.348066298342541,144,1,10,138,139,1.8393922651933703,9.95,0.12,1,2011-02-22 17:25:00,2011-11-25 12:02:00,15,275,170.129,169.2,13.8,0.16666666666666666
13185,71.4,71.4,71.4,71.4,71.4,12,12.0,12,12,1,1,1,5.95,5.95,5.95,1,2011-03-17 11:56:00,2011-03-17 11:56:00,268,0,71.4,12.0,1.0,0.0
13186,1575.89,19.947974683544306,17.700000000000003,50.400000000000006,2.5,820,10.379746835443038,100,1,3,69,69,3.2486075949367086,9.95,0.04,1,2011-08-03 09:09:00,2011-10-31 11:40:00,40,89,525.2966666666667,273.3333333333333,23.0,1.0
13187,236.02,6.378918918918919,5.45,19.9,0.85,95,2.5675675675675675,12,1,1,37,37,3.765405405405405,12.75,0.85,1,2011-01-06 18:57:00,2011-01-06 18:57:00,337,0,236.02,95.0,37.0,0.0
13188,114.60000000000001,57.300000000000004,57.300000000000004,99.60000000000001,15.0,25,12.5,24,1,1,2,2,9.575,15.0,4.15,1,2011-11-28 15:28:00,2011-11-28 15:28:00,11,0,114.60000000000001,25.0,2.0,0.0
13189,260.68,8.988965517241379,8.64,18.72,2.88,842,29.03448275862069,100,12,2,29,29,0.39172413793103444,1.25,0.04,1,2011-08-16 13:12:00,2011-11-21 10:39:00,19,96,130.34,421.0,14.5,0.0
13192,911.94,14.475238095238096,15.299999999999999,29.700000000000003,5.04,595,9.444444444444445,25,2,2,57,57,2.6287301587301584,9.95,0.42,1,2011-05-18 14:57:00,2011-09-05 14:13:00,95,109,455.97,297.5,28.5,0.0
13193,117.88,4.0648275862068965,2.5,16.95,1.25,50,1.7241379310344827,12,1,1,22,22,2.870344827586207,16.95,0.85,1,2011-10-09 14:30:00,2011-10-09 14:30:00,61,0,117.88,50.0,22.0,0.0
13194,60.7,20.233333333333334,17.700000000000003,34.0,9.0,26,8.666666666666666,12,6,1,3,3,2.65,4.25,0.75,1,2011-07-27 09:01:00,2011-07-27 09:01:00,136,0,60.7,26.0,3.0,0.0
13196,1797.78,16.343454545454545,15.0,53.1,5.04,1224,11.127272727272727,25,1,4,97,98,2.5078181818181817,39.95,0.42,1,2011-03-22 14:24:00,2011-11-28 13:54:00,11,250,449.445,306.0,24.25,0.0
13198,3401.2400000000002,15.049734513274338,15.0,42.0,2.52,2648,11.716814159292035,48,1,6,199,199,2.379336283185841,39.95,0.12,1,2010-12-13 09:29:00,2011-11-29 15:17:00,10,351,566.8733333333333,441.3333333333333,33.166666666666664,0.375
13199,9817.12,82.49680672268909,67.5,408.0,5.76,6176,51.89915966386555,384,1,38,48,50,2.6299159663865543,15.0,0.12,1,2010-12-08 10:51:00,2011-12-06 12:30:00,4,363,258.34526315789475,162.52631578947367,1.263157894736842,0.02564102564102564
13200,870.09,18.915,15.95,76.32000000000001,2.88,516,11.217391304347826,72,2,4,42,42,3.3756521739130436,12.75,0.12,1,2011-08-05 14:50:00,2011-11-20 15:35:00,19,107,217.5225,129.0,10.5,0.0
13203,869.46,15.253684210526316,14.040000000000001,39.95,4.5600000000000005,800,14.035087719298245,36,1,4,56,56,2.3040350877192983,39.95,0.19,1,2011-04-11 14:40:00,2011-11-30 10:45:00,10,232,217.365,200.0,14.0,0.0
13207,250.26000000000002,31.282500000000002,30.75,71.4,6.72,130,16.25,24,12,2,7,7,2.2912500000000002,5.95,0.42,1,2011-07-12 11:35:00,2011-11-24 14:52:00,15,135,125.13000000000001,65.0,3.5,0.0
13208,1223.9,8.214093959731544,6.8,47.2,0.39,804,5.395973154362416,36,1,6,124,124,2.338456375838926,9.95,0.29,1,2011-02-03 19:32:00,2011-10-12 09:54:00,59,250,203.98333333333335,134.0,20.666666666666668,0.14285714285714285
13209,5891.61,18.35392523364486,16.5,85.92,1.25,4253,13.249221183800623,72,1,8,255,259,2.2679127725856696,16.95,0.19,1,2010-12-13 10:31:00,2011-11-09 13:54:00,30,331,736.45125,531.625,31.875,0.7272727272727273
13210,353.48,16.067272727272726,15.0,30.240000000000002,10.2,316,14.363636363636363,48,6,1,22,22,1.5118181818181817,4.25,0.63,1,2011-09-07 08:18:00,2011-09-07 08:18:00,94,0,353.48,316.0,22.0,0.0
13211,1197.42,21.3825,9.299999999999999,204.0,1.25,874,15.607142857142858,80,1,3,45,45,1.4396428571428572,5.45,0.42,1,2010-12-13 16:17:00,2011-11-29 14:43:00,10,350,399.14000000000004,291.3333333333333,15.0,0.0
13212,788.08,5.549859154929578,4.055,50.0,0.39,310,2.183098591549296,18,1,3,128,128,3.745211267605634,25.0,0.19,1,2011-10-09 14:48:00,2011-11-20 12:40:00,20,41,262.6933333333333,103.33333333333333,42.666666666666664,0.25
13213,1520.58,16.895333333333333,15.299999999999999,59.400000000000006,2.88,1360,15.11111111111111,96,1,5,82,82,2.7209999999999996,24.95,0.12,1,2011-05-24 12:22:00,2011-10-14 11:42:00,57,142,304.116,272.0,16.4,0.3333333333333333
13216,333.74,66.748,69.12,92.5,10.5,297,59.4,96,5,1,5,5,1.448,2.1,0.72,1,2011-03-17 12:18:00,2011-03-17 12:18:00,268,0,333.74,297.0,5.0,0.0
13217,533.98,133.495,121.46000000000001,239.04000000000002,52.02,262,65.5,100,18,3,3,3,2.38,3.29,0.85,1,2011-07-06 12:08:00,2011-08-09 15:32:00,122,34,177.99333333333334,87.33333333333333,1.0,0.6
13218,62.63999999999999,12.527999999999999,15.0,19.799999999999997,5.88,88,17.6,28,12,1,5,5,0.9299999999999999,1.65,0.21,1,2011-08-04 16:59:00,2011-08-04 16:59:00,127,0,62.63999999999999,88.0,5.0,0.0
13220,819.2900000000001,39.01380952380953,19.8,166.8,0.85,196,9.333333333333334,25,1,4,18,18,4.531904761904762,12.75,0.42,1,2011-04-17 10:59:00,2011-09-22 13:38:00,78,158,204.82250000000002,49.0,4.5,0.0
13221,847.41,12.839545454545455,9.899999999999999,59.400000000000006,1.45,244,3.696969696969697,18,1,2,62,62,5.01439393939394,14.95,0.39,1,2010-12-15 13:24:00,2011-04-13 16:58:00,240,119,423.705,122.0,31.0,0.0
13223,163.20000000000002,32.64,15.0,100.80000000000001,15.0,88,17.6,48,4,2,5,5,1.9600000000000002,3.75,1.25,1,2011-04-21 15:16:00,2011-05-23 13:03:00,200,31,81.60000000000001,44.0,2.5,0.0
13224,2155.95,19.9625,15.0,135.0,2.95,1518,14.055555555555555,192,1,2,101,102,2.3142592592592592,8.5,0.21,1,2011-07-11 14:10:00,2011-10-10 14:55:00,60,91,1077.975,759.0,50.5,0.3333333333333333
13225,6463.84,201.995,179.0,568.8000000000001,56.160000000000004,3416,106.75,288,30,7,23,23,2.3603125,6.75,0.39,1,2010-12-13 09:49:00,2011-12-06 13:29:00,3,358,923.4057142857143,488.0,3.2857142857142856,0.25
13226,108.21000000000001,6.7631250000000005,8.325,15.0,0.85,80,5.0,24,1,1,16,16,2.711875,12.75,0.29,1,2011-03-11 14:35:00,2011-03-11 14:35:00,273,0,108.21000000000001,80.0,16.0,0.0
13227,257.7,28.633333333333333,19.5,67.5,10.5,99,11.0,24,5,1,9,9,2.5999999999999996,6.75,1.95,1,2011-05-22 11:47:00,2011-05-22 11:47:00,202,0,257.7,99.0,9.0,0.0
13228,358.0,179.0,179.0,179.0,179.0,200,100.0,100,100,1,2,2,1.79,1.79,1.79,1,2011-09-19 14:28:00,2011-09-19 14:28:00,81,0,358.0,200.0,2.0,0.0
13229,160.95,16.095,15.0,21.9,13.049999999999999,63,6.3,12,2,1,10,10,4.0600000000000005,10.95,1.25,1,2011-04-28 12:07:00,2011-04-28 12:07:00,226,0,160.95,63.0,10.0,0.0
13230,2806.97,4.5940589198036,2.95,85.0,0.29,1665,2.7250409165302782,121,1,14,393,396,2.399050736497545,19.95,0.19,1,2010-12-09 19:28:00,2011-12-05 16:03:00,4,360,200.49785714285713,118.92857142857143,28.071428571428573,0.06666666666666667
13232,1357.6,6.558454106280193,4.35,36.0,0.39,778,3.758454106280193,100,1,7,147,147,3.2770531400966183,16.95,0.29,1,2011-04-10 13:48:00,2011-11-27 10:39:00,13,230,193.94285714285712,111.14285714285714,21.0,0.0
13233,605.12,14.072558139534884,13.68,46.8,4.5600000000000005,1004,23.348837209302324,60,8,2,43,43,0.737906976744186,1.95,0.19,1,2011-01-07 14:49:00,2011-09-26 13:25:00,74,261,302.56,502.0,21.5,0.0
13235,1031.07,17.77706896551724,15.149999999999999,75.60000000000001,1.3,441,7.603448275862069,36,2,1,53,53,2.7143103448275863,16.95,0.55,1,2011-05-11 17:13:00,2011-05-11 17:13:00,212,0,1031.07,441.0,53.0,0.5
13236,744.85,20.69027777777778,18.84,40.56,11.7,416,11.555555555555555,48,1,2,34,34,4.0344444444444445,15.95,0.39,1,2011-08-25 08:58:00,2011-11-15 12:50:00,25,82,372.425,208.0,17.0,1.0
13238,700.73,22.604193548387098,20.8,104.0,12.48,298,9.612903225806452,50,1,4,20,21,4.110645161290323,25.0,1.25,1,2010-12-14 14:37:00,2011-11-22 15:37:00,17,343,175.1825,74.5,5.0,0.2
13239,329.56,15.693333333333333,15.6,44.550000000000004,2.34,327,15.571428571428571,48,3,1,21,21,1.590952380952381,4.95,0.12,1,2011-03-23 10:25:00,2011-03-23 10:25:00,262,0,329.56,327.0,21.0,0.0
13240,663.65,9.905223880597015,8.850000000000001,30.599999999999998,1.65,298,4.447761194029851,24,1,4,59,59,3.3132835820895523,14.95,0.29,1,2010-12-09 12:49:00,2011-09-04 14:08:00,96,269,165.9125,74.5,14.75,0.0
13242,270.40000000000003,20.800000000000004,20.8,20.8,20.8,130,10.0,10,10,3,12,12,2.08,2.08,2.08,1,2011-05-10 12:26:00,2011-08-19 12:53:00,112,101,90.13333333333334,43.333333333333336,4.0,0.0
13243,600.07,10.346034482758622,9.375,34.0,1.25,233,4.017241379310345,12,1,1,56,56,3.6174137931034482,14.95,0.42,1,2011-05-20 13:14:00,2011-05-20 13:14:00,203,0,600.07,233.0,56.0,0.0
13244,121.74000000000001,4.508888888888889,4.15,9.95,1.45,38,1.4074074074074074,3,1,1,27,27,3.747777777777778,9.95,0.65,1,2011-09-08 11:46:00,2011-09-08 11:46:00,93,0,121.74000000000001,38.0,27.0,0.0
13245,430.5,26.90625,25.200000000000003,38.25,9.899999999999999,125,7.8125,24,2,1,16,16,6.23125,12.75,0.85,1,2011-10-20 11:40:00,2011-10-20 11:40:00,51,0,430.5,125.0,16.0,0.0
13246,1987.3,14.094326241134752,5.1,174.0,0.65,1602,11.361702127659575,120,1,6,110,110,1.851418439716312,12.5,0.42,1,2011-01-13 13:36:00,2011-11-21 16:50:00,18,312,331.21666666666664,267.0,18.333333333333332,0.2857142857142857
13247,501.12,20.0448,15.6,52.02,5.1,328,13.12,48,4,4,18,18,2.1075999999999997,4.95,0.55,1,2011-09-18 11:31:00,2011-11-22 10:59:00,18,64,125.28,82.0,4.5,0.0
13248,465.68,17.91076923076923,17.700000000000003,31.6,9.959999999999999,305,11.73076923076923,48,1,2,25,25,2.6873076923076926,12.75,0.39,1,2011-06-03 13:05:00,2011-08-07 12:40:00,125,64,232.84,152.5,12.5,0.0
13249,711.41,30.93086956521739,8.25,152.64000000000001,0.5700000000000001,546,23.73913043478261,144,1,3,21,21,3.430869565217391,12.5,0.19,1,2011-03-23 15:26:00,2011-09-08 13:26:00,92,168,237.13666666666666,182.0,7.0,0.0
13253,1030.4,28.622222222222224,18.84,180.0,4.5600000000000005,1572,43.666666666666664,144,4,2,35,35,1.1419444444444444,9.95,0.19,1,2011-01-04 15:43:00,2011-07-06 10:09:00,157,182,515.2,786.0,17.5,0.0
13255,399.51,30.73153846153846,23.4,90.0,14.95,177,13.615384615384615,72,1,2,13,13,4.96,14.95,0.65,1,2010-12-01 11:58:00,2011-11-30 13:14:00,9,364,199.755,88.5,6.5,0.3333333333333333
13258,698.58,18.383684210526315,15.3,81.6,2.1,287,7.552631578947368,40,1,3,28,28,3.663684210526316,8.25,0.29,1,2011-05-18 13:11:00,2011-11-28 09:31:00,12,193,232.86,95.66666666666667,9.333333333333334,0.0
13259,292.32,3.36,2.1,25.5,0.21,132,1.5172413793103448,8,1,1,77,77,2.308390804597701,12.75,0.21,1,2011-10-09 10:48:00,2011-10-09 10:48:00,62,0,292.32,132.0,77.0,0.0
13260,557.62,69.7025,47.8,219.0,16.6,142,17.75,48,4,1,8,8,4.9675,10.95,1.45,1,2011-10-09 13:21:00,2011-10-09 13:21:00,61,0,557.62,142.0,8.0,0.0
13261,944.1,104.9,102.0,135.0,67.5,210,23.333333333333332,48,10,2,8,8,5.488888888888889,8.5,1.45,1,2011-02-27 10:41:00,2011-03-16 12:22:00,269,17,472.05,105.0,4.0,0.0
13262,200.29,18.208181818181817,16.5,51.0,6.959999999999999,125,11.363636363636363,24,2,1,11,11,3.092727272727273,8.5,0.29,1,2011-03-21 15:06:00,2011-03-21 15:06:00,263,0,200.29,125.0,11.0,0.0
13263,7454.07,4.444883720930233,3.3,122.39999999999999,0.19,4780,2.8503279666070362,60,1,35,450,454,2.2423792486583185,16.95,0.12,1,2011-01-18 16:31:00,2011-12-08 13:59:00,1,323,212.97342857142857,136.57142857142858,12.857142857142858,0.0
13265,2107.66,23.1610989010989,15.0,232.0,4.0,1752,19.252747252747252,160,2,5,66,66,2.3726373626373625,16.95,0.04,1,2011-03-11 09:54:00,2011-10-17 15:02:00,53,220,421.532,350.4,13.2,0.0
13266,3834.2599999999998,20.504064171122995,16.6,117.0,4.5600000000000005,4428,23.67914438502674,192,1,12,82,82,1.9028877005347595,39.95,0.19,1,2011-03-28 10:14:00,2011-11-28 14:39:00,11,245,319.52166666666665,369.0,6.833333333333333,0.7894736842105263
13267,4521.49,21.428862559241704,17.9,76.5,8.2,1969,9.33175355450237,32,2,19,88,93,3.5107582938388626,12.75,0.42,1,2010-12-08 09:20:00,2011-12-07 11:12:00,3,364,237.97315789473683,103.63157894736842,4.631578947368421,0.48148148148148145
13268,3214.69,7.306113636363636,5.8,60.0,0.38,3658,8.313636363636364,96,1,11,257,259,1.5559545454545454,39.95,0.14,1,2011-03-17 13:20:00,2011-11-22 11:51:00,18,249,292.24454545454546,332.54545454545456,23.363636363636363,0.4666666666666667
13269,5346.2300000000005,16.91844936708861,15.0,177.60000000000002,0.84,3514,11.120253164556962,100,1,15,177,180,2.545474683544304,12.75,0.12,1,2010-12-05 11:51:00,2011-12-08 14:53:00,1,368,356.41533333333336,234.26666666666668,11.8,0.23529411764705882
13270,590.0,590.0,590.0,590.0,590.0,200,200.0,200,200,1,1,1,2.95,2.95,2.95,1,2010-12-08 14:53:00,2010-12-08 14:53:00,366,0,590.0,200.0,1.0,0.0
13271,217.38,2.264375,1.25,15.299999999999999,0.19,253,2.6354166666666665,22,1,1,79,79,1.1966666666666665,5.95,0.19,1,2011-11-02 14:31:00,2011-11-02 14:31:00,37,0,217.38,253.0,79.0,2.5
13272,276.56,18.437333333333335,17.0,29.700000000000003,13.5,96,6.4,24,2,2,15,15,5.339333333333333,12.75,0.65,1,2011-09-11 12:06:00,2011-11-08 14:00:00,31,58,138.28,48.0,7.5,0.0
13273,138.98,8.68625,5.525,24.900000000000002,2.52,153,9.5625,36,2,1,16,16,1.298125,4.15,0.21,1,2011-08-18 14:02:00,2011-08-18 14:02:00,113,0,138.98,153.0,16.0,0.0
13276,590.9300000000001,19.69766666666667,17.45,46.0,11.5,161,5.366666666666666,24,1,2,30,30,5.097666666666667,12.75,1.25,1,2011-09-01 10:03:00,2011-10-07 12:44:00,64,36,295.46500000000003,80.5,15.0,0.0
13277,258.4,32.3,25.7,49.5,25.0,176,22.0,30,16,4,5,5,1.45,1.65,1.25,1,2011-07-29 10:06:00,2011-11-24 09:21:00,16,117,64.6,44.0,1.25,0.0
13278,542.73,11.798478260869565,10.5,39.839999999999996,0.55,537,11.673913043478262,72,1,1,46,46,1.9269565217391305,14.95,0.14,1,2011-10-30 11:49:00,2011-10-30 11:49:00,41,0,542.73,537.0,46.0,0.0
13279,137.75,15.305555555555555,15.299999999999999,25.5,2.34,73,8.11111111111111,24,3,1,9,9,2.6033333333333335,4.95,0.39,1,2011-09-22 17:24:00,2011-09-22 17:24:00,78,0,137.75,73.0,9.0,1.0
13280,814.86,9.586588235294117,8.850000000000001,21.9,0.55,522,6.141176470588236,36,1,3,67,67,2.6203529411764706,10.95,0.21,1,2011-01-06 17:10:00,2011-08-09 13:14:00,122,214,271.62,174.0,22.333333333333332,0.0
13282,1132.14,30.59837837837838,17.700000000000003,91.80000000000001,9.959999999999999,307,8.297297297297296,25,2,3,29,29,4.676216216216217,14.95,0.42,1,2011-05-03 12:03:00,2011-11-21 15:33:00,18,202,377.38000000000005,102.33333333333333,9.666666666666666,0.5
13283,93.66,13.379999999999999,13.5,20.8,4.5600000000000005,90,12.857142857142858,24,6,2,7,7,1.3071428571428572,2.25,0.19,1,2011-06-07 12:39:00,2011-10-11 09:50:00,60,125,46.83,45.0,3.5,0.0
13284,201.19,15.476153846153846,15.299999999999999,25.5,5.04,91,7.0,24,1,1,13,13,4.397692307692308,12.75,0.42,1,2011-01-13 09:23:00,2011-01-13 09:23:00,331,0,201.19,91.0,13.0,0.5
13285,2709.12,14.487272727272726,15.0,33.0,5.04,2051,10.967914438502675,25,1,4,157,160,2.1348663101604277,16.95,0.42,1,2011-02-22 17:13:00,2011-11-16 13:19:00,23,266,677.28,512.75,39.25,0.0
13291,361.11,8.597857142857142,5.925000000000001,34.8,0.42,233,5.5476190476190474,24,1,1,41,41,2.6642857142857146,12.75,0.12,1,2011-07-07 10:36:00,2011-07-07 10:36:00,156,0,361.11,233.0,41.0,0.0
13292,578.9399999999999,18.67548387096774,15.0,39.599999999999994,9.95,347,11.193548387096774,48,1,2,29,29,3.7332258064516126,12.75,0.42,1,2011-02-28 15:00:00,2011-11-01 10:04:00,39,245,289.46999999999997,173.5,14.5,0.0
13294,873.74,16.18037037037037,15.6,31.8,9.95,453,8.38888888888889,25,1,2,48,48,3.6888888888888887,9.95,0.42,1,2011-04-04 12:37:00,2011-06-03 08:54:00,190,59,436.87,226.5,24.0,0.0
13295,201.20000000000002,20.12,18.75,25.200000000000003,15.9,82,8.2,12,2,1,10,10,3.4899999999999998,8.5,1.65,1,2010-12-15 11:21:00,2010-12-15 11:21:00,360,0,201.20000000000002,82.0,10.0,0.5
13296,87.4,17.48,15.0,34.0,10.5,78,15.6,25,4,1,5,5,2.408,8.5,0.42,1,2011-07-25 13:46:00,2011-07-25 13:46:00,137,0,87.4,78.0,5.0,0.0
13297,2089.85,35.421186440677964,30.0,102.0,8.5,963,16.322033898305083,72,2,4,52,53,2.977966101694915,8.25,0.85,1,2011-10-03 15:08:00,2011-12-02 09:32:00,8,59,522.4625,240.75,13.0,0.0
13298,360.0,180.0,180.0,270.0,90.0,96,48.0,72,24,1,2,2,3.75,3.75,3.75,1,2011-12-08 13:11:00,2011-12-08 13:11:00,1,0,360.0,96.0,2.0,0.0
13299,142.5,28.5,17.700000000000003,59.699999999999996,17.700000000000003,30,6.0,6,6,1,5,5,4.75,9.95,2.95,1,2011-03-16 12:55:00,2011-03-16 12:55:00,268,0,142.5,30.0,5.0,0.0
13300,371.89,18.5945,19.799999999999997,30.0,5.04,203,10.15,24,3,1,20,20,2.3865,5.75,0.42,1,2011-06-23 13:09:00,2011-06-23 13:09:00,169,0,371.89,203.0,20.0,1.0
13301,618.09,7.630740740740741,5.78,34.0,0.48,345,4.2592592592592595,36,1,4,75,75,2.637654320987654,9.95,0.08,1,2011-02-20 13:13:00,2011-08-28 11:25:00,104,188,154.5225,86.25,18.75,0.0
13302,63.75,63.75,63.75,63.75,63.75,5,5.0,5,5,1,1,1,12.75,12.75,12.75,1,2011-07-07 17:56:00,2011-07-07 17:56:00,155,0,63.75,5.0,1.0,0.0
13304,300.42,14.305714285714286,14.850000000000001,19.5,5.04,238,11.333333333333334,48,1,1,21,21,3.161904761904762,14.95,0.29,1,2010-12-23 14:35:00,2010-12-23 14:35:00,351,0,300.42,238.0,21.0,0.0
13305,2000.86,24.701975308641973,19.8,63.6,9.36,1232,15.209876543209877,48,2,10,50,50,3.3620987654320986,12.75,0.39,1,2010-12-02 12:10:00,2011-12-05 15:15:00,4,368,200.08599999999998,123.2,5.0,0.0
13307,15.0,15.0,15.0,15.0,15.0,4,4.0,4,4,1,1,1,3.75,3.75,3.75,1,2011-08-11 17:14:00,2011-08-11 17:14:00,120,0,15.0,4.0,1.0,0.0
13308,1385.51,25.657592592592593,17.700000000000003,149.4,9.36,843,15.61111111111111,288,2,3,49,49,3.0190740740740742,10.4,0.21,1,2011-05-20 13:13:00,2011-11-17 09:31:00,23,180,461.83666666666664,281.0,16.333333333333332,0.75
13309,1456.79,13.614859813084111,13.2,40.5,2.52,1544,14.429906542056075,36,1,5,82,83,1.6181308411214952,9.95,0.19,1,2011-02-04 12:29:00,2011-12-02 16:34:00,7,301,291.358,308.8,16.4,0.0
13310,1132.03,15.722638888888888,15.299999999999999,30.0,9.959999999999999,587,8.152777777777779,25,1,3,65,66,3.2480555555555557,12.75,0.42,1,2011-01-19 14:50:00,2011-11-11 17:23:00,28,296,377.3433333333333,195.66666666666666,21.666666666666668,0.8333333333333334
13311,598.57,23.02192307692308,14.975,78.96000000000001,3.0,305,11.73076923076923,48,1,2,25,26,4.1207692307692305,16.95,0.21,1,2011-07-12 14:26:00,2011-12-05 12:55:00,4,145,299.285,152.5,12.5,0.0
13313,1555.32,19.939999999999998,17.55,59.4,5.04,851,10.91025641025641,36,4,5,47,48,2.132307692307692,4.25,0.42,1,2011-01-04 10:00:00,2011-11-17 16:48:00,22,317,311.06399999999996,170.2,9.4,0.0
13314,775.94,12.515161290322581,12.625,29.700000000000003,2.2800000000000002,560,9.03225806451613,25,1,3,55,55,3.1879032258064517,12.75,0.19,1,2011-09-27 10:20:00,2011-12-08 12:29:00,2,72,258.6466666666667,186.66666666666666,18.333333333333332,3.25
13316,5977.7300000000005,68.70954022988506,20.8,330.0,0.21,6948,79.86206896551724,1440,1,4,66,66,2.504022988505747,10.4,0.17,1,2011-03-30 13:01:00,2011-11-02 13:40:00,37,217,1494.4325000000001,1737.0,16.5,0.2
13317,2273.68,18.336129032258064,17.0,40.8,9.36,1035,8.346774193548388,48,1,6,100,101,4.001209677419355,19.95,0.39,1,2010-12-16 09:22:00,2011-10-04 13:35:00,66,292,378.94666666666666,172.5,16.666666666666668,1.2222222222222223
13318,640.76,32.038,23.4,102.0,9.959999999999999,304,15.2,48,2,3,14,14,2.857,8.5,0.65,1,2011-11-02 13:26:00,2011-12-08 18:51:00,1,36,213.58666666666667,101.33333333333333,4.666666666666667,0.0
13319,10845.550000000001,22.784768907563027,17.700000000000003,153.0,8.5,4724,9.92436974789916,60,1,26,209,220,3.273970588235294,16.95,0.42,1,2010-12-09 10:04:00,2011-12-04 13:34:00,5,360,417.1365384615385,181.69230769230768,8.038461538461538,0.6666666666666666
13320,1548.7,14.610377358490567,15.45,25.0,6.64,1096,10.339622641509434,25,2,4,77,78,1.8131132075471699,4.95,0.29,1,2011-05-10 10:29:00,2011-09-22 18:07:00,78,135,387.175,274.0,19.25,0.6666666666666666
13321,567.36,51.57818181818182,24.96,232.0,17.700000000000003,372,33.81818181818182,160,6,2,10,10,2.1245454545454545,6.95,0.85,1,2011-09-14 15:18:00,2011-09-28 15:24:00,72,14,283.68,186.0,5.0,0.0
13322,199.48000000000002,7.9792000000000005,5.9,45.0,1.25,117,4.68,25,1,1,25,25,2.7704000000000004,6.75,0.55,1,2011-11-22 14:21:00,2011-11-22 14:21:00,17,0,199.48000000000002,117.0,25.0,0.0
13323,787.85,37.516666666666666,19.8,204.0,14.850000000000001,175,8.333333333333334,48,3,5,6,6,4.55,4.95,4.25,1,2011-09-16 13:23:00,2011-12-06 17:12:00,3,81,157.57,35.0,1.2,0.0
13324,7121.95,94.95933333333333,69.6,350.4,12.600000000000001,5205,69.4,240,6,10,25,25,2.7862666666666667,10.95,0.42,1,2010-12-14 09:50:00,2011-11-03 16:28:00,36,324,712.1949999999999,520.5,2.5,0.16666666666666666
13325,675.3,56.275,51.4,133.0,10.5,240,20.0,40,4,1,12,12,3.0283333333333338,6.65,0.42,1,2011-09-19 10:36:00,2011-09-19 10:36:00,82,0,675.3,240.0,12.0,0.0
13327,3627.77,33.59046296296296,25.200000000000003,99.60000000000001,6.6000000000000005,1600,14.814814814814815,40,2,8,74,76,2.772222222222222,12.75,0.42,1,2010-12-09 15:32:00,2011-11-01 10:21:00,39,326,453.47125,200.0,9.25,0.1111111111111111
13328,1308.48,76.96941176470588,79.19999999999999,266.40000000000003,10.08,680,40.0,144,12,1,17,17,1.8776470588235292,3.75,0.42,1,2011-01-27 15:22:00,2011-01-27 15:22:00,316,0,1308.48,680.0,17.0,0.0
13329,789.0,46.411764705882355,34.68,131.39999999999998,10.5,463,27.235294117647058,72,12,2,16,16,2.2535294117647062,10.95,0.42,1,2010-12-08 10:11:00,2011-11-08 10:29:00,32,335,394.5,231.5,8.0,0.5
13330,1140.93,21.526981132075473,19.799999999999997,79.2,6.8,751,14.169811320754716,72,1,3,37,38,2.020377358490566,10.95,0.19,1,2011-01-28 10:08:00,2011-09-08 12:27:00,93,223,380.31,250.33333333333334,12.333333333333334,0.0
13332,350.9,16.70952380952381,17.4,23.6,10.08,179,8.523809523809524,24,1,1,21,21,3.0352380952380953,12.5,0.42,1,2011-11-25 13:30:00,2011-11-25 13:30:00,14,0,350.9,179.0,21.0,0.0
13334,3536.82,13.197089552238806,11.25,81.6,0.65,1774,6.619402985074627,32,1,3,207,209,2.926119402985075,10.95,0.29,1,2011-02-07 11:42:00,2011-09-18 15:21:00,82,223,1178.94,591.3333333333334,69.0,0.0
13336,795.12,15.590588235294117,15.0,30.0,6.959999999999999,559,10.96078431372549,48,1,1,51,51,2.5023529411764707,12.5,0.29,1,2011-09-23 14:05:00,2011-09-23 14:05:00,77,0,795.12,559.0,51.0,0.0
13338,487.02,25.632631578947368,16.8,130.8,6.959999999999999,256,13.473684210526315,72,1,1,19,19,6.575263157894737,50.0,0.29,1,2011-07-05 09:06:00,2011-07-05 09:06:00,158,0,487.02,256.0,19.0,1.6666666666666667
13339,860.12,15.928148148148148,15.149999999999999,34.0,6.959999999999999,326,6.037037037037037,24,1,1,54,54,5.235555555555556,16.95,0.29,1,2011-05-23 08:31:00,2011-05-23 08:31:00,201,0,860.12,326.0,54.0,0.0
13340,10736.48,80.12298507462687,62.400000000000006,414.71999999999997,10.08,5770,43.059701492537314,576,4,7,128,128,2.760223880597015,14.95,0.34,1,2011-03-08 11:39:00,2011-10-25 13:15:00,45,231,1533.782857142857,824.2857142857143,18.285714285714285,0.0
13341,775.85,18.472619047619048,17.4,87.6,7.800000000000001,301,7.166666666666667,24,1,1,42,42,4.182142857142857,16.95,0.55,1,2011-03-24 09:50:00,2011-03-24 09:50:00,261,0,775.85,301.0,42.0,0.0
13343,353.43,18.60157894736842,17.0,50.0,8.5,135,7.105263157894737,24,1,1,19,19,6.25421052631579,50.0,0.42,1,2011-06-15 12:24:00,2011-06-15 12:24:00,178,0,353.43,135.0,19.0,1.5
13344,2543.72,21.37579831932773,17.4,290.0,6.64,971,8.159663865546218,24,1,3,115,115,5.008487394957983,145.0,0.39,1,2011-03-07 10:28:00,2011-10-03 09:45:00,68,209,847.9066666666666,323.6666666666667,38.333333333333336,0.0
13345,389.5,19.475,17.700000000000003,50.0,12.600000000000001,141,7.05,12,1,1,20,20,5.6450000000000005,50.0,1.25,1,2011-02-25 09:01:00,2011-02-25 09:01:00,288,0,389.5,141.0,20.0,1.0
13347,341.36,42.67,39.599999999999994,59.4,30.0,205,25.625,36,1,1,8,8,7.52,50.0,1.06,1,2011-09-30 13:28:00,2011-09-30 13:28:00,70,0,341.36,205.0,8.0,0.0
13348,233.76,16.697142857142858,15.0,29.700000000000003,9.959999999999999,136,9.714285714285714,12,4,1,14,14,2.2057142857142855,4.95,0.83,1,2011-10-06 17:28:00,2011-10-06 17:28:00,64,0,233.76,136.0,14.0,0.0
13349,247.32,15.4575,15.0,50.0,4.68,225,14.0625,24,1,1,16,16,4.02625,50.0,0.39,1,2011-11-29 08:07:00,2011-11-29 08:07:00,11,0,247.32,225.0,16.0,0.0
13350,979.12,24.478,19.799999999999997,61.199999999999996,5.8,287,7.175,24,1,2,36,36,8.31575,50.0,0.65,1,2011-09-21 13:33:00,2011-11-23 16:33:00,16,63,489.56,143.5,18.0,1.0
13351,373.94,23.37125,22.5,50.0,14.850000000000001,117,7.3125,24,1,1,16,16,6.498125,50.0,1.25,1,2011-10-04 12:55:00,2011-10-04 12:55:00,66,0,373.94,117.0,16.0,0.0
13352,397.97999999999996,16.5825,15.6,50.0,6.959999999999999,321,13.375,25,1,1,24,24,3.779583333333333,50.0,0.29,1,2011-10-10 13:55:00,2011-10-10 13:55:00,60,0,397.97999999999996,321.0,24.0,1.5
13354,743.53,14.579019607843136,15.0,39.599999999999994,5.04,604,11.843137254901961,36,2,1,51,51,1.8486274509803922,8.25,0.39,1,2011-09-29 13:17:00,2011-09-29 13:17:00,71,0,743.53,604.0,51.0,0.0
13355,674.7,21.084375,17.4,102.0,8.5,314,9.8125,48,2,1,32,32,2.7259375,8.5,0.85,1,2011-08-09 14:48:00,2011-08-09 14:48:00,122,0,674.7,314.0,32.0,0.0
13356,768.24,18.291428571428572,16.5,47.7,5.8,325,7.738095238095238,24,1,1,42,42,4.316190476190476,16.95,0.55,1,2011-09-20 14:33:00,2011-09-20 14:33:00,80,0,768.24,325.0,42.0,0.0
13357,609.95,6.777222222222223,5.824999999999999,40.8,0.55,322,3.577777777777778,48,1,1,85,85,2.9174444444444445,15.95,0.29,1,2011-03-27 13:56:00,2011-03-27 13:56:00,257,0,609.95,322.0,85.0,0.0
13358,439.03,15.138965517241378,15.0,50.0,2.88,285,9.827586206896552,48,1,1,29,29,5.006551724137931,50.0,0.12,1,2011-03-16 11:52:00,2011-03-16 11:52:00,269,0,439.03,285.0,29.0,0.0
13359,439.56,19.11130434782609,16.5,50.0,9.959999999999999,161,7.0,12,1,1,23,23,5.8,50.0,0.83,1,2011-10-07 09:30:00,2011-10-07 09:30:00,64,0,439.56,161.0,23.0,0.5
13362,3090.7400000000002,18.618915662650604,17.0,59.400000000000006,4.5600000000000005,1382,8.325301204819278,48,1,4,128,128,3.499277108433735,12.75,0.19,1,2011-02-25 11:33:00,2011-11-30 14:41:00,9,278,772.6850000000001,345.5,32.0,0.6
13363,992.5,16.541666666666668,15.149999999999999,50.0,2.88,710,11.833333333333334,48,1,2,47,47,3.8373333333333335,50.0,0.12,1,2011-10-27 10:46:00,2011-11-22 12:40:00,18,26,496.25,355.0,23.5,0.0
13364,134.95999999999998,13.495999999999999,13.3,24.96,7.5,71,7.1,12,1,1,10,10,2.598,7.5,1.25,1,2011-09-29 18:13:00,2011-09-29 18:13:00,71,0,134.95999999999998,71.0,10.0,5.0
13365,2225.37,17.385703125,16.5,76.5,5.04,1247,9.7421875,25,2,2,122,122,3.115703125,16.95,0.29,1,2011-05-06 12:00:00,2011-11-06 12:36:00,34,184,1112.685,623.5,61.0,1.3333333333333333
13366,56.160000000000004,56.160000000000004,56.160000000000004,56.160000000000004,56.160000000000004,144,144.0,144,144,1,1,1,0.39,0.39,0.39,1,2011-10-20 13:37:00,2011-10-20 13:37:00,50,0,56.160000000000004,144.0,1.0,0.0
13368,623.4,21.49655172413793,17.0,50.0,10.08,327,11.275862068965518,48,1,2,29,29,4.917586206896552,50.0,0.29,1,2011-01-06 12:32:00,2011-03-28 09:59:00,257,80,311.7,163.5,14.5,0.0
13369,308.28000000000003,22.020000000000003,15.0,50.0,10.08,149,10.642857142857142,32,1,1,14,14,6.5442857142857145,50.0,0.42,1,2010-12-09 11:30:00,2010-12-09 11:30:00,366,0,308.28000000000003,149.0,14.0,2.5
13370,754.87,19.355641025641027,17.700000000000003,39.8,10.2,343,8.794871794871796,48,2,1,39,39,3.7279487179487183,12.75,0.29,1,2010-12-03 10:26:00,2010-12-03 10:26:00,372,0,754.87,343.0,39.0,2.5
13372,378.64,16.46260869565217,15.299999999999999,50.0,6.959999999999999,159,6.913043478260869,24,1,1,23,23,6.020434782608696,50.0,0.29,1,2011-09-11 12:46:00,2011-09-11 12:46:00,90,0,378.64,159.0,23.0,0.0
13373,3312.25,20.963607594936708,17.4,123.75,2.88,1651,10.449367088607595,72,1,3,135,135,3.27006329113924,14.95,0.12,1,2011-03-08 14:35:00,2011-10-10 10:51:00,61,215,1104.0833333333333,550.3333333333334,45.0,0.0
13375,778.65,21.044594594594592,17.4,102.0,6.959999999999999,442,11.945945945945946,48,1,1,37,37,3.137567567567568,12.75,0.29,1,2011-09-12 10:19:00,2011-09-12 10:19:00,89,0,778.65,442.0,37.0,0.5
13376,1019.76,19.240754716981133,15.6,50.0,5.8,493,9.30188679245283,24,1,3,45,45,5.379811320754717,50.0,0.29,1,2011-04-19 13:03:00,2011-09-01 16:16:00,99,135,339.92,164.33333333333334,15.0,0.0
13379,572.56,5.902680412371134,3.9000000000000004,33.0,0.39,601,6.195876288659794,25,1,3,85,85,1.7503092783505154,9.95,0.19,1,2011-07-26 12:26:00,2011-11-13 13:45:00,26,110,190.85333333333332,200.33333333333334,28.333333333333332,0.0
13381,3639.31,21.15877906976744,17.4,102.0,7.800000000000001,2029,11.796511627906977,96,2,6,77,79,3.0504069767441857,8.5,0.29,1,2011-02-14 10:10:00,2011-11-08 11:58:00,32,267,606.5516666666666,338.1666666666667,12.833333333333334,0.14285714285714285
13382,222.99,14.866000000000001,15.0,19.8,9.95,131,8.733333333333333,12,1,1,15,15,2.7520000000000002,9.95,1.25,1,2011-03-04 10:03:00,2011-03-04 10:03:00,281,0,222.99,131.0,15.0,0.0
13384,4151.93,27.315328947368425,19.799999999999997,232.0,8.4,2422,15.93421052631579,192,1,7,123,126,3.173223684210526,16.95,0.42,1,2011-06-14 12:47:00,2011-11-09 11:04:00,31,147,593.1328571428572,346.0,17.571428571428573,0.3333333333333333
13385,534.57,15.273428571428573,14.95,49.9,5.04,281,8.028571428571428,25,1,1,35,35,4.533142857142857,24.95,0.42,1,2011-01-14 09:52:00,2011-01-14 09:52:00,330,0,534.57,281.0,35.0,0.0
13388,677.1,19.345714285714287,17.34,53.1,5.04,282,8.057142857142857,24,1,2,35,35,4.5608571428571425,49.95,0.42,1,2011-07-31 12:52:00,2011-07-31 12:52:00,131,0,338.55,141.0,17.5,0.3333333333333333
13389,797.96,15.646274509803922,15.0,30.0,5.04,429,8.411764705882353,24,1,3,50,50,3.844901960784314,15.0,0.42,1,2011-04-21 12:12:00,2011-11-28 14:01:00,11,221,265.9866666666667,143.0,16.666666666666668,0.0
13390,544.08,41.8523076923077,20.4,119.39999999999999,15.0,224,17.23076923076923,48,4,1,13,13,3.060769230769231,9.95,0.85,1,2011-09-26 08:38:00,2011-09-26 08:38:00,75,0,544.08,224.0,13.0,0.0
13391,59.8,59.8,59.8,59.8,59.8,4,4.0,4,4,1,1,1,14.95,14.95,14.95,1,2011-05-20 10:50:00,2011-05-20 10:50:00,204,0,59.8,4.0,1.0,0.0
13394,2520.02,16.258193548387098,14.040000000000001,75.60000000000001,1.9,2392,15.432258064516128,96,1,8,124,124,1.6380000000000001,10.75,0.06,1,2011-02-03 10:39:00,2011-12-08 11:36:00,2,308,315.0025,299.0,15.5,0.9
13395,307.72,14.653333333333334,11.7,31.9,1.92,336,16.0,108,2,1,21,21,2.7238095238095235,15.95,0.08,1,2011-06-07 15:04:00,2011-06-07 15:04:00,185,0,307.72,336.0,21.0,0.0
13396,1360.99,31.65093023255814,24.96,118.80000000000001,8.5,600,13.953488372093023,48,1,2,42,42,3.8948837209302325,25.0,0.42,1,2011-01-24 13:37:00,2011-11-10 16:59:00,29,290,680.495,300.0,21.0,1.0
13397,1544.13,40.635000000000005,30.0,162.72,8.5,430,11.31578947368421,48,4,5,28,28,4.0,15.95,0.85,1,2011-01-04 13:50:00,2011-09-28 10:56:00,73,266,308.826,86.0,5.6,0.16666666666666666
13398,457.34,17.59,17.0,35.7,9.95,281,10.807692307692308,48,1,1,26,26,3.4296153846153845,9.95,0.29,1,2011-05-31 13:17:00,2011-05-31 13:17:00,192,0,457.34,281.0,26.0,0.0
13402,621.23,15.92897435897436,13.200000000000001,53.1,2.2800000000000002,479,12.282051282051283,24,2,2,32,32,1.97974358974359,8.5,0.19,1,2010-12-02 17:12:00,2011-08-04 15:51:00,127,244,310.615,239.5,16.0,0.0
13403,75.0,25.0,15.0,45.0,15.0,44,14.666666666666666,36,4,1,3,3,2.9166666666666665,3.75,1.25,1,2011-11-22 08:28:00,2011-11-22 08:28:00,18,0,75.0,44.0,3.0,0.0
13404,252.49,22.953636363636363,17.34,63.74999999999999,9.959999999999999,111,10.090909090909092,25,4,2,11,11,2.900909090909091,6.65,0.83,1,2011-05-11 11:57:00,2011-12-08 15:37:00,1,211,126.245,55.5,5.5,0.0
13405,572.451,21.201888888888888,19.9,39.8,0.001,165,6.111111111111111,12,1,3,25,25,5.427814814814814,15.0,0.001,1,2011-01-26 09:27:00,2011-09-26 17:01:00,74,243,190.817,55.0,8.333333333333334,0.0
13408,28117.04,58.82225941422595,45.0,306.0,0.39,16232,33.9581589958159,192,1,62,234,242,2.439100418410042,34.95,0.29,1,2010-12-01 10:39:00,2011-12-08 09:05:00,2,371,453.5006451612903,261.80645161290323,3.774193548387097,0.2839506172839506
13410,1003.06,35.82357142857143,26.55,70.2,5.04,518,18.5,36,4,5,15,15,2.440714285714286,5.75,0.42,1,2011-02-21 14:38:00,2011-11-15 15:33:00,24,267,200.612,103.6,3.0,0.2857142857142857
13411,213.55,11.863888888888889,8.274999999999999,34.65,2.1,72,4.0,7,1,1,17,17,3.263888888888889,9.95,1.25,1,2011-08-24 13:57:00,2011-08-24 13:57:00,107,0,213.55,72.0,17.0,0.0
13414,1390.5,57.9375,30.0,432.0,10.08,1574,65.58333333333333,600,3,3,23,23,1.8404166666666668,5.95,0.42,1,2011-02-16 12:13:00,2011-07-29 11:45:00,134,162,463.5,524.6666666666666,7.666666666666667,0.0
13416,712.5,37.5,34.0,79.2,17.0,142,7.473684210526316,16,4,2,11,11,5.455263157894737,8.5,4.25,1,2011-09-19 14:43:00,2011-10-27 08:56:00,44,37,356.25,71.0,5.5,0.0
13417,640.83,22.886785714285715,20.0,37.5,12.48,162,5.785714285714286,16,1,2,26,26,6.356428571428571,14.95,1.25,1,2011-05-18 16:26:00,2011-12-05 08:49:00,5,200,320.415,81.0,13.0,0.0
13418,6127.43,20.156019736842108,15.0,250.0,2.4899999999999998,3918,12.888157894736842,80,1,18,223,225,2.9381578947368423,125.0,0.06,1,2010-12-02 10:45:00,2011-11-28 10:23:00,12,360,340.4127777777778,217.66666666666666,12.38888888888889,0.43478260869565216
13419,221.06,13.81625,10.5,25.200000000000003,5.04,275,17.1875,25,10,1,16,16,1.011875,2.1,0.39,1,2011-10-07 12:49:00,2011-10-07 12:49:00,64,0,221.06,275.0,16.0,0.0
13420,159.85,19.98125,17.1,38.25,10.5,101,12.625,25,3,2,8,8,3.5425,12.75,0.42,1,2011-06-22 11:35:00,2011-07-13 08:48:00,150,20,79.925,50.5,4.0,0.5
13421,1851.08,17.798846153846153,15.0,81.6,0.42,1181,11.35576923076923,96,1,2,88,88,2.088461538461538,12.75,0.19,1,2011-02-22 15:46:00,2011-10-30 14:21:00,40,249,925.54,590.5,44.0,0.3333333333333333
13422,2626.3,20.67952755905512,17.85,75.0,8.2,1326,10.440944881889763,36,2,1,127,127,3.0306299212598424,15.95,0.39,1,2011-10-06 13:42:00,2011-10-06 13:42:00,64,0,2626.3,1326.0,127.0,0.5
13425,1624.21,20.823205128205128,16.5,88.80000000000001,6.64,1123,14.397435897435898,96,1,3,66,68,2.634102564102564,15.0,0.42,1,2011-02-18 08:34:00,2011-08-23 17:13:00,108,186,541.4033333333333,374.3333333333333,22.0,0.0
13426,3641.32,23.193121019108283,12.75,149.4,5.04,2245,14.299363057324841,50,2,10,103,103,1.8858598726114648,10.4,0.42,1,2010-12-15 12:43:00,2011-12-09 08:59:00,1,358,364.132,224.5,10.3,0.16666666666666666
13427,582.6,20.089655172413792,15.299999999999999,79.2,6.959999999999999,545,18.79310344827586,48,2,3,25,25,1.6500000000000001,9.95,0.29,1,2011-05-08 15:58:00,2011-11-20 13:02:00,19,195,194.20000000000002,181.66666666666666,8.333333333333334,0.0
13428,218.47,2.952297297297297,2.495,8.5,0.38,156,2.108108108108108,12,1,1,70,70,1.9724324324324325,8.5,0.19,1,2011-11-29 14:20:00,2011-11-29 14:20:00,10,0,218.47,156.0,70.0,0.0
13429,1006.8,15.02686567164179,14.040000000000001,51.0,4.5600000000000005,1390,20.746268656716417,72,1,4,55,55,1.2207462686567165,12.75,0.19,1,2011-09-25 15:59:00,2011-11-29 09:10:00,11,64,251.7,347.5,13.75,0.0
13430,679.45,13.866326530612247,12.600000000000001,51.0,2.2800000000000002,751,15.326530612244898,80,2,2,48,48,1.6575510204081632,12.75,0.06,1,2011-09-14 14:26:00,2011-11-21 08:19:00,19,67,339.725,375.5,24.0,1.25
13431,1269.1,27.589130434782607,19.85,183.6,6.64,672,14.608695652173912,96,2,2,44,44,3.2167391304347825,12.75,0.39,1,2011-09-12 11:25:00,2011-10-03 13:49:00,67,21,634.55,336.0,22.0,0.0
13434,534.24,53.424,25.200000000000003,177.60000000000002,6.6000000000000005,300,30.0,96,12,2,9,9,1.652,2.55,0.55,1,2011-09-04 10:35:00,2011-09-26 14:30:00,74,22,267.12,150.0,4.5,0.0
13435,3809.8900000000003,37.72168316831684,20.4,180.0,1.25,2129,21.07920792079208,144,1,7,68,69,2.935247524752475,12.75,0.12,1,2011-06-03 17:07:00,2011-12-04 14:45:00,5,183,544.2700000000001,304.14285714285717,9.714285714285714,0.2222222222222222
13436,196.89,16.4075,16.375,25.5,10.2,76,6.333333333333333,25,1,1,12,12,5.829999999999999,16.95,0.42,1,2011-12-08 10:33:00,2011-12-08 10:33:00,2,0,196.89,76.0,12.0,0.0
13437,3408.06,20.40754491017964,17.34,102.0,6.72,1283,7.682634730538922,40,1,7,143,143,4.8889820359281435,39.95,0.42,1,2011-06-02 14:30:00,2011-11-25 14:00:00,14,175,486.86571428571426,183.28571428571428,20.428571428571427,0.0
13439,283.71,5.253888888888889,4.05,20.4,0.42,242,4.481481481481482,36,1,1,54,54,1.7253703703703704,6.35,0.21,1,2011-03-29 14:20:00,2011-03-29 14:20:00,255,0,283.71,242.0,54.0,0.0
13441,296.64,22.818461538461538,16.6,81.12,9.959999999999999,204,15.692307692307692,48,4,1,13,13,1.926153846153846,4.15,0.42,1,2011-09-09 09:38:00,2011-09-09 09:38:00,92,0,296.64,204.0,13.0,0.0
13447,1129.14,19.137966101694918,16.5,53.550000000000004,4.68,584,9.898305084745763,25,1,3,55,55,3.139830508474576,16.65,0.29,1,2011-11-04 10:10:00,2011-11-16 13:38:00,23,12,376.38000000000005,194.66666666666666,18.333333333333332,0.75
13448,3539.37,18.150615384615385,15.299999999999999,60.0,0.85,1660,8.512820512820513,48,1,6,137,138,3.182205128205128,16.95,0.14,1,2010-12-01 10:52:00,2011-11-23 12:33:00,17,357,589.895,276.6666666666667,22.833333333333332,0.4
13449,291.88,15.362105263157895,16.599999999999998,34.0,5.04,222,11.68421052631579,24,3,1,19,19,1.924736842105263,6.95,0.42,1,2011-11-16 08:28:00,2011-11-16 08:28:00,24,0,291.88,222.0,19.0,0.0
13450,2043.7199999999998,28.784788732394365,20.4,103.67999999999999,10.08,1982,27.91549295774648,144,4,6,32,32,1.5401408450704224,3.75,0.36,1,2011-05-05 19:48:00,2011-11-13 11:54:00,27,191,340.61999999999995,330.3333333333333,5.333333333333333,0.0
13451,2976.15,6.718171557562077,5.1,39.8,0.36,2149,4.851015801354402,31,1,5,315,318,2.1018284424379234,10.95,0.18,1,2011-01-09 15:35:00,2011-11-13 15:58:00,26,308,595.23,429.8,63.0,0.16666666666666666
13452,590.0,295.0,295.0,295.0,295.0,2,1.0,1,1,2,1,1,295.0,295.0,295.0,1,2011-03-14 11:38:00,2011-03-25 14:19:00,259,11,295.0,1.0,0.5,0.0
13453,356.97999999999996,20.998823529411762,19.799999999999997,39.8,11.9,134,7.882352941176471,24,2,2,16,16,4.546470588235294,9.95,1.25,1,2011-02-23 09:44:00,2011-06-27 09:34:00,166,123,178.48999999999998,67.0,8.0,0.0
13455,1058.34,23.007391304347824,17.89,63.75,7.800000000000001,354,7.695652173913044,24,2,2,42,43,4.624347826086956,12.75,0.65,1,2010-12-08 13:11:00,2011-11-15 11:21:00,25,341,529.17,177.0,21.0,1.75
13456,1766.72,28.043174603174602,17.4,207.50000000000003,5.04,765,12.142857142857142,50,1,6,43,43,3.458730158730159,16.95,0.42,1,2011-05-16 15:34:00,2011-11-22 09:18:00,18,189,294.4533333333333,127.5,7.166666666666667,0.2857142857142857
13458,9646.57,25.252801047120418,19.799999999999997,122.39999999999999,4.5600000000000005,5508,14.418848167539267,60,1,14,242,246,2.4352356020942407,12.75,0.19,1,2010-12-15 12:05:00,2011-12-02 15:29:00,7,352,689.0407142857142,393.42857142857144,17.285714285714285,0.5454545454545454
13460,183.44,10.790588235294118,10.5,17.0,4.68,286,16.823529411764707,25,4,2,16,16,1.06,4.25,0.39,1,2011-10-21 09:50:00,2011-11-10 17:17:00,29,20,91.72,143.0,8.0,0.0
13461,1445.0,53.51851851851852,42.5,163.79999999999998,19.799999999999997,1170,43.333333333333336,100,10,3,14,15,1.5685185185185186,2.08,0.72,1,2011-06-29 10:23:00,2011-11-01 09:01:00,39,124,481.6666666666667,390.0,4.666666666666667,0.0
13462,151.5,16.833333333333332,17.700000000000003,19.8,10.2,62,6.888888888888889,12,2,1,9,9,3.388888888888889,8.25,0.85,1,2011-04-01 11:20:00,2011-04-01 11:20:00,253,0,151.5,62.0,9.0,0.5
13464,674.68,16.45560975609756,15.0,30.0,6.959999999999999,403,9.829268292682928,25,1,1,41,41,3.205609756097561,16.95,0.29,1,2011-10-12 15:01:00,2011-10-12 15:01:00,58,0,674.68,403.0,41.0,0.0
13466,307.9,18.11176470588235,15.299999999999999,35.400000000000006,10.2,259,15.235294117647058,50,2,1,17,17,2.841764705882353,12.75,0.29,1,2011-06-08 16:39:00,2011-06-08 16:39:00,184,0,307.9,259.0,17.0,0.5
13467,1083.71,10.946565656565657,8.95,39.8,0.78,584,5.898989898989899,26,1,2,89,89,2.731818181818182,14.95,0.29,1,2011-11-03 16:56:00,2011-11-29 10:01:00,11,25,541.855,292.0,44.5,0.0
13468,5704.97,18.89062913907285,16.5,163.2,3.1,2589,8.572847682119205,64,1,37,184,186,4.103245033112583,16.95,0.29,1,2010-12-01 15:08:00,2011-12-08 10:39:00,2,371,154.1883783783784,69.97297297297297,4.972972972972973,0.0975609756097561
13470,165.0,16.5,16.5,16.5,16.5,100,10.0,10,10,2,7,7,1.65,1.65,1.65,1,2011-08-16 17:06:00,2011-09-01 14:57:00,99,15,82.5,50.0,3.5,0.0
13471,2531.58,9.736846153846153,7.8500000000000005,45.0,0.39,1590,6.115384615384615,48,1,4,214,214,2.5075384615384615,16.95,0.39,1,2011-10-23 13:10:00,2011-12-08 15:44:00,1,46,632.895,397.5,53.5,0.0
13473,422.64,20.125714285714285,17.85,45.0,5.04,266,12.666666666666666,48,2,2,21,21,3.728095238095238,14.95,0.21,1,2011-01-11 08:45:00,2011-10-10 11:20:00,61,272,211.32,133.0,10.5,0.3333333333333333
13474,229.59,3.58734375,2.55,12.75,0.42,132,2.0625,7,1,1,59,57,2.32265625,12.75,0.42,1,2011-04-17 13:53:00,2011-04-17 13:53:00,236,0,229.59,132.0,59.0,0.0
13475,1431.78,16.648604651162792,15.0,76.32000000000001,6.959999999999999,1012,11.767441860465116,72,1,4,64,64,2.8886046511627907,24.95,0.29,1,2011-02-14 12:36:00,2011-06-01 13:52:00,191,107,357.945,253.0,16.0,0.0
13476,1238.47,21.352931034482758,17.0,125.0,11.6,417,7.189655172413793,48,1,2,56,56,8.79551724137931,125.0,0.55,1,2011-03-03 14:43:00,2011-06-14 12:00:00,179,102,619.235,208.5,28.0,0.75
13477,1454.58,18.41240506329114,17.4,76.5,5.04,1021,12.924050632911392,48,2,6,57,57,2.530886075949367,12.75,0.19,1,2011-02-21 12:29:00,2011-11-02 12:04:00,38,253,242.42999999999998,170.16666666666666,9.5,0.25
13479,300.95,20.063333333333333,19.8,39.599999999999994,9.95,134,8.933333333333334,24,1,2,14,14,4.6466666666666665,9.95,0.85,1,2011-04-19 11:27:00,2011-05-23 10:45:00,201,33,150.475,67.0,7.0,0.3333333333333333
13481,1804.56,16.55559633027523,15.9,41.6,5.04,1142,10.477064220183486,48,2,5,98,99,2.2855963302752293,9.95,0.29,1,2011-03-28 09:07:00,2011-10-25 09:07:00,46,211,360.912,228.4,19.6,0.375
13482,184.64,16.785454545454545,17.700000000000003,20.28,6.959999999999999,116,10.545454545454545,24,3,1,11,11,2.439090909090909,5.95,0.29,1,2011-04-21 17:03:00,2011-04-21 17:03:00,232,0,184.64,116.0,11.0,0.0
13483,140.34,14.034,10.2,30.0,10.08,160,16.0,24,6,1,10,10,1.0559999999999998,2.1,0.42,1,2011-10-05 11:53:00,2011-10-05 11:53:00,66,0,140.34,160.0,10.0,0.0
13484,313.8,39.225,31.8,67.5,15.9,44,5.5,10,2,1,8,8,7.5,7.95,6.75,1,2011-04-12 16:30:00,2011-04-12 16:30:00,241,0,313.8,44.0,8.0,0.0
13485,454.24,19.749565217391304,15.0,70.80000000000001,10.2,277,12.043478260869565,36,2,1,23,23,2.425217391304348,9.95,0.55,1,2011-04-20 13:58:00,2011-04-20 13:58:00,233,0,454.24,277.0,23.0,0.0
13486,1122.41,16.2668115942029,15.299999999999999,39.599999999999994,4.5600000000000005,669,9.695652173913043,36,1,3,69,69,2.9099999999999997,12.75,0.19,1,2011-07-07 17:19:00,2011-09-22 13:13:00,78,76,374.1366666666667,223.0,23.0,0.0
13487,575.4,16.923529411764704,16.5,35.400000000000006,10.2,265,7.794117647058823,25,2,3,26,26,4.451176470588235,9.95,0.42,1,2010-12-21 14:54:00,2011-10-13 12:07:00,58,295,191.79999999999998,88.33333333333333,8.666666666666666,0.0
13488,8968.31,21.25191943127962,16.6,238.79999999999998,5.04,4518,10.706161137440759,96,1,13,271,276,3.4669194312796208,49.95,0.29,1,2010-12-07 13:01:00,2011-11-22 14:41:00,17,350,689.87,347.53846153846155,20.846153846153847,0.29411764705882354
13489,449.52,32.10857142857143,15.0,158.4,7.800000000000001,560,40.0,288,4,4,11,11,1.417142857142857,3.75,0.55,1,2011-02-18 10:42:00,2011-08-26 13:16:00,105,189,112.38,140.0,2.75,0.0
13491,1215.82,14.137441860465115,15.0,30.599999999999998,2.2800000000000002,903,10.5,48,1,10,73,73,3.372093023255814,16.95,0.19,1,2010-12-02 14:30:00,2011-10-19 08:32:00,52,320,121.582,90.3,7.3,0.0
13492,1269.84,25.3968,17.700000000000003,67.5,6.64,408,8.16,24,2,3,38,38,4.5016,7.95,0.55,1,2011-05-09 10:06:00,2011-07-26 14:25:00,136,78,423.28,136.0,12.666666666666666,0.0
13493,618.63,77.32875,89.5,156.6,14.850000000000001,380,47.5,144,1,2,6,6,12.89625,40.0,0.72,1,2011-02-25 16:42:00,2011-03-09 15:35:00,275,11,309.315,190.0,3.0,0.0
13494,316.26000000000005,17.570000000000004,17.775000000000002,35.400000000000006,8.5,162,9.0,48,2,1,18,18,3.665,5.95,0.42,1,2011-02-01 11:58:00,2011-02-01 11:58:00,312,0,316.26000000000005,162.0,18.0,0.0
13495,2044.8700000000001,42.60145833333333,30.0,135.0,10.08,829,17.270833333333332,36,4,5,34,35,2.5783333333333336,5.95,0.42,1,2010-12-06 15:14:00,2011-12-02 11:21:00,8,360,408.97400000000005,165.8,6.8,0.6666666666666666
13496,653.33,18.66657142857143,15.0,70.80000000000001,5.04,341,9.742857142857142,24,1,2,28,29,3.108285714285714,12.75,0.42,1,2010-12-15 10:17:00,2011-11-29 10:58:00,11,349,326.665,170.5,14.0,0.3333333333333333
13497,348.05,18.318421052631578,17.700000000000003,35.400000000000006,9.899999999999999,163,8.578947368421053,24,3,2,19,19,2.973684210526316,6.95,0.85,1,2010-12-06 11:37:00,2011-03-02 09:04:00,283,85,174.025,81.5,9.5,0.3333333333333333
13499,1159.11,27.59785714285714,19.849999999999998,102.0,6.959999999999999,1365,32.5,192,2,5,31,31,2.131666666666667,9.95,0.19,1,2011-03-15 08:52:00,2011-11-22 11:21:00,18,252,231.82199999999997,273.0,6.2,0.42857142857142855
13500,1166.77,17.950307692307693,16.5,39.599999999999994,10.08,609,9.36923076923077,48,1,3,60,60,3.627076923076923,12.75,0.29,1,2011-08-09 12:20:00,2011-11-16 15:35:00,23,99,388.92333333333335,203.0,20.0,0.5
13501,1340.32,25.775384615384613,17.4,102.0,6.72,560,10.76923076923077,36,2,1,52,52,3.7321153846153843,9.95,0.42,1,2011-02-24 18:59:00,2011-02-24 18:59:00,288,0,1340.32,560.0,52.0,0.5
13502,292.0,16.22222222222222,15.0,59.400000000000006,4.2,264,14.666666666666666,24,2,3,17,17,1.7977777777777777,9.95,0.29,1,2011-01-20 09:03:00,2011-11-23 10:39:00,17,307,97.33333333333333,88.0,5.666666666666667,0.0
13503,216.85,12.755882352941176,10.5,23.9,8.2,248,14.588235294117647,25,2,1,17,17,2.1811764705882353,11.95,0.42,1,2011-09-29 13:23:00,2011-09-29 13:23:00,71,0,216.85,248.0,17.0,0.0
13504,295.93,13.451363636363636,14.175,22.5,4.68,178,8.090909090909092,25,1,1,22,22,3.7018181818181817,12.75,0.39,1,2011-10-06 13:20:00,2011-10-06 13:20:00,64,0,295.93,178.0,22.0,0.0
13505,4393.63,20.435488372093022,16.8,320.0,4.68,2486,11.56279069767442,60,2,4,182,182,3.2970232558139534,40.0,0.21,1,2011-04-21 12:07:00,2011-09-28 11:56:00,73,159,1098.4075,621.5,45.5,1.5
13506,458.52,17.635384615384616,15.75,30.0,9.95,324,12.461538461538462,48,1,2,26,26,2.8611538461538464,9.95,0.29,1,2010-12-05 12:15:00,2011-01-27 13:53:00,316,53,229.26,162.0,13.0,1.0
13507,2479.16,15.303456790123455,15.0,39.599999999999994,4.5600000000000005,1597,9.858024691358025,48,1,4,146,147,3.3541975308641976,14.95,0.19,1,2011-07-17 11:50:00,2011-12-06 13:13:00,3,142,619.79,399.25,36.5,0.0
13508,110.97,9.2475,6.07,17.85,2.5,24,2.0,4,1,1,12,12,5.1925,12.75,1.25,1,2011-04-10 11:58:00,2011-04-10 11:58:00,244,0,110.97,24.0,12.0,0.0
13509,979.72,22.266363636363636,20.0,127.2,7.56,1106,25.136363636363637,120,1,7,27,28,1.3643181818181818,15.0,0.21,1,2011-02-28 13:27:00,2011-12-01 10:10:00,9,275,139.96,158.0,3.857142857142857,0.0
13510,1791.56,15.578782608695652,15.6,40.8,5.04,1386,12.052173913043479,48,1,4,86,87,2.385913043478261,12.5,0.29,1,2011-06-09 09:32:00,2011-12-08 13:46:00,1,182,447.89,346.5,21.5,0.4
13512,251.21,16.747333333333334,15.600000000000001,30.0,9.95,143,9.533333333333333,24,1,1,15,15,4.1353333333333335,12.75,0.65,1,2011-03-24 10:03:00,2011-03-24 10:03:00,261,0,251.21,143.0,15.0,0.0
13513,205.1,20.509999999999998,17.85,60.0,9.899999999999999,109,10.9,48,1,1,10,10,3.685,12.5,1.25,1,2011-08-05 11:50:00,2011-08-05 11:50:00,127,0,205.1,109.0,10.0,0.0
13514,152.20000000000002,38.050000000000004,37.650000000000006,41.5,35.400000000000006,40,10.0,12,6,1,4,4,4.175000000000001,6.65,2.95,1,2011-09-27 09:39:00,2011-09-27 09:39:00,74,0,152.20000000000002,40.0,4.0,0.0
13515,891.12,15.103728813559322,15.0,35.400000000000006,6.959999999999999,681,11.542372881355933,25,2,4,50,50,2.1654237288135594,12.75,0.29,1,2011-04-06 10:33:00,2011-09-28 11:26:00,73,175,222.78,170.25,12.5,0.0
13516,1389.41,31.5775,16.15,180.0,9.959999999999999,985,22.386363636363637,144,1,3,43,43,2.9477272727272723,15.0,0.55,1,2011-04-15 11:06:00,2011-11-18 13:15:00,21,217,463.1366666666667,328.3333333333333,14.333333333333334,0.0
13517,2128.42,15.09517730496454,15.0,35.400000000000006,2.34,1369,9.709219858156029,48,1,3,125,125,2.921631205673759,12.75,0.29,1,2011-06-13 08:44:00,2011-10-11 11:43:00,60,120,709.4733333333334,456.3333333333333,41.666666666666664,0.4
13518,659.4399999999999,17.353684210526314,16.8,35.400000000000006,8.5,392,10.31578947368421,48,2,1,36,36,2.7518421052631576,11.95,0.29,1,2011-09-15 10:29:00,2011-09-15 10:29:00,86,0,659.4399999999999,392.0,36.0,0.0
13519,122.75,15.34375,13.725000000000001,23.9,11.9,23,2.875,6,2,1,8,8,6.34375,11.95,2.1,1,2011-09-22 18:24:00,2011-09-22 18:24:00,78,0,122.75,23.0,8.0,0.5
13520,3624.35,38.97150537634408,22.5,200.0,5.04,1649,17.731182795698924,96,1,6,49,51,4.549462365591398,40.0,0.42,1,2010-12-03 10:36:00,2011-10-12 10:20:00,59,312,604.0583333333333,274.8333333333333,8.166666666666666,0.25
13521,1093.65,2.508371559633028,1.69,17.0,0.19,736,1.688073394495413,10,1,3,313,313,1.8141743119266056,14.95,0.12,1,2011-11-29 15:09:00,2011-12-08 13:50:00,1,8,364.55,245.33333333333334,104.33333333333333,0.0
13522,125.80000000000001,25.160000000000004,23.4,35.7,15.0,44,8.8,12,6,1,5,5,3.2700000000000005,5.95,1.25,1,2011-11-09 15:11:00,2011-11-09 15:11:00,30,0,125.80000000000001,44.0,5.0,0.0
13523,3964.88,23.051627906976744,17.0,165.0,6.64,1752,10.186046511627907,72,1,5,157,158,6.2013372093023245,165.0,0.29,1,2010-12-08 14:22:00,2011-11-06 15:11:00,33,333,792.976,350.4,31.4,0.8333333333333334
13524,680.1800000000001,25.191851851851855,28.44,40.8,5.9,324,12.0,48,1,5,17,17,3.4651851851851854,15.0,0.79,1,2011-05-04 12:26:00,2011-10-30 12:34:00,41,179,136.036,64.8,3.4,0.0
13525,628.78,104.79666666666667,47.94,232.0,23.9,394,65.66666666666667,160,2,2,5,5,3.901666666666667,11.95,1.06,1,2011-04-05 15:36:00,2011-11-25 12:01:00,15,233,314.39,197.0,2.5,0.0
13527,2287.51,10.257892376681616,8.4,35.8,1.26,1692,7.5874439461883405,48,1,7,153,154,2.858340807174888,12.75,0.12,1,2011-01-17 11:17:00,2011-11-06 12:04:00,34,293,326.7871428571429,241.71428571428572,21.857142857142858,0.125
13529,307.76,20.517333333333333,16.6,50.849999999999994,9.959999999999999,74,4.933333333333334,12,3,2,15,15,5.598666666666667,16.95,0.83,1,2011-05-19 11:50:00,2011-09-22 09:15:00,79,125,153.88,37.0,7.5,0.0
13531,483.8,21.990909090909092,19.5,41.6,10.5,174,7.909090909090909,20,2,2,17,17,4.539545454545455,12.75,1.25,1,2010-12-08 15:03:00,2011-05-18 16:56:00,205,161,241.9,87.0,8.5,0.0
13532,210.31,3.1865151515151515,2.1,30.0,0.85,129,1.9545454545454546,25,1,1,66,66,2.223181818181818,6.75,0.42,1,2011-11-06 12:25:00,2011-11-06 12:25:00,34,0,210.31,129.0,66.0,0.0
13533,270.79,3.563026315789474,3.1399999999999997,13.049999999999999,0.65,204,2.6842105263157894,9,1,3,61,61,1.9332894736842106,7.95,0.39,1,2011-03-17 12:47:00,2011-06-10 11:54:00,183,84,90.26333333333334,68.0,20.333333333333332,0.0
13534,5870.08,19.83135135135135,19.5,41.6,1.95,2961,10.003378378378379,25,1,25,119,122,2.811013513513514,10.4,0.42,1,2010-12-16 15:23:00,2011-12-07 14:52:00,2,355,234.8032,118.44,4.76,1.069767441860465
13536,3448.29,19.264189944134078,16.5,89.10000000000001,0.42,2136,11.932960893854748,96,1,7,91,91,3.2182681564245814,12.5,0.29,1,2011-09-25 13:30:00,2011-12-08 16:38:00,1,74,492.61285714285714,305.14285714285717,13.0,0.0
13538,1280.85,51.233999999999995,49.5,70.8,17.85,175,7.0,10,3,7,10,10,7.4764,8.25,5.95,1,2011-01-28 10:40:00,2011-10-27 16:34:00,43,272,182.97857142857143,25.0,1.4285714285714286,0.0
13539,631.34,17.063243243243242,15.9,33.9,10.08,320,8.64864864864865,48,2,3,35,36,4.195135135135135,16.95,0.29,1,2011-02-03 15:23:00,2011-09-15 10:18:00,86,223,210.4466666666667,106.66666666666667,11.666666666666666,0.25
13544,291.41,3.349540229885058,2.5,13.52,0.29,127,1.4597701149425288,8,1,2,76,76,2.943448275862069,12.75,0.29,1,2011-04-13 12:09:00,2011-10-31 11:57:00,40,200,145.705,63.5,38.0,0.0
13546,626.99,6.397857142857143,5.0,38.25,0.29,359,3.663265306122449,24,1,3,72,73,2.204285714285714,12.75,0.12,1,2011-05-23 12:14:00,2011-11-27 14:50:00,12,188,208.99666666666667,119.66666666666667,24.0,0.0
13548,682.41,5.503306451612903,3.3099999999999996,54.18,0.42,441,3.556451612903226,86,1,2,114,114,2.8149193548387097,12.75,0.12,1,2011-04-10 11:35:00,2011-09-04 14:50:00,96,147,341.205,220.5,57.0,0.0
13549,918.2,18.00392156862745,17.700000000000003,45.0,6.8,458,8.980392156862745,32,1,7,37,37,3.5321568627450985,12.75,0.55,1,2011-04-11 13:42:00,2011-11-14 09:20:00,26,216,131.17142857142858,65.42857142857143,5.285714285714286,0.125
13551,91.80000000000001,22.950000000000003,17.85,38.25,17.85,12,3.0,3,3,1,4,4,7.65,12.75,5.95,1,2011-01-24 14:46:00,2011-01-24 14:46:00,319,0,91.80000000000001,12.0,4.0,0.0
13552,3740.07,34.31256880733945,29.700000000000003,119.52000000000001,6.64,1417,13.0,48,2,12,82,83,3.9112844036697245,12.75,0.42,1,2011-01-28 10:10:00,2011-10-04 15:19:00,66,249,311.6725,118.08333333333333,6.833333333333333,0.75
13555,4149.28,30.50941176470588,24.35,122.39999999999999,0.85,2660,19.558823529411764,100,1,4,128,128,2.388235294117647,12.75,0.29,1,2011-05-22 11:06:00,2011-09-27 12:36:00,74,128,1037.32,665.0,32.0,0.0
13557,584.06,17.178235294117645,15.0,60.0,9.959999999999999,546,16.058823529411764,48,4,2,31,32,1.4773529411764705,4.95,0.42,1,2011-03-04 12:14:00,2011-11-11 15:24:00,28,252,292.03,273.0,15.5,0.0
13558,605.06,3.457485714285714,2.55,16.6,0.38,344,1.9657142857142857,24,1,4,123,123,2.2094857142857145,12.75,0.19,1,2011-10-02 13:01:00,2011-12-04 11:24:00,6,62,151.265,86.0,30.75,0.0
13560,174.37,5.283939393939394,5.9,14.75,0.79,64,1.9393939393939394,5,1,1,32,32,2.9854545454545454,5.95,0.79,1,2011-12-02 13:11:00,2011-12-02 13:11:00,7,0,174.37,64.0,32.0,0.0
13561,141.85999999999999,10.132857142857143,4.015,81.6,1.65,83,5.928571428571429,32,1,1,14,14,3.5464285714285713,12.75,0.29,1,2011-05-08 12:39:00,2011-05-08 12:39:00,216,0,141.85999999999999,83.0,14.0,0.0
13562,1799.33,21.943048780487803,20.8,53.550000000000004,6.959999999999999,757,9.231707317073171,48,2,3,50,51,3.83719512195122,8.25,0.29,1,2011-04-08 12:42:00,2011-09-19 10:51:00,82,163,599.7766666666666,252.33333333333334,16.666666666666668,0.0
13563,777.53,15.867959183673468,4.95,165.0,0.39,209,4.26530612244898,32,1,2,49,49,8.512857142857143,165.0,0.19,1,2011-07-22 17:21:00,2011-09-16 14:45:00,84,55,388.765,104.5,24.5,0.0
13564,1749.02,21.07253012048193,11.25,550.64,2.94,661,7.963855421686747,72,1,3,68,66,10.248795180722892,550.64,0.36,1,2010-12-06 17:26:00,2011-07-18 14:33:00,144,223,583.0066666666667,220.33333333333334,22.666666666666668,0.4
13565,240.22,6.321578947368421,5.0,30.0,0.85,172,4.526315789473684,24,1,2,35,35,1.7186842105263158,5.95,0.29,1,2011-01-09 14:28:00,2011-11-20 14:33:00,19,315,120.11,86.0,17.5,0.0
13566,874.71,4.969943181818182,3.825,47.6,0.38,575,3.2670454545454546,20,1,2,134,134,1.8909090909090909,9.95,0.21,1,2011-09-18 12:40:00,2011-10-30 11:59:00,41,41,437.355,287.5,67.0,0.0
13568,192.85,4.382954545454545,3.75,11.8,0.85,70,1.5909090909090908,4,1,1,41,41,3.001136363636364,9.95,0.75,1,2011-06-19 14:42:00,2011-06-19 14:42:00,173,0,192.85,70.0,41.0,0.0
13569,373.75,4.397058823529412,3.75,16.95,0.42,164,1.9294117647058824,12,1,2,73,74,3.1531764705882352,16.95,0.29,1,2010-12-07 12:29:00,2011-11-22 13:07:00,17,350,186.875,82.0,36.5,0.0
13570,239.49,8.870000000000001,5.04,40.56,0.85,161,5.962962962962963,24,1,1,27,27,2.102592592592593,9.95,0.29,1,2011-04-10 13:36:00,2011-04-10 13:36:00,243,0,239.49,161.0,27.0,0.0
13571,2092.32,6.1358357771261005,5.1,20.8,0.42,1759,5.158357771260997,50,1,12,157,158,1.7267741935483871,19.95,0.19,1,2011-03-31 12:43:00,2011-11-27 10:47:00,13,240,174.36,146.58333333333334,13.083333333333334,0.0
13572,1384.25,41.946969696969695,35.400000000000006,157.92000000000002,8.850000000000001,534,16.181818181818183,60,2,1,32,32,4.502424242424243,12.5,0.85,1,2011-05-18 11:59:00,2011-05-18 11:59:00,206,0,1384.25,534.0,32.0,0.0
13573,294.4,11.323076923076922,8.55,41.25,0.39,303,11.653846153846153,192,1,2,24,24,3.5473076923076925,12.5,0.12,1,2011-03-31 14:47:00,2011-10-20 14:33:00,50,202,147.2,151.5,12.0,0.0
13575,732.0699999999999,15.914565217391303,16.2,41.6,6.959999999999999,449,9.76086956521739,24,2,5,41,41,2.1478260869565218,10.4,0.29,1,2011-06-16 14:24:00,2011-11-16 13:14:00,23,152,146.414,89.8,8.2,0.0
13576,6717.34,53.312222222222225,18.285,244.08,1.25,2646,21.0,96,1,18,78,79,3.223492063492064,16.95,0.19,1,2010-12-01 17:24:00,2011-11-29 15:34:00,10,362,373.18555555555554,147.0,4.333333333333333,0.2
13577,1687.6000000000001,20.33253012048193,19.5,99.0,8.5,791,9.53012048192771,25,1,4,61,62,3.086987951807229,12.5,0.42,1,2011-04-12 10:33:00,2011-11-14 15:19:00,25,216,421.90000000000003,197.75,15.25,0.4
13579,467.04,20.30608695652174,17.0,47.7,8.95,176,7.6521739130434785,48,1,2,19,19,4.260434782608695,8.95,0.85,1,2010-12-05 16:10:00,2011-11-25 08:41:00,15,354,233.52,88.0,9.5,0.0
13581,118.0,11.8,9.875,31.8,1.45,30,3.0,6,1,1,10,10,4.48,10.65,1.25,1,2011-02-03 14:41:00,2011-02-03 14:41:00,309,0,118.0,30.0,10.0,0.0
13583,781.03,14.736415094339621,15.0,31.6,4.5600000000000005,725,13.679245283018869,48,2,1,53,53,2.0120754716981133,9.95,0.19,1,2011-07-07 10:40:00,2011-07-07 10:40:00,156,0,781.03,725.0,53.0,0.0
13584,142.4,5.933333333333334,3.525,27.25,0.85,37,1.5416666666666667,6,1,1,24,24,4.164583333333333,10.95,0.85,1,2011-02-06 12:49:00,2011-02-06 12:49:00,307,0,142.4,37.0,24.0,0.0
13587,712.4,89.05,33.0,299.4,19.799999999999997,180,22.5,100,4,1,8,8,6.63625,24.95,1.65,1,2011-10-07 12:31:00,2011-10-07 12:31:00,64,0,712.4,180.0,8.0,1.0
13588,2478.95,14.246839080459768,13.32,39.599999999999994,0.39,2606,14.977011494252874,96,1,9,131,132,1.376494252873563,16.95,0.14,1,2011-03-29 15:53:00,2011-11-24 10:42:00,16,239,275.43888888888887,289.55555555555554,14.555555555555555,0.46153846153846156
13589,379.65,18.07857142857143,17.0,30.599999999999998,2.9,114,5.428571428571429,24,1,2,21,21,6.701428571428571,25.0,0.85,1,2011-06-13 12:44:00,2011-11-25 12:10:00,15,164,189.825,57.0,10.5,0.0
13590,1981.92,22.780689655172413,16.5,113.76,5.04,1848,21.24137931034483,192,2,6,70,70,1.8458620689655172,12.75,0.29,1,2011-02-09 13:25:00,2011-11-28 12:54:00,11,291,330.32,308.0,11.666666666666666,0.2857142857142857
13591,1117.13,19.26086206896552,17.700000000000003,76.5,8.5,485,8.362068965517242,24,2,3,56,56,3.979310344827586,12.75,0.42,1,2011-03-18 12:18:00,2011-10-06 12:26:00,65,202,372.3766666666667,161.66666666666666,18.666666666666668,0.0
13592,247.95999999999998,15.497499999999999,14.9,32.849999999999994,6.8,84,5.25,24,1,4,15,15,6.26,16.95,0.83,1,2011-03-20 14:01:00,2011-11-04 09:49:00,36,228,61.989999999999995,21.0,3.75,0.0
13593,2037.0800000000002,15.914687500000001,15.0,59.5,2.2,731,5.7109375,24,1,5,77,77,4.3735156250000005,12.75,0.55,1,2011-01-07 16:32:00,2011-08-23 13:35:00,108,227,407.41600000000005,146.2,15.4,0.16666666666666666
13594,396.97,15.268076923076924,14.925,33.0,2.5,359,13.807692307692308,25,2,1,26,26,1.5953846153846152,4.95,0.1,1,2011-10-18 10:19:00,2011-10-18 10:19:00,53,0,396.97,359.0,26.0,0.0
13596,697.04,4.199036144578313,2.5,24.900000000000002,0.39,406,2.4457831325301207,24,1,2,133,133,2.282951807228916,12.75,0.39,1,2011-11-27 11:57:00,2011-12-04 12:01:00,6,7,348.52,203.0,66.5,0.0
13598,180.17000000000002,4.504250000000001,3.825,25.5,0.85,58,1.45,6,1,1,33,33,3.3560000000000003,12.75,0.85,1,2011-10-23 14:28:00,2011-10-23 14:28:00,47,0,180.17000000000002,58.0,33.0,0.5
13599,5153.67,20.86506072874494,15.0,165.0,1.45,3294,13.336032388663968,100,1,21,171,173,2.7971659919028338,39.95,0.19,1,2010-12-08 10:11:00,2011-12-08 16:10:00,1,365,245.41285714285715,156.85714285714286,8.142857142857142,0.5151515151515151
13600,219.52,11.553684210526317,10.5,44.849999999999994,1.25,324,17.05263157894737,50,1,1,19,19,3.0642105263157893,14.95,0.21,1,2011-01-31 15:27:00,2011-01-31 15:27:00,312,0,219.52,324.0,19.0,0.0
13601,693.32,7.003232323232324,4.68,29.700000000000003,0.55,548,5.5353535353535355,36,1,2,90,90,1.8624242424242423,6.75,0.19,1,2011-05-12 16:52:00,2011-10-25 17:31:00,45,166,346.66,274.0,45.0,0.0
13602,428.89,18.647391304347824,17.4,30.240000000000002,6.64,267,11.608695652173912,48,3,1,23,23,2.0608695652173914,4.95,0.63,1,2011-10-06 11:47:00,2011-10-06 11:47:00,65,0,428.89,267.0,23.0,0.0
13603,164.34,6.086666666666667,3.75,17.9,1.17,164,6.074074074074074,24,1,1,27,27,2.111851851851852,8.95,0.19,1,2011-11-13 15:57:00,2011-11-13 15:57:00,26,0,164.34,164.0,27.0,0.0
13606,280.53999999999996,6.524186046511627,3.3,30.599999999999998,0.85,279,6.488372093023256,48,1,3,40,40,2.2688372093023257,14.95,0.19,1,2011-02-01 11:42:00,2011-11-10 17:46:00,29,282,93.51333333333332,93.0,13.333333333333334,0.0
13607,678.01,6.918469387755102,4.965,25.0,0.19,290,2.9591836734693877,20,1,1,93,93,3.150612244897959,12.75,0.19,1,2011-10-30 16:17:00,2011-10-30 16:17:00,40,0,678.01,290.0,93.0,0.0
13610,1131.88,5.008318584070797,3.75,34.0,0.39,516,2.2831858407079646,12,1,7,165,165,2.8789823008849558,24.95,0.39,1,2011-02-27 14:44:00,2011-11-27 15:38:00,12,273,161.69714285714286,73.71428571428571,23.571428571428573,0.2222222222222222
13611,1171.8,15.835135135135134,15.45,60.839999999999996,0.85,766,10.35135135135135,48,1,3,67,68,2.35472972972973,7.95,0.39,1,2010-12-15 10:31:00,2011-09-11 14:51:00,89,270,390.59999999999997,255.33333333333334,22.333333333333332,0.5
13614,1610.46,8.01223880597015,5.0,50.849999999999994,0.24,570,2.8358208955223883,12,1,4,171,171,3.7748756218905473,16.95,0.12,1,2011-01-13 12:37:00,2011-11-15 14:47:00,24,306,402.615,142.5,42.75,0.0
13615,417.69,18.160434782608696,17.700000000000003,40.56,9.899999999999999,189,8.217391304347826,24,2,1,23,23,3.387391304347826,7.95,0.55,1,2011-01-25 08:21:00,2011-01-25 08:21:00,319,0,417.69,189.0,23.0,0.5
13617,544.18,12.367727272727272,10.559999999999999,57.75,0.95,300,6.818181818181818,48,1,3,31,31,2.789772727272727,12.75,0.39,1,2011-06-12 12:55:00,2011-10-30 13:50:00,40,140,181.39333333333332,100.0,10.333333333333334,0.0
13618,177.34,13.641538461538461,13.6,30.0,3.4799999999999995,246,18.923076923076923,48,6,1,13,13,1.0353846153846153,2.95,0.19,1,2011-06-19 11:09:00,2011-06-19 11:09:00,174,0,177.34,246.0,13.0,0.0
13621,213.85,11.255263157894737,10.08,20.0,2.88,343,18.05263157894737,100,3,1,19,19,1.1289473684210527,4.95,0.04,1,2011-08-15 08:26:00,2011-08-15 08:26:00,117,0,213.85,343.0,19.0,0.0
13623,747.78,9.231851851851852,4.95,109.5,0.42,294,3.6296296296296298,32,1,5,75,75,3.594444444444444,14.95,0.39,1,2011-02-15 13:08:00,2011-11-09 12:00:00,31,266,149.55599999999998,58.8,15.0,0.7142857142857143
13626,257.23,13.53842105263158,15.0,19.799999999999997,6.959999999999999,209,11.0,24,2,1,19,19,2.1405263157894736,7.95,0.29,1,2011-04-01 10:05:00,2011-04-01 10:05:00,253,0,257.23,209.0,19.0,0.0
13627,1638.47,17.80945652173913,15.0,203.52,1.92,1269,13.793478260869565,192,1,5,84,83,2.9745652173913046,14.95,0.08,1,2010-12-17 09:52:00,2011-10-11 14:20:00,59,298,327.694,253.8,16.8,0.2857142857142857
13629,7792.36,132.07389830508475,165.0,358.0,6.959999999999999,4372,74.10169491525424,200,2,11,28,29,2.3242372881355933,12.75,0.29,1,2011-01-05 12:09:00,2011-11-16 13:21:00,23,315,708.3963636363636,397.45454545454544,2.5454545454545454,0.0
13630,2031.78,28.61661971830986,15.0,158.39999999999998,1.25,1391,19.591549295774648,144,1,7,51,51,2.003098591549296,8.5,0.42,1,2011-02-27 12:49:00,2011-12-04 15:16:00,5,280,290.2542857142857,198.71428571428572,7.285714285714286,0.8181818181818182
13631,3070.42,279.1290909090909,160.0,850.0,40.0,467,42.45454545454545,100,7,11,6,6,6.16090909090909,8.5,4.0,1,2011-03-17 17:13:00,2011-09-01 09:57:00,100,167,279.1290909090909,42.45454545454545,0.5454545454545454,0.08333333333333333
13632,2121.27,14.529246575342466,15.0,60.480000000000004,0.42,1037,7.102739726027397,96,1,5,121,121,3.1735616438356162,12.75,0.38,1,2011-04-10 15:07:00,2011-11-15 10:51:00,25,218,424.254,207.4,24.2,0.16666666666666666
13634,1575.16,8.378510638297874,6.24,51.0,0.39,704,3.74468085106383,25,1,5,156,156,3.3305851063829786,12.75,0.39,1,2011-01-16 15:30:00,2011-11-06 13:40:00,33,293,315.03200000000004,140.8,31.2,0.0
13635,1071.03,17.274677419354838,16.35,45.0,5.04,677,10.919354838709678,24,2,1,62,62,2.405806451612903,11.95,0.39,1,2011-10-03 10:55:00,2011-10-03 10:55:00,68,0,1071.03,677.0,62.0,0.0
13636,949.12,15.065396825396826,15.299999999999999,34.0,2.88,592,9.396825396825397,36,1,5,57,57,3.785396825396825,16.65,0.12,1,2011-02-27 14:29:00,2011-11-03 10:30:00,37,248,189.824,118.4,11.4,0.16666666666666666
13637,810.5,8.024752475247524,5.96,25.5,0.55,409,4.0495049504950495,12,1,3,79,80,2.365841584158416,12.75,0.42,1,2011-04-27 13:06:00,2011-10-18 13:32:00,52,174,270.1666666666667,136.33333333333334,26.333333333333332,0.0
13638,122.64,15.33,15.0,25.5,9.36,93,11.625,25,2,1,8,8,2.9925,12.75,0.39,1,2011-11-24 10:38:00,2011-11-24 10:38:00,16,0,122.64,93.0,8.0,0.0
13639,1033.34,25.833499999999997,15.899999999999999,237.6,9.36,800,20.0,144,4,1,39,39,1.443,3.75,0.39,1,2011-09-26 13:36:00,2011-09-26 13:36:00,74,0,1033.34,800.0,39.0,0.0
13642,354.8,5.375757575757576,3.525,29.400000000000002,0.42,173,2.621212121212121,20,1,1,57,57,3.251212121212121,16.95,0.39,1,2011-05-08 12:34:00,2011-05-08 12:34:00,216,0,354.8,173.0,57.0,0.0
13643,519.44,18.551428571428573,20.8,35.400000000000006,5.04,273,9.75,25,2,3,24,24,2.394642857142857,8.5,0.42,1,2011-06-07 11:40:00,2011-11-08 15:37:00,31,154,173.14666666666668,91.0,8.0,0.0
13644,2624.26,17.974383561643837,16.9,37.5,4.5600000000000005,2067,14.157534246575343,96,1,4,144,144,3.043013698630137,25.0,0.19,1,2011-08-26 11:53:00,2011-11-23 14:07:00,16,89,656.065,516.75,36.0,0.4
13645,252.1,50.42,52.199999999999996,90.0,19.9,158,31.6,72,2,1,5,5,3.3699999999999997,9.95,1.25,1,2011-08-11 16:11:00,2011-08-11 16:11:00,120,0,252.1,158.0,5.0,0.0
13647,1678.1200000000001,21.2420253164557,17.4,207.50000000000003,10.5,895,11.329113924050633,50,2,4,65,67,3.3203797468354432,12.75,0.29,1,2011-04-19 09:49:00,2011-11-30 12:00:00,10,225,419.53000000000003,223.75,16.25,0.2
13649,346.6,15.069565217391306,14.75,83.4,1.65,139,6.043478260869565,24,1,2,23,23,3.191304347826087,12.75,0.85,1,2010-12-08 14:46:00,2011-03-28 11:51:00,257,109,173.3,69.5,11.5,0.0
13650,1836.34,19.128541666666667,17.0,70.80000000000001,6.64,922,9.604166666666666,24,2,6,79,81,3.1525,12.75,0.39,1,2011-03-17 12:37:00,2011-11-23 12:22:00,17,250,306.0566666666667,153.66666666666666,13.166666666666666,0.2857142857142857
13651,94.2,15.700000000000001,15.45,17.4,13.5,33,5.5,12,1,2,6,6,6.058333333333334,15.0,1.45,1,2011-10-31 12:11:00,2011-11-04 14:59:00,35,4,47.1,16.5,3.0,0.0
13652,1095.08,17.38222222222222,15.9,27.04,9.899999999999999,578,9.174603174603174,48,2,3,48,49,3.1233333333333335,7.95,0.29,1,2010-12-06 09:21:00,2011-10-25 08:51:00,46,322,365.02666666666664,192.66666666666666,16.0,0.0
13654,2707.33,16.30921686746988,15.0,53.1,2.88,2182,13.144578313253012,108,1,6,157,157,2.5266867469879517,16.95,0.04,1,2011-03-11 12:54:00,2011-10-27 16:24:00,43,230,451.22166666666664,363.6666666666667,26.166666666666668,0.0
13655,932.97,16.66017857142857,16.5,39.8,3.61,605,10.803571428571429,48,1,2,52,52,3.3296428571428573,10.95,0.19,1,2011-04-12 09:53:00,2011-08-17 14:25:00,114,127,466.485,302.5,26.0,0.0
13656,379.65,7.747959183673469,4.8,35.400000000000006,1.25,490,10.0,80,1,2,49,49,1.7189795918367348,9.95,0.06,1,2011-01-06 15:42:00,2011-06-28 10:31:00,165,172,189.825,245.0,24.5,0.0
13657,382.14,23.88375,15.0,67.5,6.3,209,13.0625,48,1,2,16,16,2.993125,15.0,0.21,1,2011-05-22 12:35:00,2011-11-29 12:32:00,11,190,191.07,104.5,8.0,0.0
13658,2639.17,24.43675925925926,19.799999999999997,167.0,9.9,1019,9.435185185185185,48,2,5,91,92,4.0226851851851855,41.75,0.29,1,2011-05-19 17:15:00,2011-11-30 10:13:00,10,194,527.8340000000001,203.8,18.2,0.5714285714285714
13659,1573.2,15.126923076923077,11.07,67.2,0.95,894,8.596153846153847,36,1,2,92,92,3.8291346153846155,65.0,0.29,1,2011-01-23 12:08:00,2011-05-18 12:37:00,206,115,786.6,447.0,46.0,1.3333333333333333
13662,897.76,16.938867924528303,16.5,34.8,7.800000000000001,543,10.245283018867925,36,2,3,50,50,3.2800000000000002,16.95,0.42,1,2011-03-25 13:23:00,2011-09-15 12:04:00,86,173,299.25333333333333,181.0,16.666666666666668,0.7142857142857143
13663,189.47,14.574615384615385,16.5,19.799999999999997,5.04,91,7.0,16,2,1,13,13,4.5,8.25,0.42,1,2011-06-13 15:44:00,2011-06-13 15:44:00,179,0,189.47,91.0,13.0,0.0
13666,84.65,7.054166666666667,5.425000000000001,20.4,1.65,41,3.4166666666666665,24,1,3,12,12,3.7416666666666667,8.5,0.85,1,2011-02-25 13:05:00,2011-10-10 15:39:00,60,227,28.21666666666667,13.666666666666666,4.0,0.0
13667,305.02,3.505977011494253,2.75,15.8,0.19,154,1.7701149425287357,7,1,1,82,82,2.4348275862068967,9.95,0.19,1,2011-07-13 15:42:00,2011-07-13 15:42:00,149,0,305.02,154.0,82.0,0.0
13668,6363.59,13.539553191489363,8.5,203.52,0.85,3742,7.961702127659574,192,1,21,284,282,2.976063829787234,16.95,0.29,1,2010-12-12 12:35:00,2011-12-07 12:11:00,3,359,303.02809523809526,178.1904761904762,13.523809523809524,1.0689655172413792
13669,218.55,24.283333333333335,30.0,40.8,4.8,237,26.333333333333332,80,1,2,9,9,2.7511111111111113,12.75,0.06,1,2011-07-13 11:44:00,2011-10-20 09:32:00,51,98,109.275,118.5,4.5,0.0
13670,349.7,13.988,15.0,30.0,5.04,282,11.28,24,2,1,25,25,1.8768,8.25,0.42,1,2011-09-25 15:25:00,2011-09-25 15:25:00,75,0,349.7,282.0,25.0,0.0
13672,186.39000000000001,31.065,28.35,54.0,14.850000000000001,57,9.5,24,3,2,4,4,4.463333333333334,6.75,1.69,1,2011-01-11 13:54:00,2011-02-11 13:53:00,301,30,93.19500000000001,28.5,2.0,1.6666666666666667
13673,396.92,6.106461538461539,3.3,49.5,0.95,119,1.8307692307692307,10,1,2,47,47,3.301846153846154,29.95,0.85,1,2011-11-07 15:40:00,2011-11-21 12:11:00,19,13,198.46,59.5,23.5,0.0
13675,486.82000000000005,19.472800000000003,17.700000000000003,35.400000000000006,6.6000000000000005,330,13.2,32,4,2,25,25,1.9028,4.95,0.39,1,2011-02-28 12:14:00,2011-07-11 12:57:00,151,133,243.41000000000003,165.0,12.5,0.0
13678,232.6,14.5375,15.8,19.0,4.8,924,57.75,216,20,1,16,16,0.39375,0.79,0.06,1,2011-07-11 10:14:00,2011-07-11 10:14:00,152,0,232.6,924.0,16.0,0.0
13680,3722.42,19.089333333333332,8.850000000000001,306.0,0.79,1936,9.928205128205128,100,1,4,164,167,2.205230769230769,9.95,0.29,1,2011-01-04 14:12:00,2011-12-08 13:47:00,1,337,930.605,484.0,41.0,4.2
13681,827.83,14.523333333333333,14.5,41.25,2.8499999999999996,360,6.315789473684211,25,1,4,37,38,2.902456140350877,7.95,0.39,1,2011-07-07 15:21:00,2011-11-22 11:13:00,18,137,206.9575,90.0,9.25,0.0
13682,59.5,19.833333333333332,17.0,25.5,17.0,10,3.3333333333333335,4,2,1,3,3,7.083333333333333,12.75,4.25,1,2011-06-05 14:06:00,2011-06-05 14:06:00,187,0,59.5,10.0,3.0,0.0
13684,67.23,2.241,1.65,7.5,0.85,39,1.3,6,1,1,29,29,1.7446666666666668,3.0,0.85,1,2011-02-27 10:13:00,2011-02-27 10:13:00,286,0,67.23,39.0,29.0,0.5
13685,3119.44,79.98564102564103,0.79,1170.0,0.39,5056,129.64102564102564,1200,1,7,29,29,0.7007692307692308,1.95,0.39,1,2011-10-10 12:59:00,2011-12-07 11:41:00,3,57,445.63428571428574,722.2857142857143,4.142857142857143,0.0
13686,72.0,9.0,8.5,10.5,8.5,70,8.75,10,5,1,8,8,1.1625,2.1,0.85,1,2011-06-10 09:10:00,2011-06-10 09:10:00,183,0,72.0,70.0,8.0,0.0
13689,910.0,151.66666666666666,179.0,179.0,15.0,512,85.33333333333333,100,12,1,6,6,1.7,1.79,1.25,1,2011-10-07 13:21:00,2011-10-07 13:21:00,63,0,910.0,512.0,6.0,0.0
13690,172.25,19.13888888888889,15.9,44.849999999999994,7.800000000000001,67,7.444444444444445,24,2,1,9,9,5.972222222222222,14.95,0.55,1,2011-10-11 15:03:00,2011-10-11 15:03:00,59,0,172.25,67.0,9.0,0.0
13692,1488.32,28.081509433962264,10.5,118.80000000000001,6.959999999999999,1226,23.132075471698112,48,1,3,48,48,2.5984905660377358,35.95,0.29,1,2011-04-17 12:57:00,2011-11-15 11:17:00,25,211,496.1066666666666,408.6666666666667,16.0,0.4
13694,65039.62,114.50637323943663,93.05,622.5,2.32,63312,111.46478873239437,1600,4,50,366,369,1.5689964788732396,12.75,0.04,1,2010-12-01 12:12:00,2011-12-06 09:32:00,4,369,1300.7924,1266.24,7.32,0.2833333333333333
13695,2504.13,27.823666666666668,18.75,158.39999999999998,9.959999999999999,1603,17.81111111111111,96,1,15,46,47,2.646888888888889,15.0,0.42,1,2011-03-25 11:31:00,2011-11-08 14:26:00,31,228,166.942,106.86666666666666,3.066666666666667,0.0
13697,151.29999999999998,12.608333333333333,10.35,19.799999999999997,6.959999999999999,177,14.75,25,4,1,12,12,1.3933333333333333,4.25,0.29,1,2011-11-01 09:14:00,2011-11-01 09:14:00,39,0,151.29999999999998,177.0,12.0,0.0
13699,308.58000000000004,22.041428571428575,17.700000000000003,31.8,9.48,66,4.714285714285714,12,2,1,14,14,6.3064285714285715,7.95,0.79,1,2011-07-07 16:51:00,2011-07-07 16:51:00,155,0,308.58000000000004,66.0,14.0,0.0
13700,2265.12,11.498071065989848,6.72,99.60000000000001,0.29,2304,11.695431472081218,100,1,10,139,139,1.585736040609137,8.5,0.29,1,2011-01-16 13:18:00,2011-11-13 13:00:00,26,300,226.512,230.4,13.9,0.0
13703,99.5,99.5,99.5,99.5,99.5,10,10.0,10,10,1,1,1,9.95,9.95,9.95,1,2011-01-25 13:10:00,2011-01-25 13:10:00,318,0,99.5,10.0,1.0,0.0
13704,2308.06,17.224328358208954,17.0,51.0,2.88,1531,11.425373134328359,72,1,9,111,111,3.328805970149254,16.95,0.12,1,2011-09-12 14:40:00,2011-12-04 15:13:00,5,83,256.4511111111111,170.11111111111111,12.333333333333334,0.1
13705,711.86,25.423571428571428,15.0,165.0,7.800000000000001,363,12.964285714285714,32,1,3,25,25,7.6085714285714285,165.0,0.65,1,2010-12-01 10:29:00,2011-12-02 12:32:00,8,366,237.28666666666666,121.0,8.333333333333334,0.0
13706,330.79,16.5395,15.149999999999999,39.9,7.800000000000001,189,9.45,12,2,1,20,20,2.774,19.95,0.65,1,2011-02-10 09:21:00,2011-02-10 09:21:00,303,0,330.79,189.0,20.0,0.0
13707,806.41,16.800208333333334,14.925,60.0,6.959999999999999,351,7.3125,48,1,2,48,48,4.463333333333334,35.95,0.29,1,2011-01-28 13:27:00,2011-03-17 18:03:00,267,48,403.205,175.5,24.0,0.0
13708,296.88,5.821176470588235,5.04,17.700000000000003,1.45,306,6.0,48,1,1,49,49,2.057450980392157,10.95,0.29,1,2011-03-13 13:46:00,2011-03-13 13:46:00,271,0,296.88,306.0,49.0,0.0
13709,6328.05,18.833482142857143,15.75,177.60000000000002,5.04,3516,10.464285714285714,96,1,13,244,252,3.551071428571429,25.0,0.22,1,2011-01-28 14:57:00,2011-12-06 10:28:00,4,311,486.7730769230769,270.46153846153845,18.76923076923077,0.5882352941176471
13710,180.48,22.56,19.259999999999998,67.2,4.5600000000000005,176,22.0,48,12,1,8,8,1.16625,2.1,0.19,1,2011-11-08 08:16:00,2011-11-08 08:16:00,32,0,180.48,176.0,8.0,0.0
13711,252.06,19.38923076923077,17.85,31.6,10.5,140,10.76923076923077,25,2,2,11,11,3.7800000000000002,9.95,0.42,1,2011-05-05 10:29:00,2011-05-05 10:31:00,219,0,126.03,70.0,5.5,0.0
13712,228.84,22.884,16.5,40.8,10.2,352,35.2,100,6,1,10,10,1.2349999999999999,2.95,0.29,1,2011-04-07 12:33:00,2011-04-07 12:33:00,247,0,228.84,352.0,10.0,0.0
13715,1079.34,10.279428571428571,7.800000000000001,35.400000000000006,1.1,563,5.3619047619047615,32,1,5,89,89,2.284761904761905,7.95,0.42,1,2010-12-02 08:52:00,2011-03-03 19:21:00,281,91,215.868,112.6,17.8,0.375
13716,138.28,6.584761904761905,4.25,20.4,2.34,138,6.571428571428571,24,1,1,21,21,1.4195238095238094,4.25,0.39,1,2011-03-15 13:49:00,2011-03-15 13:49:00,269,0,138.28,138.0,21.0,0.0
13717,1445.01,14.166764705882352,14.925,34.68,1.9500000000000002,1959,19.205882352941178,144,1,6,92,92,2.0434313725490196,16.95,0.04,1,2011-02-14 13:21:00,2011-11-07 14:13:00,32,266,240.835,326.5,15.333333333333334,0.14285714285714285
13718,306.55,25.545833333333334,15.0,111.60000000000001,10.0,173,14.416666666666666,100,1,2,9,9,5.529166666666666,12.75,0.1,1,2011-02-17 11:58:00,2011-04-07 13:24:00,246,49,153.275,86.5,4.5,0.0
13719,1041.68,17.361333333333334,15.55,52.199999999999996,5.04,609,10.15,72,1,5,56,56,3.266,25.0,0.39,1,2011-04-19 13:56:00,2011-11-24 15:26:00,15,219,208.336,121.8,11.2,0.0
13720,799.9,18.60232558139535,17.0,79.2,10.2,501,11.651162790697674,144,1,4,42,42,3.17906976744186,15.0,0.55,1,2011-03-30 09:17:00,2011-08-15 12:46:00,117,138,199.975,125.25,10.5,0.0
13721,524.14,18.719285714285714,16.55,39.599999999999994,6.959999999999999,316,11.285714285714286,24,2,1,28,28,2.8510714285714287,10.4,0.29,1,2011-11-03 14:05:00,2011-11-03 14:05:00,36,0,524.14,316.0,28.0,0.0
13722,2375.41,27.945999999999998,22.5,85.0,6.8,1401,16.48235294117647,288,3,3,75,75,2.8843529411764703,12.75,0.21,1,2011-03-02 11:43:00,2011-07-31 12:44:00,132,151,791.8033333333333,467.0,25.0,0.25
13723,199.85000000000002,33.30833333333334,29.725,49.75,19.75,43,7.166666666666667,16,5,1,6,6,5.283333333333333,9.95,2.95,1,2011-05-06 17:04:00,2011-05-06 17:04:00,217,0,199.85000000000002,43.0,6.0,0.0
13725,1980.56,19.043846153846154,15.149999999999999,136.0,4.5600000000000005,806,7.75,48,2,8,95,95,4.336057692307692,14.95,0.19,1,2011-02-04 12:18:00,2011-10-21 10:03:00,50,258,247.57,100.75,11.875,1.2727272727272727
13726,1079.6599999999999,25.70619047619047,15.0,179.0,4.68,1054,25.095238095238095,100,6,2,39,39,1.0761904761904761,2.55,0.12,1,2011-08-31 11:06:00,2011-11-01 10:49:00,39,61,539.8299999999999,527.0,19.5,0.0
13727,333.48,16.674,15.0,47.7,8.5,162,8.1,24,3,2,19,19,2.941,7.95,0.42,1,2011-11-06 12:16:00,2011-11-11 09:46:00,29,4,166.74,81.0,9.5,0.0
13728,1016.14,16.12920634920635,15.9,25.5,10.2,458,7.26984126984127,24,2,6,38,39,5.451746031746032,12.75,0.55,1,2011-02-02 12:09:00,2011-11-03 10:49:00,37,273,169.35666666666665,76.33333333333333,6.333333333333333,0.0
13730,752.6,17.50232558139535,16.5,39.6,5.04,488,11.348837209302326,36,2,2,38,38,3.238139534883721,12.75,0.42,1,2011-07-01 12:47:00,2011-07-27 08:35:00,136,25,376.3,244.0,19.0,0.0
13731,610.59,16.068157894736842,15.0,23.4,10.2,278,7.315789473684211,25,1,2,36,36,4.2894736842105265,14.95,0.42,1,2011-04-07 10:10:00,2011-05-04 14:33:00,219,27,305.295,139.0,18.0,0.0
13732,491.86,14.904848484848486,14.850000000000001,30.0,5.04,498,15.090909090909092,24,3,1,33,33,1.58,4.95,0.29,1,2011-11-11 15:49:00,2011-11-11 15:49:00,28,0,491.86,498.0,33.0,0.0
13735,2885.2400000000002,14.72061224489796,11.25,71.4,0.83,1130,5.76530612244898,32,1,4,158,158,4.036377551020408,16.95,0.39,1,2011-04-19 13:49:00,2011-11-15 11:14:00,25,209,721.3100000000001,282.5,39.5,1.5
13736,731.9,3.831937172774869,2.5,19.9,0.29,497,2.602094240837696,12,1,2,166,167,2.177696335078534,16.95,0.12,1,2011-03-24 13:04:00,2011-12-04 15:19:00,5,255,365.95,248.5,83.0,1.0
13737,339.59999999999997,11.319999999999999,7.95,73.94999999999999,1.25,125,4.166666666666667,29,1,1,29,29,3.848666666666667,12.75,0.85,1,2011-05-23 16:32:00,2011-05-23 16:32:00,200,0,339.59999999999997,125.0,29.0,0.0
13739,216.9,72.3,83.4,91.8,41.7,54,18.0,36,6,1,3,3,5.483333333333333,6.95,2.55,1,2011-11-21 13:35:00,2011-11-21 13:35:00,18,0,216.9,54.0,3.0,0.0
13740,350.75,15.25,17.4,31.8,5.04,425,18.47826086956522,48,3,1,23,23,1.5960869565217393,7.95,0.39,1,2011-04-13 10:32:00,2011-04-13 10:32:00,241,0,350.75,425.0,23.0,0.0
13741,668.4300000000001,19.65970588235294,17.700000000000003,47.7,10.5,218,6.411764705882353,24,2,3,34,34,5.225588235294118,12.75,0.79,1,2011-05-06 13:43:00,2011-09-29 09:19:00,72,145,222.81000000000003,72.66666666666667,11.333333333333334,0.25
13742,3131.02,9.753956386292835,5.9,51.0,0.42,1124,3.501557632398754,48,1,12,200,200,4.103551401869159,16.95,0.29,1,2011-01-23 14:59:00,2011-11-23 11:07:00,17,303,260.91833333333335,93.66666666666667,16.666666666666668,0.14285714285714285
13743,1341.6,32.72195121951219,30.0,70.2,10.2,1776,43.31707317073171,192,12,7,8,9,1.1202439024390243,1.65,0.29,1,2011-03-25 14:46:00,2011-12-07 10:09:00,3,256,191.65714285714284,253.71428571428572,1.1428571428571428,0.125
13744,1156.36,16.060555555555553,12.24,41.76,0.75,1249,17.34722222222222,144,1,2,54,54,1.7072222222222222,8.5,0.21,1,2011-02-20 14:08:00,2011-09-05 15:19:00,95,197,578.18,624.5,27.0,0.0
13745,300.04,12.001600000000002,10.08,28.44,4.5600000000000005,496,19.84,36,10,1,25,25,0.6456000000000001,1.25,0.38,1,2011-06-30 16:43:00,2011-06-30 16:43:00,162,0,300.04,496.0,25.0,0.5
13747,79.6,79.6,79.6,79.6,79.6,8,8.0,8,8,1,1,1,9.95,9.95,9.95,1,2010-12-01 10:37:00,2010-12-01 10:37:00,374,0,79.6,8.0,1.0,0.0
13748,948.25,33.86607142857143,16.25,204.0,9.36,439,15.678571428571429,80,1,5,24,24,3.9964285714285714,14.95,0.39,1,2010-12-01 09:00:00,2011-09-05 09:45:00,96,278,189.65,87.8,4.8,0.0
13750,1647.26,68.63583333333334,16.2,325.44,12.75,516,21.5,96,2,5,20,20,5.020416666666667,8.25,1.25,1,2011-01-07 11:49:00,2011-10-17 12:16:00,54,283,329.452,103.2,4.0,0.0
13751,296.25,32.916666666666664,10.5,165.0,2.5,152,16.88888888888889,100,1,1,9,9,3.5300000000000002,7.95,0.42,1,2011-02-24 15:56:00,2011-02-24 15:56:00,288,0,296.25,152.0,9.0,0.0
13752,1186.28,15.608947368421052,11.075,75.0,1.25,876,11.526315789473685,72,1,6,64,64,3.0701315789473687,30.0,0.29,1,2011-04-07 12:04:00,2011-08-07 14:16:00,124,122,197.71333333333334,146.0,10.666666666666666,0.0
13753,741.26,21.178857142857144,17.4,67.5,10.2,512,14.628571428571428,36,6,1,35,35,1.7942857142857143,6.75,0.42,1,2011-02-25 12:48:00,2011-02-25 12:48:00,288,0,741.26,512.0,35.0,0.0
13754,282.59999999999997,23.549999999999997,18.75,52.199999999999996,10.2,214,17.833333333333332,48,4,2,11,11,2.3375,10.95,0.55,1,2011-01-26 14:58:00,2011-07-11 11:51:00,152,165,141.29999999999998,107.0,5.5,0.0
13755,2161.35,6.319736842105263,3.95,59.400000000000006,0.19,1264,3.695906432748538,48,1,9,232,231,3.0728947368421053,25.0,0.06,1,2011-10-07 15:45:00,2011-12-06 12:26:00,4,59,240.14999999999998,140.44444444444446,25.77777777777778,0.1
13756,5189.52,36.54591549295775,25.919999999999998,355.20000000000005,4.68,3188,22.450704225352112,192,2,14,66,66,2.7371126760563382,12.5,0.36,1,2010-12-07 11:41:00,2011-12-07 16:44:00,2,365,370.68,227.71428571428572,4.714285714285714,0.06666666666666667
13758,3190.55,27.26965811965812,20.16,102.0,0.42,1844,15.760683760683762,288,1,7,104,104,3.287948717948718,16.95,0.21,1,2010-12-01 12:08:00,2011-11-28 11:11:00,12,361,455.79285714285714,263.42857142857144,14.857142857142858,0.0
13759,659.4100000000001,26.376400000000004,17.700000000000003,157.92000000000002,13.0,287,11.48,48,2,2,24,24,3.3627999999999996,12.75,0.55,1,2011-09-29 15:40:00,2011-11-06 14:47:00,33,37,329.70500000000004,143.5,12.0,0.0
13760,286.79,5.03140350877193,3.12,20.650000000000002,0.42,197,3.456140350877193,24,1,2,50,50,1.984561403508772,4.25,0.39,1,2011-03-28 12:52:00,2011-10-16 16:13:00,54,202,143.395,98.5,25.0,0.0
13761,1070.65,15.295000000000002,15.0,30.0,5.04,642,9.17142857142857,25,2,2,68,68,2.9494285714285717,8.25,0.42,1,2011-06-13 08:43:00,2011-10-20 14:01:00,50,129,535.325,321.0,34.0,0.0
13762,306.72,43.81714285714286,30.0,104.39999999999999,13.2,272,38.857142857142854,96,8,1,7,7,1.26,1.65,0.72,1,2011-05-05 09:15:00,2011-05-05 09:15:00,219,0,306.72,272.0,7.0,3.5
13763,1714.96,114.33066666666667,99.60000000000001,180.0,50.0,728,48.53333333333333,96,24,1,15,15,2.598,4.95,1.25,1,2011-10-07 15:13:00,2011-10-07 15:13:00,63,0,1714.96,728.0,15.0,0.6666666666666666
13764,1521.76,7.3161538461538465,6.55,25.0,0.55,932,4.480769230769231,25,1,3,183,184,2.7239903846153846,12.75,0.12,1,2011-01-06 14:53:00,2011-09-30 12:03:00,71,266,507.25333333333333,310.6666666666667,61.0,0.0
13767,17220.36,46.79445652173913,30.0,532.8000000000001,10.08,7322,19.89673913043478,288,2,37,55,55,3.713532608695652,12.75,0.42,1,2010-12-01 10:47:00,2011-12-07 15:00:00,2,371,465.41513513513513,197.8918918918919,1.4864864864864864,0.5961538461538461
13769,2796.51,20.71488888888889,17.0,157.92000000000002,1.9500000000000002,1163,8.614814814814816,48,1,10,73,74,3.727777777777778,16.95,0.39,1,2010-12-07 13:28:00,2011-12-07 15:08:00,2,365,279.651,116.3,7.3,0.5
13771,2634.45,22.138235294117646,16.5,102.0,6.64,1477,12.411764705882353,72,1,4,114,115,2.6267226890756303,12.75,0.55,1,2011-04-06 15:47:00,2011-10-06 14:18:00,64,182,658.6125,369.25,28.5,0.2
13772,1132.13,6.396214689265538,4.95,74.25,0.39,546,3.0847457627118646,18,1,3,141,141,2.463898305084746,16.95,0.19,1,2011-04-14 12:31:00,2011-11-06 11:43:00,34,205,377.3766666666667,182.0,47.0,0.0
13774,345.0,15.681818181818182,16.2,24.900000000000002,10.2,192,8.727272727272727,24,1,1,22,22,3.290909090909091,14.95,0.55,1,2011-09-19 12:06:00,2011-09-19 12:06:00,82,0,345.0,192.0,22.0,0.0
13777,25977.16,131.86375634517768,68.58,1383.1200000000001,1.44,12897,65.46700507614213,504,1,33,36,36,2.269137055837563,12.75,0.72,1,2010-12-01 16:01:00,2011-12-09 12:25:00,1,372,787.1866666666666,390.8181818181818,1.0909090909090908,0.5365853658536586
13778,178.7,19.855555555555554,21.25,30.0,8.25,70,7.777777777777778,24,3,1,9,9,3.3,5.45,1.25,1,2011-08-28 15:25:00,2011-08-28 15:25:00,103,0,178.7,70.0,9.0,0.0
13780,360.01,6.315964912280702,4.25,85.80000000000001,1.25,318,5.578947368421052,156,1,2,56,56,2.5831578947368423,16.95,0.39,1,2011-06-22 11:43:00,2011-12-02 13:49:00,7,163,180.005,159.0,28.0,0.0
13781,127.84,7.5200000000000005,4.95,25.5,3.38,30,1.7647058823529411,2,1,1,17,17,4.557058823529411,12.75,1.69,1,2011-04-03 12:08:00,2011-04-03 12:08:00,251,0,127.84,30.0,17.0,0.0
13782,912.0,7.930434782608696,5.9,24.96,1.25,371,3.226086956521739,32,1,6,96,98,3.508521739130435,14.95,0.42,1,2011-01-16 11:08:00,2011-11-27 11:54:00,13,315,152.0,61.833333333333336,16.0,0.0
13784,2462.79,79.44483870967741,60.0,199.68,17.700000000000003,2493,80.41935483870968,432,3,11,9,9,2.6380645161290324,12.75,0.36,1,2011-01-11 14:38:00,2011-11-30 09:33:00,10,322,223.89,226.63636363636363,0.8181818181818182,0.0
13786,230.39999999999998,32.91428571428571,30.0,81.6,11.399999999999999,136,19.428571428571427,32,8,1,7,7,1.8928571428571428,4.95,0.85,1,2010-12-07 13:53:00,2010-12-07 13:53:00,367,0,230.39999999999998,136.0,7.0,0.0
13787,309.04,9.969032258064518,7.800000000000001,24.96,1.65,337,10.870967741935484,96,1,2,24,24,2.4777419354838712,12.5,0.19,1,2010-12-10 14:45:00,2011-09-25 12:06:00,76,288,154.52,168.5,12.0,0.0
13790,348.8,7.751111111111111,3.4799999999999995,18.72,3.4799999999999995,748,16.622222222222224,48,4,1,45,45,0.7717777777777777,4.25,0.19,1,2011-12-05 15:48:00,2011-12-05 15:48:00,4,0,348.8,748.0,45.0,0.0
13791,1516.0,137.8181818181818,145.0,290.0,72.0,1200,109.0909090909091,200,100,2,7,7,1.2463636363636363,1.79,0.72,1,2011-06-24 16:38:00,2011-08-04 11:44:00,128,40,758.0,600.0,3.5,2.0
13792,195.55,15.042307692307693,15.0,23.4,10.2,92,7.076923076923077,12,1,2,13,13,3.5461538461538464,12.5,0.85,1,2011-02-25 14:03:00,2011-10-04 14:31:00,66,221,97.775,46.0,6.5,0.0
13798,37153.85,106.4580229226361,88.80000000000001,424.5,0.39,23948,68.6189111747851,432,1,57,113,116,2.1165329512893982,8.5,0.39,1,2010-12-02 17:24:00,2011-12-08 15:51:00,1,370,651.8219298245614,420.140350877193,1.9824561403508771,1.4285714285714286
13799,688.86,17.663076923076922,15.0,50.400000000000006,10.2,402,10.307692307692308,24,2,2,32,32,2.1302564102564103,9.95,0.85,1,2011-02-18 14:18:00,2011-08-15 12:07:00,117,177,344.43,201.0,16.0,0.0
13800,558.32,16.91878787878788,15.0,46.8,5.04,331,10.030303030303031,25,2,1,33,33,2.553939393939394,15.95,0.42,1,2011-02-03 12:27:00,2011-02-03 12:27:00,310,0,558.32,331.0,33.0,0.0
13801,324.8,14.121739130434783,15.0,20.4,6.6000000000000005,168,7.304347826086956,24,1,1,23,23,3.9543478260869565,14.95,0.55,1,2011-10-04 10:15:00,2011-10-04 10:15:00,67,0,324.8,168.0,23.0,0.0
13802,4599.42,76.657,61.650000000000006,330.0,4.68,2572,42.86666666666667,200,2,3,55,55,2.6631666666666667,10.95,0.21,1,2011-02-01 12:03:00,2011-07-24 10:54:00,139,172,1533.14,857.3333333333334,18.333333333333332,1.0
13803,277.07,16.298235294117646,16.6,23.4,10.2,121,7.117647058823529,12,2,1,17,17,2.922941176470588,5.95,0.85,1,2011-03-29 12:57:00,2011-03-29 12:57:00,255,0,277.07,121.0,17.0,0.0
13804,2635.79,19.23934306569343,17.0,69.36,6.64,1498,10.934306569343066,48,2,7,124,124,3.0835036496350363,16.95,0.29,1,2011-02-23 09:09:00,2011-11-09 12:32:00,31,259,376.5414285714286,214.0,17.714285714285715,0.0
13805,924.6,71.12307692307692,41.76,169.0,20.52,1900,146.15384615384616,272,96,2,10,10,0.5930769230769231,1.69,0.18,1,2011-08-02 15:29:00,2011-10-18 14:50:00,52,76,462.3,950.0,5.0,0.0
13806,256.38,25.637999999999998,18.75,65.4,12.48,56,5.6,12,2,1,10,10,5.233,12.75,2.08,1,2011-10-07 11:43:00,2011-10-07 11:43:00,64,0,256.38,56.0,10.0,0.0
13807,112.6,16.085714285714285,15.9,19.799999999999997,12.7,36,5.142857142857143,12,2,1,7,7,5.1499999999999995,7.95,1.65,1,2010-12-07 15:48:00,2010-12-07 15:48:00,367,0,112.6,36.0,7.0,0.0
13808,1747.66,22.995526315789476,17.700000000000003,106.2,4.5600000000000005,782,10.289473684210526,36,2,5,70,70,3.7531578947368422,29.95,0.19,1,2011-09-04 12:07:00,2011-12-04 12:18:00,6,91,349.53200000000004,156.4,14.0,0.0
13809,155.05,12.920833333333334,9.95,38.25,4.25,29,2.4166666666666665,8,1,1,11,11,7.108333333333333,12.75,2.95,1,2011-02-07 13:15:00,2011-02-07 13:15:00,305,0,155.05,29.0,11.0,0.0
13810,1499.01,42.828857142857146,19.5,599.5,5.04,312,8.914285714285715,12,1,3,32,32,21.278000000000002,599.5,0.42,1,2011-10-14 12:57:00,2011-11-11 08:33:00,29,27,499.67,104.0,10.666666666666666,0.25
13811,814.5,62.65384615384615,41.25,222.75,36.0,68,5.230769230769231,10,1,3,7,7,26.25,222.75,8.25,1,2011-04-14 18:40:00,2011-06-09 09:54:00,184,55,271.5,22.666666666666668,2.3333333333333335,0.25
13812,539.0,14.972222222222221,16.2,26.4,6.64,333,9.25,24,1,3,33,33,3.586111111111111,18.0,0.29,1,2011-08-26 12:54:00,2011-10-28 14:27:00,42,63,179.66666666666666,111.0,11.0,0.0
13813,1366.8600000000001,19.809565217391306,17.85,54.0,5.04,552,8.0,25,2,4,54,54,4.282608695652174,18.0,0.42,1,2011-07-28 10:33:00,2011-10-31 10:38:00,40,95,341.71500000000003,138.0,13.5,0.4
13814,1579.12,27.703859649122805,17.700000000000003,90.0,12.600000000000001,864,15.157894736842104,48,2,2,37,38,3.020701754385965,16.95,0.55,1,2011-07-25 13:54:00,2011-09-08 13:48:00,92,44,789.56,432.0,18.5,0.3333333333333333
13815,4027.36,22.882727272727273,17.700000000000003,198.0,5.04,2560,14.545454545454545,288,2,4,132,135,2.566875,29.95,0.21,1,2011-01-25 12:16:00,2011-11-17 14:19:00,22,296,1006.84,640.0,33.0,0.2
13816,571.6700000000001,20.416785714285716,17.700000000000003,54.0,9.959999999999999,269,9.607142857142858,36,1,2,25,25,4.742142857142857,39.95,0.65,1,2011-10-06 14:37:00,2011-11-16 08:38:00,24,40,285.83500000000004,134.5,12.5,1.25
13817,382.98,15.957500000000001,15.3,36.0,9.959999999999999,211,8.791666666666666,24,1,2,20,20,3.219583333333333,18.0,0.65,1,2010-12-23 11:46:00,2011-11-10 17:49:00,29,322,191.49,105.5,10.0,0.0
13819,1140.35,31.676388888888887,29.25,66.0,13.200000000000001,1109,30.805555555555557,120,2,3,26,26,2.003611111111111,12.75,0.42,1,2011-01-24 10:38:00,2011-02-11 10:38:00,302,18,380.1166666666666,369.6666666666667,8.666666666666666,0.0
13821,385.64,6.536271186440678,5.1,25.5,1.68,153,2.593220338983051,10,1,2,51,51,3.2916949152542374,12.75,0.39,1,2011-03-23 11:30:00,2011-07-18 09:49:00,145,116,192.82,76.5,25.5,0.0
13822,632.0,6.583333333333333,3.75,123.9,0.65,611,6.364583333333333,100,1,2,90,90,1.7905208333333331,16.65,0.04,1,2011-10-30 15:55:00,2011-12-04 12:13:00,6,34,316.0,305.5,45.0,0.0
13823,957.66,23.941499999999998,16.5,91.8,10.5,439,10.975,36,2,2,39,39,3.9204999999999997,8.5,0.42,1,2011-09-09 10:42:00,2011-11-21 10:22:00,19,72,478.83,219.5,19.5,0.0
13824,1698.94,36.93347826086956,26.1,207.50000000000003,9.0,768,16.695652173913043,96,3,5,34,35,2.7528260869565218,8.5,0.29,1,2011-02-02 13:07:00,2011-11-07 12:41:00,33,277,339.788,153.6,6.8,0.0
13826,189.5,18.95,17.75,29.700000000000003,13.200000000000001,82,8.2,24,2,1,10,10,5.7299999999999995,12.75,0.55,1,2011-06-16 13:48:00,2011-06-16 13:48:00,176,0,189.5,82.0,10.0,1.0
13827,412.05,4.430645161290323,2.95,19.9,0.39,141,1.5161290322580645,12,1,3,83,83,3.7441935483870967,16.95,0.22,1,2011-07-19 15:38:00,2011-10-13 12:38:00,58,85,137.35,47.0,27.666666666666668,0.0
13828,209.49,13.966000000000001,14.850000000000001,17.700000000000003,8.5,311,20.733333333333334,72,3,1,15,15,1.9046666666666667,4.95,0.19,1,2011-11-17 16:02:00,2011-11-17 16:02:00,22,0,209.49,311.0,15.0,0.0
13831,2202.99,29.77013513513513,8.3,326.4,1.25,745,10.067567567567568,128,1,6,58,59,3.957432432432433,12.75,0.29,1,2010-12-05 12:13:00,2011-11-23 15:41:00,16,353,367.16499999999996,124.16666666666667,9.666666666666666,0.0
13832,52.199999999999996,17.4,17.4,19.799999999999997,15.0,28,9.333333333333334,12,4,1,3,3,2.283333333333333,3.75,1.45,1,2011-11-20 15:36:00,2011-11-20 15:36:00,19,0,52.199999999999996,28.0,3.0,0.5
13833,384.8,13.26896551724138,12.450000000000001,30.0,0.95,118,4.068965517241379,24,1,1,28,28,4.8999999999999995,12.75,0.95,1,2011-07-03 13:27:00,2011-07-03 13:27:00,159,0,384.8,118.0,28.0,0.0
13835,834.57,15.174000000000001,15.0,31.8,5.8,442,8.036363636363637,24,1,4,48,48,3.2005454545454546,16.95,0.39,1,2011-05-08 15:22:00,2011-11-14 15:37:00,25,190,208.6425,110.5,12.0,0.0
13837,271.24,14.275789473684211,10.5,45.0,1.25,183,9.631578947368421,36,1,2,17,17,2.1978947368421053,4.65,0.42,1,2011-01-26 12:15:00,2011-05-12 12:10:00,212,105,135.62,91.5,8.5,0.0
13838,691.73,3.975459770114943,2.95,19.9,0.42,263,1.5114942528735633,12,1,4,144,144,3.102528735632184,12.75,0.29,1,2010-12-05 10:45:00,2011-12-04 11:00:00,6,364,172.9325,65.75,36.0,0.0
13841,85.0,85.0,85.0,85.0,85.0,100,100.0,100,100,1,1,1,0.85,0.85,0.85,1,2011-04-01 12:10:00,2011-04-01 12:10:00,253,0,85.0,100.0,1.0,0.0
13842,3385.62,16.43504854368932,15.9,50.849999999999994,4.35,1768,8.58252427184466,48,1,9,155,155,4.044271844660194,21.95,0.29,1,2010-12-08 10:39:00,2011-10-12 10:51:00,59,308,376.18,196.44444444444446,17.22222222222222,0.0
13844,361.62,18.081,17.34,35.400000000000006,10.2,196,9.8,24,2,1,20,20,2.4605,8.25,0.65,1,2011-11-28 13:21:00,2011-11-28 13:21:00,11,0,361.62,196.0,20.0,0.0
13845,312.98,34.775555555555556,26.56,102.0,9.959999999999999,182,20.22222222222222,40,6,1,9,9,1.9544444444444444,3.75,0.83,1,2011-10-06 08:25:00,2011-10-06 08:25:00,65,0,312.98,182.0,9.0,0.0
13846,865.0600000000001,15.728363636363637,15.6,30.599999999999998,7.800000000000001,388,7.054545454545455,12,1,3,55,55,3.524909090909091,16.65,0.65,1,2010-12-14 16:07:00,2011-11-15 12:07:00,25,335,288.35333333333335,129.33333333333334,18.333333333333332,0.75
13848,1255.0,251.0,320.0,480.0,50.0,3700,740.0,1500,100,3,3,3,0.462,0.85,0.32,1,2010-12-08 15:10:00,2011-09-08 12:58:00,92,273,418.3333333333333,1233.3333333333333,1.0,0.0
13849,1537.95,15.227227722772279,15.0,39.599999999999994,2.88,1016,10.05940594059406,25,1,2,97,97,3.023960396039604,14.95,0.12,1,2011-06-22 10:11:00,2011-10-19 10:59:00,52,119,768.975,508.0,48.5,0.0
13850,1595.48,17.155698924731183,17.4,30.599999999999998,8.2,944,10.150537634408602,24,2,1,93,93,2.4186021505376343,12.5,0.55,1,2011-08-02 14:04:00,2011-08-02 14:04:00,129,0,1595.48,944.0,93.0,0.5
13851,2651.46,32.73407407407407,16.599999999999998,888.0,6.8,1705,21.049382716049383,480,2,3,77,77,2.238888888888889,9.95,0.29,1,2011-02-24 17:18:00,2011-09-05 12:36:00,96,192,883.82,568.3333333333334,25.666666666666668,0.0
13853,1090.14,47.39739130434783,35.400000000000006,175.2,9.36,312,13.565217391304348,36,4,1,23,23,4.546086956521739,14.95,0.39,1,2011-10-13 14:18:00,2011-10-13 14:18:00,57,0,1090.14,312.0,23.0,0.5
13854,8109.5199999999995,73.72290909090908,61.199999999999996,350.4,6.8,2296,20.87272727272727,120,2,25,39,39,4.628363636363637,12.75,0.19,1,2010-12-09 10:48:00,2011-12-01 09:06:00,9,356,324.38079999999997,91.84,1.56,0.13793103448275862
13856,388.5,27.75,13.2,93.60000000000001,8.5,494,35.285714285714285,144,6,3,10,10,1.06,3.75,0.65,1,2011-05-20 13:13:00,2011-06-24 10:03:00,169,34,129.5,164.66666666666666,3.3333333333333335,0.6
13858,216.17,19.651818181818182,18.75,30.599999999999998,10.2,75,6.818181818181818,12,2,1,11,11,4.335454545454545,8.5,0.85,1,2011-10-13 16:17:00,2011-10-13 16:17:00,57,0,216.17,75.0,11.0,0.0
13859,201.16,7.184285714285714,6.25,19.9,1.68,129,4.607142857142857,25,1,1,27,27,2.887857142857143,9.95,0.29,1,2011-01-17 16:14:00,2011-01-17 16:14:00,326,0,201.16,129.0,27.0,0.0
13860,1245.9,16.39342105263158,17.0,29.880000000000003,4.68,591,7.776315789473684,48,1,5,58,58,3.514605263157895,12.75,0.19,1,2011-09-14 09:27:00,2011-12-08 12:57:00,1,85,249.18,118.2,11.6,0.16666666666666666
13862,2209.36,15.894676258992806,15.0,45.0,6.8,1688,12.143884892086332,48,2,8,97,98,1.6970503597122304,8.5,0.29,1,2011-01-11 15:13:00,2011-11-21 16:24:00,18,314,276.17,211.0,12.125,0.3
13863,305.78,15.288999999999998,15.0,30.0,7.800000000000001,224,11.2,24,2,1,20,20,2.5965,11.95,0.42,1,2011-04-06 10:20:00,2011-04-06 10:20:00,248,0,305.78,224.0,20.0,1.0
13865,501.56,16.718666666666667,17.4,25.5,6.6000000000000005,204,6.8,12,1,4,26,26,3.902333333333333,12.75,0.55,1,2011-02-23 12:04:00,2011-10-12 13:31:00,58,231,125.39,51.0,6.5,0.0
13866,145.67000000000002,20.810000000000002,17.700000000000003,34.68,11.5,57,8.142857142857142,16,2,1,7,7,3.375714285714286,5.75,1.25,1,2011-09-26 14:54:00,2011-09-26 14:54:00,74,0,145.67000000000002,57.0,7.0,0.0
13867,1015.29,16.644098360655736,15.0,63.6,8.2,513,8.40983606557377,25,1,3,51,51,3.9440983606557376,12.75,0.42,1,2011-05-05 17:28:00,2011-11-08 15:48:00,31,186,338.43,171.0,17.0,0.0
13868,3192.54,96.74363636363637,15.0,2685.0,1.45,1964,59.515151515151516,1500,1,2,32,32,1.8542424242424242,12.75,0.12,1,2011-11-01 12:45:00,2011-12-02 16:32:00,7,31,1596.27,982.0,16.0,0.0
13869,3104.95,10.11384364820847,8.7,35.7,0.42,1721,5.605863192182411,36,1,4,234,235,2.9445928338762215,12.75,0.29,1,2010-12-17 15:14:00,2011-08-08 13:53:00,123,233,776.2375,430.25,58.5,0.0
13870,2770.94,24.095130434782607,17.0,207.50000000000003,5.04,1325,11.521739130434783,80,2,8,91,91,3.378608695652174,16.95,0.42,1,2011-02-25 09:09:00,2011-12-07 13:23:00,2,285,346.3675,165.625,11.375,0.3
13871,6403.25,19.057291666666668,17.0,67.2,5.04,2806,8.351190476190476,36,1,13,155,160,3.7608928571428573,12.75,0.42,1,2011-02-04 09:30:00,2011-11-17 10:49:00,23,286,492.5576923076923,215.84615384615384,11.923076923076923,0.14285714285714285
13873,389.6,16.93913043478261,15.9,30.0,6.959999999999999,140,6.086956521739131,24,1,3,21,21,4.609565217391304,12.75,0.29,1,2011-02-03 09:37:00,2011-08-12 10:08:00,120,190,129.86666666666667,46.666666666666664,7.0,0.25
13874,540.45,30.025000000000002,17.775000000000002,178.75,10.5,180,10.0,32,1,1,18,18,5.5055555555555555,35.75,0.65,1,2010-12-16 18:20:00,2010-12-16 18:20:00,358,0,540.45,180.0,18.0,0.0
13875,1786.79,17.180673076923078,15.0,178.20000000000002,4.5600000000000005,1316,12.653846153846153,50,1,5,79,82,1.9584615384615385,12.75,0.29,1,2011-02-11 15:39:00,2011-10-17 09:36:00,54,247,357.358,263.2,15.8,0.0
13876,122.7,17.52857142857143,15.0,23.9,12.600000000000001,36,5.142857142857143,12,2,1,7,7,5.114285714285714,11.95,1.25,1,2011-10-07 10:22:00,2011-10-07 10:22:00,64,0,122.7,36.0,7.0,0.0
13877,117.24,39.08,30.240000000000002,69.6,17.4,108,36.0,48,12,1,3,3,1.1766666666666665,1.45,0.63,1,2011-09-14 15:49:00,2011-09-14 15:49:00,86,0,117.24,108.0,3.0,0.0
13878,1281.53,35.598055555555554,29.700000000000003,99.60000000000001,9.959999999999999,475,13.194444444444445,48,2,1,35,35,4.655277777777778,16.95,0.29,1,2011-10-16 12:19:00,2011-10-16 12:19:00,55,0,1281.53,475.0,35.0,0.0
13880,3219.77,19.513757575757577,17.4,59.400000000000006,5.04,1842,11.163636363636364,48,1,13,125,126,2.68830303030303,16.95,0.29,1,2010-12-07 14:00:00,2011-11-18 13:44:00,21,345,247.67461538461538,141.69230769230768,9.615384615384615,0.0
13881,17159.52,96.40179775280899,70.8,612.0,8.5,10118,56.842696629213485,240,3,20,72,72,2.6765168539325845,12.75,0.19,1,2011-02-01 10:14:00,2011-12-06 12:50:00,4,308,857.976,505.9,3.6,0.09090909090909091
13882,1191.13,18.325076923076924,16.5,59.849999999999994,3.4799999999999995,953,14.661538461538461,48,2,5,54,54,3.381846153846154,25.0,0.19,1,2011-10-06 15:28:00,2011-12-07 11:16:00,3,61,238.22600000000003,190.6,10.8,0.16666666666666666
13883,2674.48,18.834366197183098,16.55,51.0,6.8,1436,10.112676056338028,48,2,5,108,110,3.3760563380281687,16.95,0.42,1,2011-03-31 17:17:00,2011-11-29 10:45:00,11,242,534.896,287.2,21.6,1.4444444444444444
13884,787.6,13.349152542372881,11.8,69.3,0.85,300,5.084745762711864,42,1,5,45,47,3.5635593220338984,12.75,0.85,1,2011-03-01 13:40:00,2011-12-02 16:30:00,7,276,157.52,60.0,9.0,0.16666666666666666
13885,506.8,18.1,16.6,51.0,6.6000000000000005,182,6.5,24,2,2,28,28,3.960714285714286,12.75,0.55,1,2011-05-23 08:52:00,2011-06-03 15:07:00,189,11,253.4,91.0,14.0,0.0
13886,243.56,15.2225,15.0,20.0,9.959999999999999,126,7.875,16,1,1,16,16,3.805,12.5,0.83,1,2011-09-29 13:17:00,2011-09-29 13:17:00,71,0,243.56,126.0,16.0,0.0
13887,349.55,18.397368421052633,15.600000000000001,32.7,9.959999999999999,147,7.7368421052631575,24,2,1,19,19,3.8542105263157898,9.95,0.65,1,2011-05-19 17:22:00,2011-05-19 17:22:00,204,0,349.55,147.0,19.0,0.0
13888,605.63,15.14075,15.45,30.0,2.5,258,6.45,24,1,2,38,38,4.1217500000000005,12.75,0.85,1,2011-05-05 14:41:00,2011-08-12 10:13:00,120,98,302.815,129.0,19.0,0.0
13889,416.90000000000003,27.793333333333337,25.0,50.400000000000006,14.850000000000001,146,9.733333333333333,24,3,1,15,15,3.8333333333333335,6.25,1.25,1,2011-09-08 09:13:00,2011-09-08 09:13:00,93,0,416.90000000000003,146.0,15.0,0.0
13890,1883.8100000000002,17.125545454545456,15.0,39.599999999999994,3.1,831,7.554545454545455,24,1,10,74,74,3.4015454545454546,12.75,0.29,1,2010-12-16 09:31:00,2011-12-08 15:36:00,1,357,188.38100000000003,83.1,7.4,0.2857142857142857
13892,632.97,23.443333333333335,15.0,114.83999999999999,3.04,983,36.407407407407405,396,5,4,26,26,1.1092592592592592,2.95,0.19,1,2011-04-07 12:04:00,2011-11-13 11:50:00,27,219,158.2425,245.75,6.5,0.0
13893,821.1,39.1,16.6,306.0,15.9,190,9.047619047619047,48,2,1,21,21,6.199999999999999,12.75,0.85,1,2011-02-15 11:30:00,2011-02-15 11:30:00,298,0,821.1,190.0,21.0,0.0
13894,564.62,20.911851851851853,17.4,76.32000000000001,7.800000000000001,354,13.11111111111111,72,1,3,25,25,2.6707407407407406,12.75,0.65,1,2011-02-02 12:54:00,2011-11-16 09:44:00,24,286,188.20666666666668,118.0,8.333333333333334,0.6
13895,2593.07,21.975169491525424,17.775000000000002,180.0,6.8,1365,11.567796610169491,100,2,4,97,98,2.9353389830508476,12.75,0.29,1,2011-06-28 10:17:00,2011-11-11 16:57:00,28,136,648.2675,341.25,24.25,0.2
13897,311.16,18.303529411764707,16.5,53.1,9.36,200,11.764705882352942,24,4,1,17,17,1.9476470588235293,4.15,0.39,1,2011-10-20 14:30:00,2011-10-20 14:30:00,50,0,311.16,200.0,17.0,0.0
13898,155.93,12.994166666666667,15.0,22.5,4.5600000000000005,133,11.083333333333334,24,2,1,12,12,2.6141666666666667,8.5,0.19,1,2011-01-18 10:28:00,2011-01-18 10:28:00,326,0,155.93,133.0,12.0,0.0
13899,388.52,20.448421052631577,17.700000000000003,51.0,10.2,156,8.210526315789474,12,4,2,19,19,3.0310526315789477,12.75,0.85,1,2011-03-10 09:30:00,2011-11-23 13:40:00,16,258,194.26,78.0,9.5,0.0
13900,740.95,17.23139534883721,15.0,102.0,5.04,430,10.0,40,1,3,42,42,3.113720930232558,14.95,0.42,1,2011-03-22 10:13:00,2011-06-09 19:26:00,183,79,246.98333333333335,143.33333333333334,14.0,0.0
13901,2867.2,19.242953020134227,16.6,59.95,4.5600000000000005,1739,11.671140939597315,48,1,5,144,144,3.7404697986577182,59.95,0.19,1,2011-01-25 09:01:00,2011-09-28 14:48:00,72,246,573.4399999999999,347.8,28.8,0.0
13904,332.64,12.793846153846154,13.200000000000001,19.799999999999997,5.04,332,12.76923076923077,25,6,2,24,24,1.323846153846154,2.95,0.42,1,2011-02-18 11:18:00,2011-11-02 13:41:00,37,257,166.32,166.0,12.0,0.0
13908,2369.55,19.42254098360656,15.299999999999999,124.80000000000001,6.8,1478,12.114754098360656,120,1,4,104,104,2.867540983606557,50.0,0.29,1,2011-03-08 12:04:00,2011-09-21 11:49:00,80,196,592.3875,369.5,26.0,0.8
13911,2580.91,17.43858108108108,15.0,119.52,5.04,2731,18.4527027027027,384,1,9,120,120,2.389189189189189,12.75,0.14,1,2011-02-04 14:46:00,2011-10-13 15:43:00,57,251,286.7677777777778,303.44444444444446,13.333333333333334,0.0
13914,626.45,18.983333333333334,15.299999999999999,59.400000000000006,6.64,380,11.515151515151516,48,1,2,28,29,2.5521212121212122,12.5,0.19,1,2011-11-03 16:28:00,2011-11-28 10:35:00,12,24,313.225,190.0,14.0,0.3333333333333333
13917,272.04,15.113333333333335,15.149999999999999,30.599999999999998,2.2800000000000002,228,12.666666666666666,24,2,2,16,16,2.022222222222222,9.95,0.19,1,2011-06-01 12:46:00,2011-10-21 09:56:00,50,141,136.02,114.0,8.0,0.0
13918,1212.8400000000001,40.428000000000004,20.15,254.4,15.0,1140,38.0,288,2,2,30,30,2.1853333333333333,9.95,0.21,1,2011-03-31 18:05:00,2011-10-21 12:25:00,50,203,606.4200000000001,570.0,15.0,0.0
13919,384.81,13.743214285714286,10.5,34.8,10.5,474,16.928571428571427,25,1,2,24,24,2.8360714285714286,18.0,0.42,1,2011-08-10 10:15:00,2011-10-11 14:24:00,59,62,192.405,237.0,12.0,1.6666666666666667
13922,172.25,24.607142857142858,20.4,39.8,12.6,93,13.285714285714286,30,2,1,7,7,4.988571428571428,12.75,0.42,1,2010-12-23 10:38:00,2010-12-23 10:38:00,352,0,172.25,93.0,7.0,0.0
13923,351.13,17.5565,15.75,35.400000000000006,5.04,185,9.25,12,2,1,20,20,2.9745,8.5,0.42,1,2011-10-17 12:33:00,2011-10-17 12:33:00,54,0,351.13,185.0,20.0,0.0
13924,1838.8500000000001,15.716666666666669,15.0,35.400000000000006,3.75,1575,13.461538461538462,72,1,6,90,90,2.6076068376068373,16.95,0.12,1,2011-09-28 15:07:00,2011-12-08 09:39:00,2,70,306.475,262.5,15.0,1.8181818181818181
13925,678.25,16.54268292682927,16.6,33.199999999999996,6.64,331,8.073170731707316,40,1,4,28,28,5.914390243902439,16.95,0.55,1,2011-07-28 12:09:00,2011-09-08 12:47:00,93,42,169.5625,82.75,7.0,0.6666666666666666
13926,223.85000000000002,20.35,17.700000000000003,39.95,3.1,104,9.454545454545455,25,1,1,11,11,6.533636363636364,39.95,0.42,1,2011-11-16 13:16:00,2011-11-16 13:16:00,23,0,223.85000000000002,104.0,11.0,0.0
13927,348.99,16.61857142857143,15.299999999999999,41.6,5.04,214,10.19047619047619,25,2,1,21,21,2.6957142857142857,7.5,0.42,1,2011-09-26 12:00:00,2011-09-26 12:00:00,75,0,348.99,214.0,21.0,0.0
13928,464.57,17.206296296296298,15.0,35.400000000000006,10.2,129,4.777777777777778,12,2,4,23,23,5.767407407407408,14.95,0.85,1,2011-07-29 15:59:00,2011-11-29 10:33:00,11,122,116.1425,32.25,5.75,0.0
13929,842.65,93.62777777777778,39.599999999999994,398.0,14.850000000000001,143,15.88888888888889,40,3,2,8,8,5.294444444444444,9.95,1.65,1,2011-01-17 15:11:00,2011-06-23 15:26:00,169,157,421.325,71.5,4.0,0.3333333333333333
13930,337.34,19.843529411764706,17.4,39.599999999999994,12.600000000000001,274,16.11764705882353,24,4,2,15,15,1.6405882352941177,5.75,0.55,1,2011-07-26 11:00:00,2011-10-13 09:45:00,58,78,168.67,137.0,7.5,0.0
13931,1237.53,21.336724137931036,17.369999999999997,255.0,8.5,725,12.5,48,3,2,56,56,2.0460344827586208,8.5,0.55,1,2011-03-04 08:43:00,2011-09-05 10:12:00,96,185,618.765,362.5,28.0,0.3333333333333333
13932,307.4,19.2125,15.45,34.0,11.9,72,4.5,12,1,1,16,16,6.103125,14.95,2.55,1,2011-02-18 12:02:00,2011-02-18 12:02:00,295,0,307.4,72.0,16.0,0.0
13933,608.7900000000001,26.469130434782613,22.5,67.5,14.850000000000001,205,8.91304347826087,12,3,2,23,23,3.460434782608696,7.95,1.25,1,2011-07-14 13:35:00,2011-08-22 14:03:00,109,39,304.39500000000004,102.5,11.5,0.0
13934,922.1,29.74516129032258,19.799999999999997,90.0,9.95,390,12.580645161290322,24,1,1,31,31,3.1870967741935483,12.75,0.85,1,2011-03-21 08:39:00,2011-03-21 08:39:00,264,0,922.1,390.0,31.0,0.0
13936,376.58,14.483846153846153,15.0,31.6,3.4799999999999995,330,12.692307692307692,36,4,1,26,26,1.5419230769230767,4.95,0.19,1,2011-06-13 08:47:00,2011-06-13 08:47:00,180,0,376.58,330.0,26.0,0.5
13937,158.85,17.65,17.4,30.599999999999998,6.6000000000000005,123,13.666666666666666,36,3,1,9,9,1.6944444444444444,4.95,0.55,1,2011-06-23 16:35:00,2011-06-23 16:35:00,169,0,158.85,123.0,9.0,0.0
13938,71.66,10.237142857142857,8.5,19.799999999999997,6.64,70,10.0,16,8,1,7,7,1.012857142857143,1.65,0.83,1,2011-11-04 14:37:00,2011-11-04 14:37:00,35,0,71.66,70.0,7.0,0.0
13939,568.55,12.634444444444444,10.2,35.400000000000006,4.5600000000000005,847,18.822222222222223,48,2,3,43,43,1.1835555555555555,12.75,0.19,1,2011-02-01 11:30:00,2011-11-16 13:33:00,23,288,189.51666666666665,282.3333333333333,14.333333333333334,0.25
13940,839.14,17.12530612244898,16.5,39.6,4.74,516,10.53061224489796,48,2,4,39,39,3.121428571428571,8.5,0.29,1,2011-07-18 16:05:00,2011-11-22 15:15:00,17,126,209.785,129.0,9.75,0.0
13941,5112.96,113.62133333333334,91.44,356.40000000000003,15.0,2364,52.53333333333333,256,4,5,24,25,3.8584444444444443,41.75,0.36,1,2010-12-02 10:17:00,2011-11-18 09:43:00,22,350,1022.592,472.8,4.8,0.2857142857142857
13946,561.5699999999999,51.05181818181818,29.700000000000003,132.0,3.9000000000000004,443,40.27272727272727,156,3,3,11,11,1.679090909090909,4.95,0.14,1,2011-03-17 10:02:00,2011-09-21 13:33:00,79,188,187.18999999999997,147.66666666666666,3.6666666666666665,0.0
13947,90.6,18.119999999999997,19.799999999999997,19.799999999999997,13.5,44,8.8,12,2,1,5,5,2.93,6.75,1.65,1,2011-10-05 14:42:00,2011-10-05 14:42:00,65,0,90.6,44.0,5.0,0.0
13948,102.0,34.0,31.8,46.8,23.4,40,13.333333333333334,24,4,1,3,3,3.9499999999999997,7.95,1.95,1,2010-12-14 10:18:00,2010-12-14 10:18:00,361,0,102.0,40.0,3.0,0.0
13949,2427.32,15.170750000000002,14.850000000000001,135.2,2.88,2474,15.4625,100,2,6,124,124,1.456625,6.25,0.04,1,2011-09-06 11:55:00,2011-12-07 09:35:00,3,91,404.55333333333334,412.3333333333333,20.666666666666668,0.0
13950,745.06,21.28742857142857,17.0,81.6,6.6000000000000005,323,9.228571428571428,32,1,4,33,33,4.589714285714285,16.95,0.42,1,2011-04-07 11:29:00,2011-11-28 14:44:00,11,235,186.265,80.75,8.25,0.2
13951,674.45,17.293589743589745,17.0,38.160000000000004,5.04,459,11.76923076923077,120,2,3,38,38,3.4892307692307694,12.75,0.19,1,2011-02-18 15:21:00,2011-06-16 16:43:00,176,118,224.8166666666667,153.0,12.666666666666666,0.0
13952,3251.071,23.730445255474454,19.5,70.80000000000001,0.001,1431,10.445255474452555,48,1,2,120,120,3.9832919708029197,16.95,0.001,1,2011-04-15 09:27:00,2011-05-06 09:00:00,218,20,1625.5355,715.5,60.0,0.3333333333333333
13953,3515.68,175.784,25.200000000000003,750.0,7.800000000000001,2724,136.2,600,4,7,8,8,2.293,5.45,0.65,1,2010-12-22 10:29:00,2011-12-02 16:04:00,7,345,502.23999999999995,389.14285714285717,1.1428571428571428,0.0
13954,439.92,17.5968,16.5,33.9,4.68,150,6.0,12,1,2,24,24,5.4508,16.95,0.39,1,2011-09-30 10:52:00,2011-12-08 12:50:00,2,69,219.96,75.0,12.0,1.6666666666666667
13955,322.96,9.786666666666665,9.899999999999999,51.0,0.55,154,4.666666666666667,16,1,2,33,33,3.016060606060606,12.75,0.29,1,2011-02-07 12:24:00,2011-07-08 17:19:00,154,151,161.48,77.0,16.5,0.0
13956,1026.42,6.752763157894737,4.949999999999999,49.01,0.65,491,3.2302631578947367,36,1,5,123,123,3.4226973684210527,29.95,0.21,1,2011-03-13 12:51:00,2011-12-04 13:20:00,5,266,205.28400000000002,98.2,24.6,0.0
13959,598.2,6.502173913043479,3.775,42.5,0.39,357,3.880434782608696,25,1,3,79,79,2.2039130434782606,8.95,0.39,1,2010-12-12 13:56:00,2011-09-21 15:06:00,79,283,199.4,119.0,26.333333333333332,0.0
13960,230.22,19.185,16.35,70.8,6.959999999999999,142,11.833333333333334,24,6,2,11,11,2.105,7.08,0.29,1,2011-09-29 12:39:00,2011-11-18 15:27:00,21,50,115.11,71.0,5.5,0.0
13962,169.55,15.413636363636364,15.0,21.95,10.08,87,7.909090909090909,24,1,2,11,11,7.019090909090909,21.95,0.42,1,2011-04-08 11:21:00,2011-11-18 08:47:00,22,223,84.775,43.5,5.5,0.0
13963,664.54,18.986857142857144,15.9,60.0,5.04,460,13.142857142857142,72,2,4,35,35,3.2680000000000002,9.95,0.21,1,2010-12-07 09:21:00,2011-02-04 14:43:00,308,59,166.135,115.0,8.75,0.0
13967,80.7,40.35,40.35,45.0,35.7,42,21.0,36,6,1,2,2,3.6,5.95,1.25,1,2011-07-17 12:02:00,2011-07-17 12:02:00,146,0,80.7,42.0,2.0,0.0
13969,9053.94,14.463162939297126,8.850000000000001,207.50000000000003,0.19,4542,7.255591054313099,100,1,18,334,339,2.954297124600639,85.0,0.12,1,2010-12-09 19:32:00,2011-12-02 15:11:00,7,357,502.99666666666667,252.33333333333334,18.555555555555557,0.35
13971,2758.26,18.511812080536913,17.4,49.800000000000004,5.1,1844,12.375838926174497,48,2,8,118,118,2.225167785234899,12.75,0.21,1,2011-02-27 12:27:00,2011-11-21 12:06:00,19,266,344.7825,230.5,14.75,0.8181818181818182
13972,190.25,12.683333333333334,15.0,23.6,4.75,187,12.466666666666667,25,2,2,15,15,2.546,7.95,0.19,1,2011-05-22 11:34:00,2011-09-30 11:54:00,71,131,95.125,93.5,7.5,0.0
13973,264.7,24.063636363636363,17.4,68.0,9.95,109,9.909090909090908,25,1,1,11,11,3.7563636363636363,9.95,0.42,1,2011-02-25 15:21:00,2011-02-25 15:21:00,287,0,264.7,109.0,11.0,0.0
13974,413.59000000000003,14.77107142857143,15.0,24.96,8.2,249,8.892857142857142,12,3,1,28,28,2.1967857142857143,5.95,0.82,1,2011-10-21 14:41:00,2011-10-21 14:41:00,49,0,413.59000000000003,249.0,28.0,0.0
13975,2526.28,7.474201183431953,5.02,51.0,0.55,1732,5.124260355029586,75,1,6,240,241,2.1954142011834317,9.95,0.14,1,2011-03-08 12:19:00,2011-11-08 13:19:00,31,245,421.0466666666667,288.6666666666667,40.0,0.2857142857142857
13976,357.98,35.798,24.36,69.36,15.0,154,15.4,48,4,1,10,10,3.568,7.95,0.39,1,2011-05-17 09:13:00,2011-05-17 09:13:00,207,0,357.98,154.0,10.0,0.0
13978,196.79000000000002,13.119333333333335,6.959999999999999,40.56,0.85,315,21.0,54,1,2,14,14,1.2106666666666668,4.95,0.12,1,2011-10-25 15:04:00,2011-11-25 11:36:00,15,30,98.39500000000001,157.5,7.0,0.0
13979,869.87,16.108703703703704,15.0,25.5,2.88,639,11.833333333333334,25,2,1,54,54,1.8322222222222222,6.25,0.12,1,2011-09-27 13:32:00,2011-09-27 13:32:00,73,0,869.87,639.0,54.0,0.0
13980,200.14,18.19454545454545,12.5,47.2,4.5600000000000005,172,15.636363636363637,64,2,1,11,11,3.9145454545454546,12.5,0.19,1,2011-10-10 13:34:00,2011-10-10 13:34:00,60,0,200.14,172.0,11.0,0.0
13982,1871.81,16.863153153153153,12.75,81.6,1.25,1136,10.234234234234235,48,1,4,72,72,2.232072072072072,7.95,0.29,1,2010-12-09 13:57:00,2011-10-31 16:24:00,39,326,467.9525,284.0,18.0,0.8
13983,2603.43,24.3311214953271,10.5,290.0,0.85,1183,11.05607476635514,72,1,12,91,92,6.329999999999999,145.0,0.19,1,2010-12-08 10:38:00,2011-11-10 11:06:00,30,337,216.9525,98.58333333333333,7.583333333333333,0.38461538461538464
13984,920.51,57.531875,29.5,432.48,8.5,679,42.4375,408,4,5,14,14,2.10875,4.95,0.65,1,2010-12-08 15:58:00,2011-11-13 12:38:00,27,339,184.102,135.8,2.8,0.16666666666666666
13985,7060.13,20.229598853868197,19.799999999999997,53.1,6.72,3445,9.87106017191977,36,2,15,108,109,2.384498567335244,15.95,0.29,1,2011-03-20 13:48:00,2011-12-05 17:06:00,4,260,470.67533333333336,229.66666666666666,7.2,0.125
13986,320.46,24.650769230769228,20.0,80.64,9.899999999999999,430,33.07692307692308,192,3,1,12,12,1.8615384615384616,3.75,0.42,1,2011-11-22 15:00:00,2011-11-22 15:00:00,17,0,320.46,430.0,12.0,0.0
13988,4147.96,17.726324786324785,15.850000000000001,71.9,3.04,3044,13.008547008547009,96,1,6,188,188,2.99974358974359,35.95,0.19,1,2011-03-30 11:48:00,2011-11-20 10:15:00,20,234,691.3266666666667,507.3333333333333,31.333333333333332,0.5555555555555556
13989,1266.08,30.88,15.8,145.0,10.2,1313,32.02439024390244,180,1,2,33,33,2.6253658536585367,14.95,0.36,1,2011-04-14 15:39:00,2011-10-05 09:47:00,66,173,633.04,656.5,16.5,0.0
13990,311.3,19.45625,16.55,35.7,6.6000000000000005,190,11.875,48,3,1,16,16,2.66,5.95,0.39,1,2011-05-10 15:19:00,2011-05-10 15:19:00,213,0,311.3,190.0,16.0,0.0
13991,855.97,10.190119047619048,7.38,39.6,0.19,998,11.880952380952381,48,1,6,58,59,1.4925000000000002,5.75,0.19,1,2011-07-19 12:58:00,2011-11-27 16:18:00,12,131,142.66166666666666,166.33333333333334,9.666666666666666,0.2857142857142857
13992,76.8,15.36,19.799999999999997,20.0,8.5,64,12.8,16,10,1,5,5,1.17,1.65,0.85,1,2011-11-09 15:23:00,2011-11-09 15:23:00,30,0,76.8,64.0,5.0,0.0
13993,3466.36,28.647603305785125,19.5,204.0,7.800000000000001,900,7.43801652892562,48,1,9,66,66,5.586942148760331,34.95,0.65,1,2011-01-13 10:43:00,2011-10-28 09:06:00,43,287,385.1511111111111,100.0,7.333333333333333,0.3333333333333333
13994,2313.14,14.923483870967742,14.850000000000001,49.5,1.7,940,6.064516129032258,36,1,6,122,122,3.8118064516129033,12.75,0.39,1,2011-07-14 18:28:00,2011-12-06 11:05:00,4,144,385.5233333333333,156.66666666666666,20.333333333333332,0.0
13995,1393.69,16.205697674418605,16.5,35.400000000000006,5.04,879,10.220930232558139,24,2,5,55,56,2.227558139534884,8.95,0.42,1,2011-04-08 08:20:00,2011-11-24 14:22:00,15,230,278.738,175.8,11.0,0.16666666666666666
13999,3901.81,18.758701923076924,16.5,81.36,2.2800000000000002,2243,10.783653846153847,36,2,12,102,104,2.274903846153846,9.95,0.19,1,2010-12-13 11:23:00,2011-11-29 13:40:00,10,351,325.1508333333333,186.91666666666666,8.5,0.26666666666666666
14000,635.66,42.37733333333333,42.5,93.60000000000001,15.0,710,47.333333333333336,144,4,1,15,15,1.9493333333333334,3.75,0.29,1,2011-05-12 16:50:00,2011-05-12 16:50:00,211,0,635.66,710.0,15.0,0.5
14001,2043.0800000000002,52.38666666666667,29.700000000000003,179.0,15.0,962,24.666666666666668,100,2,3,34,34,3.536153846153846,12.75,0.65,1,2010-12-01 12:58:00,2011-10-25 10:31:00,46,327,681.0266666666668,320.6666666666667,11.333333333333334,0.25
14002,529.73,11.270851063829788,9.959999999999999,23.4,1.9,877,18.659574468085108,108,1,2,47,47,2.411489361702128,16.95,0.06,1,2011-07-06 14:59:00,2011-07-28 15:55:00,134,22,264.865,438.5,23.5,0.0
14004,4582.64,26.799064327485382,20.4,82.5,8.7,2668,15.602339181286549,72,2,7,102,104,2.8440350877192984,14.95,0.42,1,2011-02-24 09:28:00,2011-10-27 14:40:00,43,245,654.6628571428572,381.14285714285717,14.571428571428571,0.0
14005,2874.72,34.22285714285714,17.4,175.2,4.5600000000000005,2478,29.5,240,2,5,53,53,2.205238095238095,12.75,0.19,1,2011-05-08 10:33:00,2011-11-30 12:41:00,10,206,574.944,495.6,10.6,0.0
14006,962.19,32.073,16.5,145.0,13.200000000000001,641,21.366666666666667,100,1,3,22,23,2.3706666666666667,15.95,0.55,1,2011-01-31 15:11:00,2011-08-16 09:39:00,116,196,320.73,213.66666666666666,7.333333333333333,0.0
14009,695.61,16.562142857142856,17.4,30.0,7.6499999999999995,365,8.69047619047619,24,2,2,42,42,2.822142857142857,8.5,0.55,1,2011-05-18 13:00:00,2011-05-25 15:47:00,198,7,347.805,182.5,21.0,0.6666666666666666
14012,328.8,29.89090909090909,32.7,39.6,13.6,160,14.545454545454545,24,6,1,11,11,2.8318181818181816,5.45,0.85,1,2011-03-07 12:26:00,2011-03-07 12:26:00,278,0,328.8,160.0,11.0,0.0
14013,473.02,13.91235294117647,15.0,39.6,2.88,462,13.588235294117647,48,4,3,30,30,1.3817647058823528,4.95,0.12,1,2011-03-09 08:59:00,2011-08-21 15:01:00,110,165,157.67333333333332,154.0,10.0,0.0
14014,505.18,12.953333333333333,13.919999999999998,30.0,2.88,1076,27.58974358974359,72,6,1,39,39,0.5679487179487179,2.08,0.12,1,2011-09-23 13:18:00,2011-09-23 13:18:00,77,0,505.18,1076.0,39.0,0.0
14015,917.34,45.867000000000004,45.0,108.48,15.0,378,18.9,72,4,1,20,20,3.107,5.95,0.72,1,2011-10-18 10:02:00,2011-10-18 10:02:00,53,0,917.34,378.0,20.0,0.0
14016,4341.21,26.964037267080744,17.85,207.50000000000003,4.5600000000000005,2125,13.198757763975156,96,1,4,154,154,3.9495652173913043,65.0,0.19,1,2010-12-17 14:21:00,2011-07-01 11:29:00,162,195,1085.3025,531.25,38.5,0.2
14019,1421.61,21.539545454545454,17.4,99.84,8.7,1037,15.712121212121213,144,1,3,37,38,2.4148484848484846,12.75,0.36,1,2011-07-24 15:39:00,2011-10-24 10:13:00,47,91,473.86999999999995,345.6666666666667,12.333333333333334,0.5
14020,642.8,16.48205128205128,15.0,39.599999999999994,6.959999999999999,441,11.307692307692308,36,1,2,37,37,2.848974358974359,10.95,0.29,1,2011-09-12 15:32:00,2011-11-23 09:22:00,17,71,321.4,220.5,18.5,0.0
14021,631.9,28.722727272727273,19.799999999999997,76.5,15.0,192,8.727272727272727,24,2,3,22,22,4.502272727272727,12.75,1.25,1,2011-03-28 15:10:00,2011-07-07 15:46:00,155,101,210.63333333333333,64.0,7.333333333333333,0.0
14022,440.0,15.714285714285714,15.0,35.400000000000006,5.04,487,17.392857142857142,48,4,1,28,28,1.2953571428571429,3.95,0.21,1,2011-04-28 14:39:00,2011-04-28 14:39:00,225,0,440.0,487.0,28.0,0.0
14023,584.07,18.840967741935486,17.4,44.550000000000004,7.5,345,11.129032258064516,36,2,2,30,30,2.870967741935484,9.95,0.42,1,2011-04-03 15:50:00,2011-12-02 13:58:00,7,242,292.035,172.5,15.0,0.0
14024,327.7,20.48125,20.6,30.599999999999998,12.75,150,9.375,24,1,2,16,16,3.70125,12.75,0.85,1,2011-08-07 13:31:00,2011-08-10 11:30:00,122,2,163.85,75.0,8.0,0.0
14027,104.82,17.47,17.4,24.96,9.9,62,10.333333333333334,12,2,1,6,6,2.143333333333333,4.95,0.85,1,2011-10-10 09:01:00,2011-10-10 09:01:00,61,0,104.82,62.0,6.0,0.0
14029,467.66,31.177333333333333,25.0,79.2,9.36,198,13.2,40,2,2,15,15,4.366,12.75,0.39,1,2011-07-18 16:57:00,2011-10-07 14:46:00,63,80,233.83,99.0,7.5,0.0
14030,2360.09,9.712304526748971,5.95,290.0,0.84,1479,6.08641975308642,36,1,8,210,210,4.054444444444445,165.0,0.29,1,2010-12-08 16:11:00,2011-11-21 16:48:00,18,348,295.01125,184.875,26.25,0.0
14031,17286.86,69.14744,40.980000000000004,1416.0,0.83,5788,23.152,216,1,19,119,119,4.32708,12.75,0.39,1,2010-12-02 16:34:00,2011-12-02 17:13:00,7,365,909.8347368421053,304.63157894736844,6.2631578947368425,0.34782608695652173
14032,2975.59,20.80832167832168,16.8,128.88,5.04,2032,14.20979020979021,72,2,11,53,56,2.38993006993007,8.95,0.29,1,2010-12-08 10:53:00,2011-12-07 15:23:00,2,364,270.5081818181818,184.72727272727272,4.818181818181818,0.5
14034,651.8199999999999,7.323820224719101,3.38,87.8,0.29,423,4.752808988764045,48,1,3,82,82,2.354494382022472,21.95,0.29,1,2011-07-05 13:06:00,2011-11-17 14:02:00,22,135,217.2733333333333,141.0,27.333333333333332,0.75
14035,1428.02,21.636666666666667,15.149999999999999,81.6,0.55,739,11.196969696969697,48,1,5,41,42,2.81030303030303,15.0,0.42,1,2011-02-15 12:48:00,2011-11-11 10:03:00,29,268,285.604,147.8,8.2,0.0
14036,626.65,16.49078947368421,15.9,31.8,5.04,268,7.052631578947368,24,1,1,38,38,4.371842105263158,12.75,0.42,1,2011-02-28 09:26:00,2011-02-28 09:26:00,285,0,626.65,268.0,38.0,0.0
14037,147.20000000000002,5.257142857142858,3.75,17.700000000000003,1.25,46,1.6428571428571428,6,1,2,27,27,3.460714285714286,7.95,1.25,1,2010-12-10 11:39:00,2011-06-16 13:57:00,176,188,73.60000000000001,23.0,13.5,0.0
14038,1560.38,16.960652173913044,16.5,39.6,6.8,965,10.48913043478261,25,4,3,64,66,1.917717391304348,4.95,0.42,1,2011-05-16 14:05:00,2011-09-22 13:37:00,78,128,520.1266666666667,321.6666666666667,21.333333333333332,0.25
14039,152.2,25.366666666666664,16.5,69.6,16.5,92,15.333333333333334,48,4,1,6,6,2.033333333333333,4.15,1.45,1,2011-11-06 13:48:00,2011-11-06 13:48:00,33,0,152.2,92.0,6.0,0.0
14040,3614.92,15.38263829787234,9.9,175.2,1.25,1554,6.6127659574468085,50,1,12,146,149,3.8171063829787233,12.75,0.42,1,2011-01-12 14:57:00,2011-10-30 12:42:00,41,290,301.24333333333334,129.5,12.166666666666666,0.4
14041,141.41,6.733809523809524,2.5,39.9,0.55,94,4.476190476190476,19,1,1,21,21,1.870952380952381,4.95,0.29,1,2011-03-18 13:25:00,2011-03-18 13:25:00,266,0,141.41,94.0,21.0,0.0
14044,652.82,3.1235406698564594,2.1,49.95,0.39,308,1.4736842105263157,6,1,4,165,167,2.5656937799043065,49.95,0.19,1,2011-02-03 11:39:00,2011-11-13 12:05:00,27,283,163.205,77.0,41.25,0.0
14045,1659.75,276.625,275.4,408.0,132.0,535,89.16666666666667,147,36,4,4,4,4.233333333333333,8.5,1.65,1,2010-12-01 11:32:00,2011-08-22 15:27:00,109,264,414.9375,133.75,1.0,0.0
14046,154.99,11.070714285714287,6.8999999999999995,40.32,2.0999999999999996,460,32.857142857142854,96,2,1,14,14,0.5407142857142857,3.75,0.19,1,2011-02-28 14:48:00,2011-02-28 14:48:00,284,0,154.99,460.0,14.0,0.0
14047,1308.6100000000001,40.894062500000004,18.875,183.60000000000002,9.3,381,11.90625,48,2,5,22,22,4.8353125,9.95,0.29,1,2010-12-02 10:09:00,2011-12-01 11:43:00,9,364,261.72200000000004,76.2,4.4,0.2857142857142857
14048,409.93,4.822705882352941,4.2,23.6,1.25,288,3.388235294117647,48,1,1,83,83,2.1890588235294115,5.95,0.21,1,2011-02-07 14:53:00,2011-02-07 14:53:00,305,0,409.93,288.0,83.0,1.5
14049,5681.72,11.642868852459017,8.36,119.39999999999999,0.39,3870,7.930327868852459,96,1,4,348,349,2.570655737704918,65.0,0.21,1,2011-01-26 11:27:00,2011-11-23 12:20:00,17,301,1420.43,967.5,87.0,2.8333333333333335
14050,746.36,13.821481481481483,13.200000000000001,30.0,4.5600000000000005,689,12.75925925925926,25,2,2,49,49,1.5387037037037037,4.95,0.19,1,2011-08-25 13:46:00,2011-11-08 10:00:00,32,74,373.18,344.5,24.5,0.0
14051,15610.390000000001,74.33519047619048,61.199999999999996,357.6,6.959999999999999,3756,17.885714285714286,72,1,23,52,54,4.660714285714286,15.0,0.29,1,2010-12-08 12:49:00,2011-12-09 10:20:00,1,365,678.7126086956522,163.30434782608697,2.260869565217391,0.19230769230769232
14052,225.36,4.024285714285715,2.5,18.75,0.42,89,1.5892857142857142,16,1,1,56,56,2.882142857142857,9.95,0.39,1,2011-11-20 12:30:00,2011-11-20 12:30:00,20,0,225.36,89.0,56.0,0.0
14053,260.25,65.0625,67.625,112.5,12.5,215,53.75,100,10,2,2,2,1.3775,1.95,1.06,1,2011-07-03 12:21:00,2011-08-07 14:27:00,124,35,130.125,107.5,1.0,0.0
14054,92.46,15.409999999999998,16.5,16.5,9.959999999999999,62,10.333333333333334,12,10,1,6,6,1.5133333333333334,1.65,0.83,1,2011-10-05 15:49:00,2011-10-05 15:49:00,65,0,92.46,62.0,6.0,0.0
14055,725.6400000000001,72.56400000000001,29.625,415.00000000000006,13.52,216,21.6,100,2,1,10,10,4.453,11.95,1.45,1,2011-08-25 15:04:00,2011-08-25 15:04:00,106,0,725.6400000000001,216.0,10.0,0.0
14056,8214.65,7.427350813743218,4.9799999999999995,74.25,0.39,4273,3.863471971066908,30,1,23,320,331,2.8268083182640145,12.75,0.19,1,2011-02-28 15:19:00,2011-12-08 13:36:00,1,282,357.1586956521739,185.7826086956522,13.91304347826087,0.7586206896551724
14057,6217.96,21.894225352112677,15.0,386.64,0.65,4876,17.169014084507044,216,1,17,179,180,1.9360211267605636,12.75,0.21,1,2010-12-14 12:11:00,2011-11-16 10:32:00,24,336,365.76235294117646,286.8235294117647,10.529411764705882,0.3888888888888889
14059,183.6,22.95,19.799999999999997,51.0,10.2,128,16.0,60,4,1,8,8,2.3125,4.95,0.85,1,2011-03-18 10:06:00,2011-03-18 10:06:00,267,0,183.6,128.0,8.0,0.0
14060,6140.42,30.39811881188119,17.700000000000003,252.0,5.04,5386,26.663366336633665,144,2,19,86,88,1.4406930693069306,7.65,0.21,1,2010-12-02 12:11:00,2011-12-05 12:29:00,5,368,323.18,283.4736842105263,4.526315789473684,0.05
14062,10464.85,94.27792792792793,69.36,594.0,0.84,5593,50.387387387387385,864,1,12,60,62,2.8256756756756753,8.5,0.1,1,2010-12-10 15:56:00,2011-11-30 10:04:00,10,354,872.0708333333333,466.0833333333333,5.0,0.0
14064,1353.74,16.92175,7.725,311.03999999999996,0.65,1788,22.35,864,1,5,59,59,1.58,7.95,0.29,1,2011-03-10 12:59:00,2011-11-10 13:14:00,29,245,270.748,357.6,11.8,0.2857142857142857
14066,152.55,21.792857142857144,15.299999999999999,38.25,15.0,45,6.428571428571429,12,3,1,7,7,4.364285714285715,12.75,1.25,1,2011-03-18 12:21:00,2011-03-18 12:21:00,267,0,152.55,45.0,7.0,0.0
14067,374.7,7.2057692307692305,4.465,24.75,0.65,361,6.9423076923076925,48,1,2,51,51,2.8625,18.95,0.29,1,2011-09-04 12:00:00,2011-10-07 10:21:00,64,32,187.35,180.5,25.5,0.0
14068,265.85,11.077083333333334,8.5,40.5,3.75,73,3.0416666666666665,10,1,1,22,22,4.091666666666667,8.5,1.25,1,2011-01-23 16:02:00,2011-01-23 16:02:00,320,0,265.85,73.0,22.0,0.0
14071,1438.82,4.440802469135802,2.435,40.56,0.19,995,3.0709876543209877,36,1,8,271,271,2.4038271604938273,16.95,0.12,1,2011-03-20 11:33:00,2011-12-06 12:27:00,4,261,179.8525,124.375,33.875,1.0
14073,151.04,11.618461538461538,11.5,17.0,6.959999999999999,130,10.0,24,2,1,13,13,2.1415384615384614,5.75,0.29,1,2011-11-07 15:49:00,2011-11-07 15:49:00,32,0,151.04,130.0,13.0,0.5
14075,942.26,21.913023255813954,19.799999999999997,85.92,5.04,754,17.53488372093023,48,2,3,33,33,1.8132558139534884,7.95,0.42,1,2011-03-23 16:35:00,2011-12-05 08:38:00,5,256,314.08666666666664,251.33333333333334,11.0,0.0
14076,122.47,2.662391304347826,2.015,16.95,0.21,81,1.7608695652173914,12,1,1,43,43,2.009130434782609,16.95,0.21,1,2011-08-02 15:19:00,2011-08-02 15:19:00,129,0,122.47,81.0,43.0,0.0
14077,499.41999999999996,11.89095238095238,7.65,85.92,0.95,268,6.380952380952381,48,1,5,33,33,2.665952380952381,9.95,0.42,1,2011-03-10 15:52:00,2011-10-30 12:35:00,41,233,99.88399999999999,53.6,6.6,0.0
14078,1049.37,16.144153846153845,2.95,158.75,0.83,310,4.769230769230769,25,1,6,46,46,2.6804615384615382,12.75,0.39,1,2010-12-01 12:54:00,2011-08-30 12:16:00,102,271,174.89499999999998,51.666666666666664,7.666666666666667,0.0
14079,375.1,31.258333333333336,15.0,165.0,4.15,301,25.083333333333332,100,1,1,12,12,3.2733333333333334,15.95,0.42,1,2011-08-07 12:10:00,2011-08-07 12:10:00,125,0,375.1,301.0,12.0,0.0
14080,45.599999999999994,11.399999999999999,10.2,15.0,10.2,48,12.0,12,12,1,4,4,0.95,1.25,0.85,1,2011-11-07 11:09:00,2011-11-07 11:09:00,33,0,45.599999999999994,48.0,4.0,0.0
14081,934.52,6.10797385620915,5.0,25.5,0.65,596,3.895424836601307,36,1,2,126,126,3.0334640522875818,14.95,0.29,1,2010-12-05 15:47:00,2011-02-10 16:17:00,302,67,467.26,298.0,63.0,0.75
14082,182.25,6.2844827586206895,3.75,23.400000000000002,0.95,110,3.793103448275862,36,1,1,28,28,2.587586206896552,7.95,0.42,1,2010-12-10 11:02:00,2010-12-10 11:02:00,365,0,182.25,110.0,28.0,0.0
14083,1018.43,5.626685082872928,3.9,29.700000000000003,0.65,732,4.044198895027624,120,1,9,162,162,2.806243093922652,16.95,0.12,1,2010-12-03 12:24:00,2011-12-05 13:14:00,4,367,113.15888888888888,81.33333333333333,18.0,0.0
14085,4448.54,9.885644444444445,7.6499999999999995,51.0,0.39,3184,7.075555555555556,72,1,18,272,274,2.401177777777778,16.95,0.21,1,2010-12-06 12:39:00,2011-12-07 13:46:00,2,366,247.14111111111112,176.88888888888889,15.11111111111111,0.05263157894736842
14087,194.42,2.8176811594202897,2.16,11.7,0.38,251,3.63768115942029,30,1,1,61,61,1.4207246376811595,4.95,0.06,1,2011-12-07 12:41:00,2011-12-07 12:41:00,3,0,194.42,251.0,61.0,0.5
14088,50491.81,85.7246349745331,69.3,459.0,1.06,12665,21.502546689303905,100,1,13,379,381,5.730696095076401,110.0,0.72,1,2011-01-21 13:07:00,2011-11-29 16:16:00,10,312,3883.9853846153846,974.2307692307693,29.153846153846153,0.07142857142857142
14089,161.0,11.5,4.15,31.200000000000003,1.25,134,9.571428571428571,48,1,1,13,13,2.207142857142857,8.25,0.65,1,2011-10-14 10:38:00,2011-10-14 10:38:00,57,0,161.0,134.0,13.0,0.0
14090,76.32000000000001,76.32000000000001,76.32000000000001,76.32000000000001,76.32000000000001,72,72.0,72,72,1,1,1,1.06,1.06,1.06,1,2011-01-19 10:51:00,2011-01-19 10:51:00,325,0,76.32000000000001,72.0,1.0,0.0
14092,4076.91,19.050981308411213,16.6,71.4,0.85,2066,9.654205607476635,30,1,14,117,117,2.7328971962616824,14.95,0.21,1,2010-12-16 15:47:00,2011-12-02 12:13:00,8,350,291.2078571428571,147.57142857142858,8.357142857142858,0.17647058823529413
14093,442.85,4.217619047619048,2.52,30.0,0.39,406,3.8666666666666667,36,1,1,95,95,1.4897142857142855,5.95,0.19,1,2011-11-27 16:27:00,2011-11-27 16:27:00,12,0,442.85,406.0,95.0,0.0
14096,65164.79,12.749909998043435,5.79,1599.26,0.42,16352,3.1993738994325964,108,1,17,1119,1129,6.5217080806104475,1599.26,0.42,1,2011-08-30 10:49:00,2011-12-05 17:17:00,4,97,3833.2229411764706,961.8823529411765,65.82352941176471,0.5
14098,147.35,7.016666666666667,2.95,61.199999999999996,0.21,104,4.9523809523809526,24,1,1,21,21,1.7047619047619047,4.25,0.21,1,2011-11-03 10:13:00,2011-11-03 10:13:00,37,0,147.35,104.0,21.0,0.0
14099,3104.17,12.41668,8.775,121.67999999999999,0.75,2179,8.716,72,1,11,167,169,2.59356,16.95,0.1,1,2010-12-20 11:14:00,2011-11-23 13:53:00,16,338,282.1972727272727,198.0909090909091,15.181818181818182,0.16666666666666666
14100,194.9,7.496153846153846,6.25,23.85,0.95,64,2.4615384615384617,6,1,1,24,24,3.388461538461539,7.95,0.85,1,2011-07-25 11:01:00,2011-07-25 11:01:00,138,0,194.9,64.0,24.0,0.0
14101,5976.79,170.76542857142857,108.16,550.0,0.85,6942,198.34285714285716,2160,1,6,15,16,1.73,3.75,0.25,1,2011-01-17 13:09:00,2011-09-27 12:28:00,74,252,996.1316666666667,1157.0,2.5,0.0
14102,1360.28,17.21873417721519,15.0,90.0,0.55,961,12.164556962025317,72,1,5,35,35,2.0744303797468353,12.5,0.55,1,2011-10-26 12:46:00,2011-12-04 15:38:00,5,39,272.056,192.2,7.0,0.625
14104,216.20999999999998,10.295714285714284,4.25,85.0,0.1,72,3.4285714285714284,24,1,2,21,21,7.933809523809523,85.0,0.1,1,2011-06-27 12:49:00,2011-07-08 12:50:00,155,11,108.10499999999999,36.0,10.5,0.0
14105,1266.23,17.111216216216217,15.299999999999999,53.550000000000004,5.04,800,10.81081081081081,32,2,1,74,74,2.9174324324324328,12.75,0.29,1,2011-04-14 17:58:00,2011-04-14 17:58:00,239,0,1266.23,800.0,74.0,1.0
14107,2703.23,21.977479674796747,17.4,71.4,6.959999999999999,1793,14.577235772357724,48,2,7,61,61,2.6591056910569106,12.75,0.29,1,2010-12-10 13:29:00,2011-10-19 12:12:00,52,312,386.17571428571426,256.14285714285717,8.714285714285714,0.125
14108,597.91,17.585588235294118,15.0,59.400000000000006,4.68,381,11.205882352941176,25,1,2,33,33,3.093235294117647,16.65,0.39,1,2011-08-30 11:32:00,2011-11-09 10:41:00,31,70,298.955,190.5,16.5,0.3333333333333333
14109,144.2,16.022222222222222,15.0,25.200000000000003,8.5,88,9.777777777777779,16,2,1,9,9,2.466666666666667,6.65,0.85,1,2011-09-28 10:18:00,2011-09-28 10:18:00,73,0,144.2,88.0,9.0,2.5
14110,5683.15,36.66548387096774,19.799999999999997,325.44,6.6000000000000005,2445,15.774193548387096,96,2,12,94,94,2.3614193548387097,8.5,0.42,1,2011-03-18 09:59:00,2011-12-06 12:26:00,4,263,473.5958333333333,203.75,7.833333333333333,0.07692307692307693
14111,692.85,69.285,77.1,153.0,10.2,458,45.8,144,1,4,10,10,3.6799999999999997,15.0,0.55,1,2011-04-12 11:36:00,2011-11-25 13:44:00,14,227,173.2125,114.5,2.5,0.2
14112,2915.15,18.2196875,16.6,102.0,6.8,1651,10.31875,48,1,7,117,120,2.5103125,12.5,0.42,1,2011-03-09 11:28:00,2011-11-17 12:30:00,23,253,416.45,235.85714285714286,16.714285714285715,1.0833333333333333
14113,1840.42,54.13,17.4,408.0,7.4399999999999995,745,21.91176470588235,96,2,4,26,26,2.481176470588235,12.5,0.42,1,2010-12-20 12:14:00,2011-12-06 12:18:00,4,351,460.105,186.25,6.5,0.75
14114,386.53,25.768666666666665,17.88,89.69999999999999,8.5,101,6.733333333333333,12,2,2,15,15,6.312666666666667,16.95,0.85,1,2011-01-13 11:05:00,2011-03-11 09:42:00,274,56,193.265,50.5,7.5,0.0
14116,1382.74,19.204722222222223,15.299999999999999,85.0,8.7,707,9.819444444444445,48,2,5,61,61,3.251666666666667,12.75,0.39,1,2011-08-10 12:44:00,2011-11-20 10:29:00,20,101,276.548,141.4,12.2,0.0
14117,90.0,30.0,30.0,30.0,30.0,72,24.0,24,24,1,3,3,1.25,1.25,1.25,1,2011-07-19 09:49:00,2011-07-19 09:49:00,144,0,90.0,72.0,3.0,0.0
14121,2780.15,17.485220125786164,15.299999999999999,94.80000000000001,4.32,2082,13.09433962264151,72,1,4,148,148,2.2942138364779874,25.0,0.12,1,2011-10-11 10:39:00,2011-12-06 12:19:00,4,56,695.0375,520.5,37.0,0.3333333333333333
14124,419.58000000000004,83.91600000000001,90.0,143.26,20.0,1618,323.6,500,72,1,4,4,0.358,0.75,0.04,1,2011-09-16 13:32:00,2011-09-16 13:32:00,84,0,419.58000000000004,1618.0,4.0,0.0
14125,2740.43,16.409760479041914,15.299999999999999,47.8,5.04,1640,9.820359281437126,25,1,3,159,159,3.1613173652694613,25.0,0.29,1,2011-09-22 15:40:00,2011-11-29 12:47:00,11,67,913.4766666666666,546.6666666666666,53.0,0.0
14126,706.1300000000001,47.07533333333334,17.700000000000003,305.28000000000003,11.7,508,33.86666666666667,288,1,3,14,14,4.040666666666667,15.0,1.06,1,2011-11-29 12:21:00,2011-12-02 11:45:00,8,2,235.3766666666667,169.33333333333334,4.666666666666667,0.25
14127,709.71,16.129772727272726,15.9,23.6,2.9,321,7.295454545454546,24,2,3,39,39,3.9595454545454545,7.95,0.42,1,2011-02-02 12:26:00,2011-08-09 10:49:00,123,187,236.57000000000002,107.0,13.0,0.0
14128,637.5,13.858695652173912,15.0,29.700000000000003,5.04,564,12.26086956521739,25,1,2,40,40,1.895,12.5,0.29,1,2011-03-29 10:49:00,2011-10-10 12:00:00,61,195,318.75,282.0,20.0,0.0
14129,1123.8600000000001,21.61269230769231,19.8,45.0,10.08,592,11.384615384615385,36,3,5,31,35,2.734423076923077,5.75,0.42,1,2011-03-24 08:44:00,2011-12-08 11:02:00,2,259,224.77200000000002,118.4,6.2,0.0
14130,483.86,7.221791044776119,5.85,40.8,1.25,258,3.8507462686567164,48,1,1,66,66,2.865373134328358,14.95,0.29,1,2011-01-24 16:05:00,2011-01-24 16:05:00,319,0,483.86,258.0,66.0,0.0
14132,3586.0299999999997,17.930149999999998,15.0,74.0,4.32,3368,16.84,108,2,11,100,99,1.71775,11.95,0.06,1,2011-06-09 12:04:00,2011-12-07 13:35:00,2,181,326.00272727272727,306.1818181818182,9.090909090909092,0.08333333333333333
14133,605.64,21.63,19.909999999999997,39.599999999999994,10.2,348,12.428571428571429,36,1,3,25,26,3.7950000000000004,35.95,0.83,1,2011-01-28 11:27:00,2011-08-02 11:34:00,130,186,201.88,116.0,8.333333333333334,0.4
14135,4690.31,35.00231343283583,19.799999999999997,237.60000000000002,7.800000000000001,3850,28.73134328358209,600,2,15,95,96,2.472462686567164,8.5,0.24,1,2010-12-02 10:27:00,2011-12-08 11:38:00,2,371,312.68733333333336,256.6666666666667,6.333333333333333,0.0
14138,982.3800000000001,20.901702127659576,16.5,99.60000000000001,9.36,610,12.97872340425532,24,3,2,40,40,2.3117021276595744,4.95,0.39,1,2011-10-07 09:38:00,2011-12-08 12:44:00,2,62,491.19000000000005,305.0,20.0,0.0
14139,415.82,15.993076923076924,12.059999999999999,61.199999999999996,8.4,510,19.615384615384617,72,2,1,26,26,1.4576923076923076,11.95,0.29,1,2011-10-24 13:34:00,2011-10-24 13:34:00,46,0,415.82,510.0,26.0,0.0
14140,935.05,14.167424242424241,15.0,30.599999999999998,5.04,811,12.287878787878787,48,1,2,60,60,1.823939393939394,12.75,0.19,1,2011-11-08 11:20:00,2011-12-06 09:05:00,4,27,467.525,405.5,30.0,0.3333333333333333
14141,915.13,22.87825,19.799999999999997,59.400000000000006,10.2,355,8.875,24,1,4,27,27,3.5195,12.75,0.85,1,2011-08-26 14:40:00,2011-12-07 09:53:00,3,102,228.7825,88.75,6.75,1.0
14142,311.81,14.173181818181819,15.0,25.200000000000003,5.04,313,14.227272727272727,36,2,1,22,22,1.7704545454545455,8.5,0.21,1,2010-12-01 16:33:00,2010-12-01 16:33:00,373,0,311.81,313.0,22.0,0.0
14143,115.8,16.54285714285714,17.0,19.799999999999997,15.0,30,4.285714285714286,12,2,1,7,7,5.485714285714286,8.5,1.65,1,2011-07-29 09:48:00,2011-07-29 09:48:00,134,0,115.8,30.0,7.0,0.0
14145,3742.2,340.2,297.0,594.0,237.60000000000002,756,68.72727272727273,120,48,4,6,6,4.95,4.95,4.95,1,2011-05-06 13:01:00,2011-10-24 12:10:00,47,170,935.55,189.0,1.5,0.2
14146,4191.0,19.957142857142856,15.45,183.60000000000002,6.64,2437,11.604761904761904,48,1,5,183,184,2.6339047619047617,16.95,0.39,1,2010-12-17 15:52:00,2011-12-01 10:18:00,9,348,838.2,487.4,36.6,5.833333333333333
14147,483.4,96.67999999999999,81.6,204.0,15.0,108,21.6,32,12,2,4,4,4.55,8.5,1.25,1,2011-02-27 11:42:00,2011-09-22 18:10:00,78,207,241.7,54.0,2.0,0.3333333333333333
14148,157.2,52.4,14.850000000000001,127.5,14.850000000000001,16,5.333333333333333,10,3,1,3,3,7.55,12.75,4.95,1,2011-04-20 12:02:00,2011-04-20 12:02:00,234,0,157.2,16.0,3.0,0.0
14149,446.62,15.950714285714286,15.299999999999999,25.5,4.68,218,7.785714285714286,24,2,1,28,28,2.9699999999999998,12.75,0.39,1,2011-05-03 09:44:00,2011-05-03 09:44:00,221,0,446.62,218.0,28.0,4.0
14150,658.64,25.33230769230769,15.149999999999999,118.80000000000001,4.5600000000000005,496,19.076923076923077,40,4,2,23,23,1.6823076923076923,6.25,0.19,1,2010-12-15 10:04:00,2011-11-04 10:05:00,36,324,329.32,248.0,11.5,0.0
14152,621.29,12.67938775510204,10.08,30.0,3.3600000000000003,711,14.510204081632653,48,3,2,47,47,1.143469387755102,4.95,0.14,1,2011-04-19 15:46:00,2011-09-25 12:54:00,75,158,310.645,355.5,23.5,0.3333333333333333
14154,1345.62,25.87730769230769,17.4,195.0,10.08,465,8.942307692307692,25,1,2,52,52,7.893076923076923,195.0,0.42,1,2011-04-14 15:58:00,2011-04-14 16:26:00,239,0,672.81,232.5,26.0,0.0
14155,118.75,19.791666666666668,17.85,29.5,17.85,25,4.166666666666667,10,3,1,6,6,5.45,5.95,2.95,1,2011-03-18 14:13:00,2011-03-18 14:13:00,266,0,118.75,25.0,6.0,0.0
14156,117379.63,83.84259285714286,21.45,2365.2,1.25,57885,41.34642857142857,1440,1,55,714,730,3.826914285714286,50.0,0.04,1,2010-12-03 11:48:00,2011-11-30 10:54:00,10,361,2134.175090909091,1052.4545454545455,12.981818181818182,0.30303030303030304
14157,432.88,9.018333333333333,8.06,35.400000000000006,0.65,284,5.916666666666667,48,1,2,45,45,2.1975000000000002,4.95,0.42,1,2011-02-27 13:04:00,2011-11-20 11:32:00,20,265,216.44,142.0,22.5,0.3333333333333333
14158,507.66,12.381951219512196,10.5,34.0,4.5600000000000005,781,19.048780487804876,96,2,1,41,41,1.5365853658536586,9.95,0.19,1,2011-10-30 15:08:00,2011-10-30 15:08:00,40,0,507.66,781.0,41.0,0.0
14159,4693.01,3.8978488372093025,2.95,51.0,0.12,4408,3.661129568106312,48,1,11,501,507,1.4932392026578072,16.95,0.12,1,2010-12-12 11:17:00,2011-11-20 12:36:00,20,343,426.6372727272728,400.72727272727275,45.54545454545455,0.5714285714285714
14161,1110.52,10.282592592592593,8.36,39.8,1.25,455,4.212962962962963,25,1,3,87,87,3.1771296296296296,14.95,0.29,1,2010-12-05 13:18:00,2011-05-08 11:41:00,216,153,370.17333333333335,151.66666666666666,29.0,0.0
14162,289.36,11.5744,8.5,40.8,2.55,142,5.68,48,1,2,25,25,3.8892,12.75,0.29,1,2011-02-20 12:32:00,2011-06-19 11:36:00,174,118,144.68,71.0,12.5,0.0
14163,2445.91,47.036730769230765,31.8,297.0,2.8499999999999996,893,17.173076923076923,80,2,4,36,36,4.738076923076923,32.95,0.39,1,2011-04-14 17:33:00,2011-09-13 15:18:00,87,151,611.4775,223.25,9.0,0.0
14164,1631.77,56.26793103448276,30.0,358.0,15.0,1033,35.62068965517241,200,12,2,28,28,1.5541379310344827,2.95,0.85,1,2011-09-20 12:18:00,2011-09-30 12:24:00,71,10,815.885,516.5,14.0,0.0
14165,122.53999999999999,4.901599999999999,5.1,17.0,0.39,54,2.16,9,1,1,23,23,3.2376,12.75,0.39,1,2011-03-09 12:39:00,2011-03-09 12:39:00,276,0,122.53999999999999,54.0,23.0,0.0
14167,574.84,11.054615384615385,9.95,25.5,1.06,150,2.8846153846153846,10,1,4,27,27,4.298461538461539,9.95,0.65,1,2011-01-12 15:44:00,2011-10-31 14:29:00,39,291,143.71,37.5,6.75,0.0
14171,363.79,6.272241379310345,4.465,25.5,0.65,167,2.8793103448275863,12,1,1,57,57,2.8863793103448274,12.75,0.39,1,2011-09-02 16:43:00,2011-09-02 16:43:00,98,0,363.79,167.0,57.0,0.0
14173,450.84,15.546206896551723,7.8,135.0,0.55,150,5.172413793103448,36,1,4,28,28,4.376896551724138,16.95,0.42,1,2011-05-04 14:03:00,2011-11-29 11:54:00,11,208,112.71,37.5,7.0,0.0
14174,134.46,5.171538461538462,5.15,9.95,1.58,94,3.6153846153846154,8,1,1,26,26,1.9373076923076922,9.95,0.29,1,2011-11-06 13:17:00,2011-11-06 13:17:00,33,0,134.46,94.0,26.0,0.0
14175,3222.3,21.626174496644296,19.5,75.0,4.68,1515,10.167785234899329,36,1,3,139,139,3.7063758389261743,16.95,0.39,1,2011-01-14 12:22:00,2011-10-11 11:55:00,60,269,1074.1000000000001,505.0,46.333333333333336,2.142857142857143
14176,576.9000000000001,18.609677419354842,17.700000000000003,35.400000000000006,7.5,209,6.741935483870968,12,2,4,28,28,3.574193548387097,9.95,1.25,1,2010-12-07 11:45:00,2011-02-15 13:12:00,297,70,144.22500000000002,52.25,7.0,0.2
14177,559.41,13.319285714285714,7.725,109.0,0.85,205,4.880952380952381,36,1,4,37,37,4.346666666666667,12.75,0.19,1,2011-06-13 11:10:00,2011-09-14 15:11:00,86,93,139.8525,51.25,9.25,0.2
14178,1620.93,4.9569724770642205,2.95,59.400000000000006,0.19,1505,4.602446483180428,64,1,7,191,191,1.7031192660550458,10.0,0.06,1,2011-06-10 12:51:00,2011-12-01 12:01:00,9,173,231.5614285714286,215.0,27.285714285714285,0.0
14179,719.78,4.36230303030303,3.3,34.8,0.55,330,2.0,24,1,2,135,135,2.813575757575758,12.75,0.29,1,2011-10-18 14:00:00,2011-10-30 12:07:00,41,11,359.89,165.0,67.5,0.0
14180,4748.52,19.785500000000003,16.95,165.0,7.5,719,2.995833333333333,24,1,25,112,111,9.311208333333333,165.0,0.85,1,2010-12-02 13:08:00,2011-11-29 10:56:00,11,361,189.94080000000002,28.76,4.48,0.25806451612903225
14184,452.89,18.870416666666667,17.0,39.8,9.899999999999999,127,5.291666666666667,12,2,1,24,24,5.418333333333333,12.5,1.25,1,2011-10-04 12:43:00,2011-10-04 12:43:00,67,0,452.89,127.0,24.0,0.0
14185,197.65,65.88333333333334,19.9,165.0,12.75,6,2.0,3,1,1,3,3,59.73333333333333,165.0,4.25,1,2011-01-12 13:52:00,2011-01-12 13:52:00,331,0,197.65,6.0,3.0,0.0
14188,2054.36,31.605538461538462,33.0,62.400000000000006,6.959999999999999,1162,17.876923076923077,30,4,6,34,36,1.975076923076923,8.5,0.29,1,2011-02-02 13:46:00,2011-11-09 12:45:00,31,279,342.3933333333334,193.66666666666666,5.666666666666667,0.6
14189,4654.08,17.56256603773585,15.0,76.32000000000001,2.88,3937,14.856603773584906,144,2,15,176,177,2.158,9.95,0.06,1,2010-12-06 11:42:00,2011-12-07 15:55:00,2,366,310.272,262.46666666666664,11.733333333333333,0.5
14191,4684.76,18.08787644787645,17.4,79.0,3.3600000000000003,3662,14.13899613899614,72,2,13,145,145,1.9932818532818533,8.25,0.14,1,2011-05-03 10:30:00,2011-12-08 09:23:00,2,218,360.36615384615385,281.6923076923077,11.153846153846153,0.2857142857142857
14193,853.39,20.318809523809524,17.369999999999997,74.0,9.959999999999999,445,10.595238095238095,40,2,2,35,35,2.724047619047619,7.95,0.29,1,2011-03-15 11:38:00,2011-10-03 09:34:00,68,201,426.695,222.5,17.5,0.0
14194,11349.52,19.601934369602763,17.0,129.0,2.88,5840,10.08635578583765,72,1,21,269,274,3.387288428324698,20.8,0.12,1,2011-02-04 14:51:00,2011-12-05 10:38:00,5,303,540.4533333333334,278.0952380952381,12.80952380952381,0.78125
14195,1012.0,144.57142857142858,91.80000000000001,392.0,39.8,760,108.57142857142857,392,4,2,7,7,5.992857142857143,12.75,0.85,1,2011-04-01 16:50:00,2011-05-22 10:29:00,202,50,506.0,380.0,3.5,0.3333333333333333
14196,335.52,55.919999999999995,28.16,163.2,17.0,142,23.666666666666668,64,2,1,6,6,3.265,8.5,1.25,1,2011-08-25 10:25:00,2011-08-25 10:25:00,107,0,335.52,142.0,6.0,0.0
14198,701.4,17.984615384615385,17.700000000000003,40.8,8.7,290,7.435897435897436,48,1,4,35,36,4.7356410256410255,19.95,0.42,1,2011-04-14 14:54:00,2011-11-21 16:35:00,18,221,175.35,72.5,8.75,0.7142857142857143
14199,185.39999999999998,92.69999999999999,92.69999999999999,175.2,10.2,28,14.0,16,12,1,2,2,5.8999999999999995,10.95,0.85,1,2011-05-05 13:44:00,2011-05-05 13:44:00,218,0,185.39999999999998,28.0,2.0,0.0
14201,747.44,20.20108108108108,17.34,67.6,6.959999999999999,590,15.945945945945946,96,2,7,32,32,2.545945945945946,9.95,0.19,1,2010-12-15 13:25:00,2011-10-10 13:27:00,60,299,106.77714285714286,84.28571428571429,4.571428571428571,0.2222222222222222
14204,161.03,3.659772727272727,2.3,14.850000000000001,0.38,82,1.8636363636363635,6,1,1,36,36,2.4050000000000002,12.5,0.19,1,2011-12-07 13:38:00,2011-12-07 13:38:00,2,0,161.03,82.0,36.0,0.0
14205,466.7,19.445833333333333,17.0,33.0,13.200000000000001,204,8.5,24,2,2,23,23,4.167916666666667,8.25,0.55,1,2011-03-20 15:07:00,2011-11-23 10:55:00,17,247,233.35,102.0,11.5,3.75
14206,328.15999999999997,16.407999999999998,13.75,30.0,10.08,276,13.8,24,2,1,20,20,1.797,12.75,0.42,1,2011-04-14 16:38:00,2011-04-14 16:38:00,239,0,328.15999999999997,276.0,20.0,0.5
14208,151.74,15.174000000000001,14.61,22.5,10.5,114,11.4,25,2,1,10,10,3.5269999999999997,8.95,0.42,1,2011-09-06 12:48:00,2011-09-06 12:48:00,95,0,151.74,114.0,10.0,0.0
14209,2073.43,23.83252873563218,17.700000000000003,81.6,7.800000000000001,691,7.942528735632184,48,1,6,55,56,5.291494252873563,19.95,0.63,1,2011-01-11 12:56:00,2011-11-29 10:18:00,11,321,345.57166666666666,115.16666666666667,9.166666666666666,0.14285714285714285
14210,1905.8400000000001,18.684705882352944,17.700000000000003,51.0,6.6000000000000005,760,7.450980392156863,36,1,6,66,65,3.816372549019608,12.75,0.42,1,2010-12-03 12:43:00,2011-08-26 12:36:00,106,265,317.64000000000004,126.66666666666667,11.0,0.14285714285714285
14211,2241.1,20.009821428571428,17.4,147.5,5.04,1242,11.089285714285714,96,1,9,87,87,2.7716964285714285,12.75,0.39,1,2011-02-17 15:50:00,2011-10-17 13:23:00,53,241,249.0111111111111,138.0,9.666666666666666,0.46153846153846156
14212,1070.48,118.94222222222223,144.0,237.60000000000002,50.4,1152,128.0,200,48,1,9,9,1.2522222222222221,4.95,0.42,1,2011-09-11 12:45:00,2011-09-11 12:45:00,90,0,1070.48,1152.0,9.0,0.0
14214,1004.38,14.990746268656716,15.0,33.9,4.5600000000000005,751,11.208955223880597,36,2,5,64,64,2.3407462686567166,16.95,0.19,1,2011-03-07 12:26:00,2011-11-09 10:31:00,31,246,200.876,150.2,12.8,0.42857142857142855
14215,1789.72,16.57148148148148,15.0,35.400000000000006,4.5600000000000005,1358,12.574074074074074,96,2,6,98,98,2.221111111111111,12.75,0.19,1,2010-12-06 15:34:00,2011-11-28 12:19:00,12,356,298.2866666666667,226.33333333333334,16.333333333333332,0.14285714285714285
14216,1839.3,31.17457627118644,16.5,195.60000000000002,8.2,594,10.067796610169491,36,1,4,47,47,4.716271186440678,25.0,0.39,1,2011-11-02 10:51:00,2011-12-06 14:56:00,3,34,459.825,148.5,11.75,0.0
14217,2004.98,20.0498,17.0,130.8,9.48,689,6.89,60,1,17,78,78,5.4955,18.95,0.65,1,2010-12-08 13:28:00,2011-12-08 11:53:00,2,364,117.94,40.529411764705884,4.588235294117647,0.2916666666666667
14218,169.48000000000002,14.123333333333335,15.0,20.8,4.5600000000000005,160,13.333333333333334,24,6,1,12,12,1.4400000000000002,2.95,0.19,1,2011-10-28 10:00:00,2011-10-28 10:00:00,43,0,169.48000000000002,160.0,12.0,0.0
14219,89.94,12.848571428571429,15.0,25.200000000000003,3.4799999999999995,78,11.142857142857142,24,2,1,7,7,2.2885714285714287,8.25,0.29,1,2011-12-05 16:23:00,2011-12-05 16:23:00,4,0,89.94,78.0,7.0,0.0
14220,632.4,30.114285714285714,17.85,121.67999999999999,14.850000000000001,272,12.952380952380953,72,3,2,21,21,3.3961904761904766,5.95,0.83,1,2010-12-16 18:18:00,2011-04-06 13:23:00,247,110,316.2,136.0,10.5,0.0
14221,3432.8,17.78652849740933,15.0,131.39999999999998,3.9,2191,11.352331606217616,48,1,9,123,123,3.2711398963730574,24.95,0.29,1,2011-01-04 15:33:00,2011-10-28 13:42:00,42,296,381.4222222222222,243.44444444444446,13.666666666666666,0.1
14222,683.17,16.662682926829266,15.6,40.8,5.04,607,14.804878048780488,48,1,1,41,41,1.706829268292683,9.95,0.42,1,2011-06-15 16:42:00,2011-06-15 16:42:00,177,0,683.17,607.0,41.0,0.0
14223,991.13,16.518833333333333,15.9,39.6,6.72,585,9.75,48,1,3,50,50,3.8998333333333335,12.75,0.19,1,2011-03-20 16:02:00,2011-09-08 13:38:00,92,171,330.37666666666667,195.0,16.666666666666668,0.25
14224,1050.12,8.899322033898304,5.05,64.35000000000001,0.65,514,4.3559322033898304,48,1,4,105,105,3.8577966101694914,24.95,0.29,1,2011-01-23 13:58:00,2011-08-21 13:24:00,110,209,262.53,128.5,26.25,0.0
14226,2232.19,33.31626865671642,19.799999999999997,232.0,6.64,1308,19.52238805970149,160,1,5,64,64,2.8997014925373135,16.95,0.29,1,2011-03-15 15:36:00,2011-11-11 11:34:00,29,240,446.438,261.6,12.8,0.8571428571428571
14227,3350.96,19.148342857142858,17.34,70.80000000000001,7.800000000000001,1820,10.4,36,1,10,117,118,2.8489714285714287,14.95,0.42,1,2011-02-28 12:27:00,2011-11-13 15:48:00,26,258,335.096,182.0,11.7,0.5333333333333333
14229,1547.2,38.68,16.875,175.2,12.5,610,15.25,48,2,3,29,29,3.22,12.75,0.83,1,2011-01-10 12:03:00,2011-10-19 10:04:00,52,281,515.7333333333333,203.33333333333334,9.666666666666666,0.6
14231,925.71,18.514200000000002,17.2,79.9,8.5,409,8.18,16,1,3,47,47,3.6696000000000004,39.95,0.65,1,2011-02-24 11:55:00,2011-06-09 11:05:00,184,104,308.57,136.33333333333334,15.666666666666666,0.8
14232,2048.07,17.80930434782609,15.299999999999999,53.1,4.5600000000000005,1941,16.878260869565217,72,1,5,81,81,1.8238260869565217,12.75,0.19,1,2011-03-20 12:44:00,2011-10-28 11:09:00,43,221,409.61400000000003,388.2,16.2,0.375
14233,1462.72,41.792,25.0,232.0,6.959999999999999,680,19.428571428571427,160,3,4,30,30,2.7905714285714285,5.95,0.29,1,2011-01-26 12:43:00,2011-10-21 15:54:00,49,268,365.68,170.0,7.5,0.2
14234,775.46,4.877106918238994,2.89,45.0,0.19,963,6.056603773584905,100,1,4,122,122,1.591069182389937,7.5,0.04,1,2011-10-13 13:58:00,2011-11-17 17:53:00,22,35,193.865,240.75,30.5,0.0
14235,3144.86,39.80835443037975,20.16,179.0,9.9,1959,24.79746835443038,100,2,5,65,66,2.017974683544304,10.95,0.42,1,2011-03-24 13:23:00,2011-09-25 14:37:00,75,185,628.972,391.8,13.0,0.16666666666666666
14236,490.86,32.724000000000004,13.200000000000001,158.4,6.72,310,20.666666666666668,48,2,2,15,15,2.0653333333333332,7.95,0.29,1,2010-12-02 18:49:00,2011-09-20 09:13:00,81,291,245.43,155.0,7.5,0.0
14237,161.0,17.88888888888889,17.0,33.9,10.2,38,4.222222222222222,12,1,1,9,9,7.122222222222222,16.95,0.85,1,2010-12-01 13:20:00,2010-12-01 13:20:00,373,0,161.0,38.0,9.0,0.0
14238,146.85,18.35625,17.9,30.0,7.5,111,13.875,32,3,1,8,8,2.2874999999999996,9.95,0.65,1,2011-01-17 14:40:00,2011-01-17 14:40:00,326,0,146.85,111.0,8.0,0.0
14239,2380.85,21.257589285714285,17.700000000000003,79.2,6.959999999999999,993,8.866071428571429,24,2,11,83,83,3.6066964285714285,16.95,0.29,1,2011-01-27 14:45:00,2011-10-27 14:40:00,43,272,216.4409090909091,90.27272727272727,7.545454545454546,0.3076923076923077
14240,890.34,21.19857142857143,17.700000000000003,83.4,6.959999999999999,418,9.952380952380953,24,2,2,37,38,3.439761904761905,14.95,0.29,1,2011-04-28 11:40:00,2011-11-09 13:45:00,30,195,445.17,209.0,18.5,0.0
14241,213.70000000000002,21.37,15.0,66.4,13.200000000000001,146,14.6,24,4,1,10,10,1.955,4.95,0.55,1,2011-06-09 11:46:00,2011-06-09 11:46:00,184,0,213.70000000000002,146.0,10.0,0.0
14242,280.55,17.534375,17.55,25.5,10.2,123,7.6875,12,2,2,13,13,3.720625,12.75,0.85,1,2011-01-18 08:53:00,2011-04-19 11:46:00,235,91,140.275,61.5,6.5,0.0
14243,2588.77,18.360070921985816,15.8,70.8,4.5600000000000005,1221,8.659574468085106,48,1,10,99,99,3.9612765957446805,12.75,0.19,1,2010-12-09 08:34:00,2011-12-01 11:12:00,9,357,258.877,122.1,9.9,0.5
14245,1693.45,15.680092592592594,15.45,39.6,6.6000000000000005,976,9.037037037037036,24,1,2,107,107,3.1289814814814814,14.95,0.29,1,2011-03-21 10:41:00,2011-05-04 08:40:00,220,43,846.725,488.0,53.5,0.8
14246,1474.06,19.654133333333334,17.700000000000003,39.6,10.2,804,10.72,72,2,3,57,57,2.9734666666666665,12.75,0.42,1,2011-04-08 08:25:00,2011-08-21 11:50:00,111,135,491.3533333333333,268.0,19.0,0.0
14247,136.76999999999998,6.838499999999999,4.949999999999999,20.650000000000002,1.65,47,2.35,8,1,1,19,19,3.912,12.75,0.85,1,2011-03-06 15:21:00,2011-03-06 15:21:00,278,0,136.76999999999998,47.0,19.0,0.0
14248,302.58,37.8225,15.0,204.0,10.08,102,12.75,24,2,1,8,8,3.0525,8.5,0.42,1,2011-01-25 14:45:00,2011-01-25 14:45:00,318,0,302.58,102.0,8.0,0.0
14250,1904.05,17.153603603603603,16.5,39.599999999999994,5.04,1200,10.81081081081081,48,2,3,94,94,2.487207207207207,8.5,0.29,1,2011-09-11 13:44:00,2011-12-02 14:30:00,7,82,634.6833333333333,400.0,31.333333333333332,0.0
14251,2879.7000000000003,36.91923076923077,24.96,102.0,10.08,1674,21.46153846153846,72,4,5,37,37,2.0692307692307694,5.95,0.42,1,2011-10-13 12:46:00,2011-12-08 08:32:00,2,55,575.94,334.8,7.4,0.0
14256,969.0600000000001,18.284150943396227,15.9,45.0,6.8,414,7.811320754716981,24,1,2,51,51,4.05188679245283,14.95,0.55,1,2010-12-10 11:44:00,2011-03-24 13:17:00,260,104,484.53000000000003,207.0,25.5,0.3333333333333333
14257,3099.7200000000003,29.242641509433966,19.799999999999997,249.60000000000002,5.04,1682,15.867924528301886,240,1,5,88,88,2.838867924528302,35.95,0.39,1,2011-01-25 10:49:00,2011-10-06 16:54:00,64,254,619.9440000000001,336.4,17.6,0.16666666666666666
14258,12669.98,114.14396396396396,81.6,504.0,13.200000000000001,7100,63.96396396396396,1200,10,9,58,59,3.8380180180180177,12.95,0.36,1,2011-01-06 12:18:00,2011-11-30 15:27:00,9,328,1407.7755555555555,788.8888888888889,6.444444444444445,0.1
14259,120.0,24.0,16.5,39.599999999999994,15.0,68,13.6,24,2,1,5,5,2.83,7.95,1.25,1,2011-07-21 10:44:00,2011-07-21 10:44:00,142,0,120.0,68.0,5.0,0.0
14261,1163.45,22.37403846153846,17.4,70.80000000000001,6.2,406,7.8076923076923075,32,2,2,52,52,5.064038461538461,12.75,0.83,1,2011-09-22 10:47:00,2011-10-20 10:04:00,51,27,581.725,203.0,26.0,0.0
14262,2618.23,18.3093006993007,15.0,85.92,7.9,1645,11.503496503496503,48,2,8,87,88,2.090699300699301,8.5,0.42,1,2011-04-13 12:23:00,2011-12-01 14:17:00,8,232,327.27875,205.625,10.875,0.0
14264,333.97,19.64529411764706,15.9,47.6,12.5,70,4.117647058823529,12,1,2,15,15,6.62,12.5,1.65,1,2011-04-08 12:20:00,2011-07-08 10:20:00,155,90,166.985,35.0,7.5,0.6666666666666666
14265,530.18,17.10258064516129,16.5,29.9,10.5,330,10.64516129032258,25,1,2,31,31,5.862903225806452,16.95,0.42,1,2011-07-14 09:10:00,2011-08-22 13:32:00,109,39,265.09,165.0,15.5,0.0
14267,1516.24,27.568,19.5,76.5,10.08,530,9.636363636363637,24,2,3,25,25,4.3910909090909085,14.95,0.42,1,2011-03-24 11:38:00,2011-06-30 10:09:00,163,97,505.41333333333336,176.66666666666666,8.333333333333334,1.5714285714285714
14270,492.65000000000003,16.98793103448276,15.0,31.8,9.95,197,6.793103448275862,24,1,1,29,29,4.570689655172414,12.75,0.55,1,2011-01-12 09:33:00,2011-01-12 09:33:00,332,0,492.65000000000003,197.0,29.0,0.0
14271,112.32,11.232,10.899999999999999,19.9,5.04,88,8.8,12,2,1,10,10,2.491,9.95,0.42,1,2011-04-28 12:47:00,2011-04-28 12:47:00,226,0,112.32,88.0,10.0,0.0
14272,437.96,13.271515151515151,10.08,34.68,2.88,599,18.151515151515152,100,1,2,33,33,2.2675757575757576,12.75,0.1,1,2011-03-30 13:57:00,2011-09-27 10:08:00,74,180,218.98,299.5,16.5,0.0
14273,559.97,19.309310344827587,19.8,41.6,10.5,264,9.10344827586207,20,3,4,22,22,2.4848275862068965,5.95,0.79,1,2011-04-11 13:24:00,2011-10-19 13:20:00,51,190,139.9925,66.0,5.5,0.0
14276,1119.74,17.4959375,16.5,44.849999999999994,9.959999999999999,744,11.625,24,2,3,52,55,2.2271875,14.95,0.55,1,2011-02-23 09:38:00,2011-09-02 09:45:00,99,191,373.24666666666667,248.0,17.333333333333332,2.2
14277,4216.2,18.738666666666667,15.0,99.5,1.69,1984,8.817777777777778,120,1,3,195,195,3.8665777777777777,24.95,0.39,1,2011-05-11 13:20:00,2011-11-24 15:01:00,15,197,1405.3999999999999,661.3333333333334,65.0,0.75
14280,134.04,16.755,16.875,25.5,5.04,52,6.5,12,2,1,8,8,4.73375,12.75,0.42,1,2011-05-27 10:37:00,2011-05-27 10:37:00,197,0,134.04,52.0,8.0,0.0
14282,3729.34,23.906025641025643,17.0,179.0,2.34,2668,17.102564102564102,100,5,15,70,73,1.600320512820513,3.75,0.04,1,2010-12-07 12:21:00,2011-12-06 17:04:00,3,364,248.62266666666667,177.86666666666667,4.666666666666667,0.0
14284,595.25,18.6015625,17.2,31.8,11.5,161,5.03125,12,1,2,24,24,4.821875,12.75,1.45,1,2011-09-14 13:04:00,2011-11-09 08:11:00,31,55,297.625,80.5,12.0,0.6666666666666666
14285,1910.01,70.74111111111111,51.0,183.60000000000002,5.9,541,20.037037037037038,72,1,4,18,18,4.82037037037037,16.95,0.85,1,2011-06-16 12:36:00,2011-11-18 14:50:00,21,155,477.5025,135.25,4.5,0.0
14286,4628.75,16.53125,15.0,70.80000000000001,5.04,4338,15.492857142857142,100,2,3,220,221,1.5431785714285713,8.5,0.21,1,2011-04-11 08:16:00,2011-11-16 10:34:00,24,219,1542.9166666666667,1446.0,73.33333333333333,1.0
14287,176.63,19.625555555555554,17.28,31.2,12.5,261,29.0,144,3,3,9,9,1.913333333333333,4.95,0.12,1,2011-05-25 11:41:00,2011-12-01 13:25:00,8,190,58.876666666666665,87.0,3.0,0.5
14288,426.6,26.6625,18.9,69.6,15.0,188,11.75,48,4,1,16,16,3.00625,12.75,1.25,1,2011-05-10 13:22:00,2011-05-10 13:22:00,213,0,426.6,188.0,16.0,0.5
14289,911.26,19.388510638297873,15.9,67.5,6.72,292,6.212765957446808,24,2,6,33,34,5.346382978723404,12.75,0.42,1,2011-02-23 12:33:00,2011-12-01 11:44:00,9,280,151.87666666666667,48.666666666666664,5.5,0.0
14290,2314.65,22.917326732673267,17.700000000000003,183.60000000000002,6.64,915,9.05940594059406,25,1,5,89,89,3.6530693069306936,39.95,0.42,1,2010-12-13 10:24:00,2011-11-28 14:02:00,11,350,462.93,183.0,17.8,0.3333333333333333
14291,3883.25,16.385021097046412,15.6,89.69999999999999,5.04,2749,11.59915611814346,36,1,11,145,145,2.5928691983122363,15.95,0.29,1,2011-03-09 15:20:00,2011-12-08 10:26:00,2,273,353.02272727272725,249.9090909090909,13.181818181818182,0.08333333333333333
14292,4871.93,48.719300000000004,18.6,297.0,9.959999999999999,1663,16.63,100,1,9,64,65,3.346,16.95,0.42,1,2011-03-02 08:26:00,2011-12-02 11:50:00,8,275,541.3255555555556,184.77777777777777,7.111111111111111,0.5714285714285714
14293,1046.56,17.15672131147541,16.5,47.7,4.32,709,11.62295081967213,25,2,4,51,52,2.206393442622951,7.95,0.18,1,2010-12-06 10:18:00,2011-12-06 15:17:00,3,365,261.64,177.25,12.75,0.0
14295,166.20000000000002,33.24,25.200000000000003,50.400000000000006,15.0,84,16.8,24,12,1,5,5,1.9300000000000002,2.1,1.25,1,2011-10-30 15:50:00,2011-10-30 15:50:00,40,0,166.20000000000002,84.0,5.0,1.0
14297,1305.33,21.053709677419352,17.369999999999997,60.0,6.959999999999999,865,13.951612903225806,48,3,4,48,48,2.3419354838709676,9.95,0.29,1,2011-03-10 08:31:00,2011-11-22 09:06:00,18,257,326.3325,216.25,12.0,0.3333333333333333
14298,51527.3,31.476664630421503,23.2,650.25,0.19,58343,35.640195479535734,900,1,44,884,891,1.4979780085522296,16.95,0.04,1,2010-12-14 12:59:00,2011-12-01 13:12:00,8,352,1171.075,1325.9772727272727,20.09090909090909,0.06666666666666667
14299,3965.62,27.73160839160839,19.5,350.4,5.04,2149,15.027972027972028,288,1,9,94,95,3.091818181818182,15.95,0.29,1,2010-12-09 10:30:00,2011-12-01 16:05:00,8,357,440.6244444444444,238.77777777777777,10.444444444444445,1.0555555555555556
14300,43.2,14.4,16.5,16.5,10.2,32,10.666666666666666,12,10,1,3,3,1.383333333333333,1.65,0.85,1,2011-11-21 08:57:00,2011-11-21 08:57:00,19,0,43.2,32.0,3.0,0.0
14301,640.14,49.24153846153846,50.0,91.8,15.0,606,46.61538461538461,180,12,1,13,13,1.3523076923076922,2.55,0.36,1,2011-08-14 15:33:00,2011-08-14 15:33:00,117,0,640.14,606.0,13.0,1.5
14304,383.45,22.555882352941175,19.5,47.7,12.600000000000001,139,8.176470588235293,24,1,1,17,17,4.885294117647058,15.95,1.25,1,2011-05-01 11:50:00,2011-05-01 11:50:00,223,0,383.45,139.0,17.0,5.0
14305,1858.96,17.70438095238095,15.0,53.1,4.25,1089,10.371428571428572,24,1,3,96,96,2.3532380952380954,15.0,0.19,1,2011-07-27 14:14:00,2011-09-29 15:29:00,71,64,619.6533333333333,363.0,32.0,1.0
14306,2093.32,63.4339393939394,37.5,252.0,5.04,1075,32.57575757575758,200,3,2,33,33,4.135151515151516,12.5,0.36,1,2011-09-15 10:31:00,2011-10-19 13:23:00,51,34,1046.66,537.5,16.5,0.6666666666666666
14307,2995.72,16.642888888888887,15.059999999999999,50.849999999999994,5.04,2058,11.433333333333334,96,1,6,150,150,2.4864444444444445,16.95,0.21,1,2010-12-01 11:41:00,2011-09-12 09:38:00,89,284,499.28666666666663,343.0,25.0,0.0
14309,2352.53,20.10709401709402,15.8,138.24,2.88,1633,13.957264957264957,192,2,9,74,74,2.456153846153846,12.75,0.12,1,2010-12-16 13:05:00,2011-12-01 13:33:00,8,350,261.39222222222224,181.44444444444446,8.222222222222221,0.6
14311,310.26,15.513,15.149999999999999,23.6,10.2,146,7.3,36,1,1,20,20,5.084,14.95,0.39,1,2011-04-11 10:14:00,2011-04-11 10:14:00,243,0,310.26,146.0,20.0,3.5
14312,1611.59,18.524022988505745,17.0,66.0,6.959999999999999,1012,11.632183908045977,96,1,6,74,74,3.5480459770114945,24.95,0.19,1,2011-01-06 16:35:00,2011-10-24 09:46:00,47,290,268.5983333333333,168.66666666666666,12.333333333333334,0.0
14314,120.0,15.0,9.36,46.8,4.5600000000000005,296,37.0,80,12,1,8,8,0.66625,1.95,0.06,1,2011-08-25 10:39:00,2011-08-25 10:39:00,107,0,120.0,296.0,8.0,0.0
14315,2481.13,24.565643564356435,20.8,70.8,7.800000000000001,1021,10.108910891089108,48,1,6,64,64,3.71,24.95,0.65,1,2011-03-18 12:59:00,2011-10-26 12:06:00,45,221,413.5216666666667,170.16666666666666,10.666666666666666,0.42857142857142855
14317,508.58000000000004,21.190833333333334,18.75,66.0,9.36,255,10.625,24,2,1,24,24,3.0975,12.5,0.39,1,2011-10-06 10:44:00,2011-10-06 10:44:00,65,0,508.58000000000004,255.0,24.0,0.0
14320,477.79,15.412580645161292,17.4,35.400000000000006,5.04,325,10.483870967741936,20,2,2,29,29,1.957741935483871,9.95,0.42,1,2011-01-11 09:12:00,2011-05-17 09:24:00,207,126,238.895,162.5,14.5,3.6666666666666665
14321,1530.75,12.445121951219512,10.5,83.4,2.88,2406,19.5609756097561,100,1,5,111,111,1.41869918699187,14.95,0.04,1,2011-01-10 11:35:00,2011-11-29 09:47:00,11,322,306.15,481.2,22.2,0.0
14323,605.0600000000001,16.807222222222222,16.700000000000003,35.400000000000006,5.04,350,9.722222222222221,24,2,2,32,32,2.996388888888889,12.75,0.42,1,2011-04-15 11:44:00,2011-08-17 11:37:00,115,123,302.53000000000003,175.0,16.0,1.25
14326,183.85,22.98125,17.0,60.0,15.0,103,12.875,48,3,1,8,8,2.8000000000000003,5.95,1.25,1,2011-04-11 15:04:00,2011-04-11 15:04:00,242,0,183.85,103.0,8.0,0.5
14327,311.65,25.97083333333333,17.1,70.80000000000001,14.850000000000001,139,11.583333333333334,24,3,1,12,12,2.5875,4.95,1.25,1,2011-06-29 13:58:00,2011-06-29 13:58:00,163,0,311.65,139.0,12.0,0.0
14329,5014.84,19.362316602316604,16.5,79.8,5.04,3095,11.94980694980695,288,2,7,218,220,2.8467181467181466,19.95,0.21,1,2011-01-14 13:42:00,2011-11-22 15:50:00,17,312,716.4057142857143,442.14285714285717,31.142857142857142,0.7142857142857143
14331,462.65999999999997,16.523571428571426,15.0,34.0,10.08,252,9.0,24,2,2,27,27,3.019285714285714,8.5,0.42,1,2011-07-27 15:14:00,2011-08-07 13:17:00,124,10,231.32999999999998,126.0,13.5,0.0
14332,866.31,33.31961538461538,20.28,104.04,0.95,481,18.5,48,1,3,22,22,2.1165384615384615,4.95,0.42,1,2011-07-15 10:33:00,2011-11-17 11:54:00,23,125,288.77,160.33333333333334,7.333333333333333,0.0
14333,415.2,27.68,18.75,102.0,12.5,58,3.8666666666666667,12,1,1,15,15,8.063333333333334,12.5,2.95,1,2011-10-03 10:38:00,2011-10-03 10:38:00,68,0,415.2,58.0,15.0,2.0
14334,2552.21,15.754382716049383,15.600000000000001,58.0,6.959999999999999,1731,10.685185185185185,40,1,8,98,99,3.291543209876543,12.75,0.29,1,2010-12-16 17:37:00,2011-11-23 10:01:00,17,341,319.02625,216.375,12.25,0.1111111111111111
14335,468.26,7.432698412698413,6.300000000000001,22.5,0.39,379,6.015873015873016,48,1,2,55,55,2.2895238095238097,8.5,0.39,1,2011-09-04 13:07:00,2011-11-23 13:41:00,16,80,234.13,189.5,27.5,0.0
14336,1614.91,17.943444444444445,17.700000000000003,45.0,2.2800000000000002,1759,19.544444444444444,96,3,4,77,77,1.6151111111111112,9.95,0.12,1,2011-03-08 16:48:00,2011-11-23 11:40:00,17,259,403.7275,439.75,19.25,0.0
14338,588.22,18.97483870967742,17.700000000000003,51.0,8.25,335,10.806451612903226,48,1,2,30,30,3.6470967741935483,12.75,0.29,1,2011-05-27 13:30:00,2011-07-01 14:08:00,161,35,294.11,167.5,15.0,0.75
14339,309.52,22.108571428571427,19.799999999999997,61.199999999999996,9.959999999999999,168,12.0,24,4,1,14,14,2.032857142857143,4.95,0.83,1,2011-04-11 11:06:00,2011-04-11 11:06:00,243,0,309.52,168.0,14.0,1.0
14340,134.7,22.45,21.15,35.400000000000006,10.2,58,9.666666666666666,12,4,1,6,6,2.9333333333333336,6.75,0.85,1,2011-05-05 09:44:00,2011-05-05 09:44:00,219,0,134.7,58.0,6.0,0.0
14341,2182.28,16.916899224806205,16.5,85.92,2.2800000000000002,1403,10.875968992248062,48,1,8,109,109,2.553875968992248,12.75,0.19,1,2011-01-25 13:55:00,2011-10-25 15:48:00,45,273,272.785,175.375,13.625,0.1111111111111111
14342,668.5600000000001,31.836190476190477,17.0,153.0,5.04,347,16.523809523809526,64,2,4,18,18,2.8904761904761904,12.75,0.21,1,2011-05-13 13:50:00,2011-11-18 13:21:00,21,188,167.14000000000001,86.75,4.5,0.5
14344,889.9300000000001,12.534225352112676,8.5,70.80000000000001,0.39,477,6.71830985915493,72,1,8,56,56,4.225633802816901,39.95,0.21,1,2010-12-06 11:58:00,2011-08-04 13:51:00,127,241,111.24125000000001,59.625,7.0,0.0
14345,108.97999999999999,18.16333333333333,16.0,39.599999999999994,4.68,50,8.333333333333334,24,3,1,6,6,3.49,5.95,0.39,1,2011-11-01 09:51:00,2011-11-01 09:51:00,39,0,108.97999999999999,50.0,6.0,0.0
14346,1021.58,17.026333333333334,16.2,85.0,4.5600000000000005,605,10.083333333333334,36,1,2,55,55,4.602333333333333,85.0,0.19,1,2011-02-15 13:52:00,2011-08-11 09:47:00,121,176,510.79,302.5,27.5,0.0
14348,409.57,22.753888888888888,17.700000000000003,91.80000000000001,6.72,183,10.166666666666666,24,2,1,18,18,2.962222222222222,9.95,0.42,1,2011-03-24 16:23:00,2011-03-24 16:23:00,260,0,409.57,183.0,18.0,0.0
14349,133.5,4.306451612903226,3.75,9.9,1.25,86,2.774193548387097,12,1,1,31,31,2.3193548387096774,8.5,0.29,1,2011-11-29 15:39:00,2011-11-29 15:39:00,10,0,133.5,86.0,31.0,0.0
14350,282.93,15.718333333333334,15.0,35.400000000000006,6.959999999999999,183,10.166666666666666,24,3,1,18,18,2.2866666666666666,5.95,0.29,1,2011-03-10 14:14:00,2011-03-10 14:14:00,274,0,282.93,183.0,18.0,1.5
14351,51.0,51.0,51.0,51.0,51.0,12,12.0,12,12,1,1,1,4.25,4.25,4.25,1,2011-06-28 11:56:00,2011-06-28 11:56:00,165,0,51.0,12.0,1.0,0.0
14352,1078.96,22.95659574468085,17.700000000000003,70.80000000000001,8.4,538,11.446808510638299,36,1,4,44,44,3.8659574468085105,15.95,0.42,1,2011-03-11 14:58:00,2011-07-05 15:41:00,157,116,269.74,134.5,11.0,0.0
14353,90.6,15.1,16.2,19.799999999999997,3.9000000000000004,64,10.666666666666666,12,6,1,6,6,1.3666666666666665,1.95,0.65,1,2011-05-08 16:06:00,2011-05-08 16:06:00,215,0,90.6,64.0,6.0,0.0
14354,163.62,18.18,17.34,37.44,7.800000000000001,210,23.333333333333332,96,6,2,9,9,1.2377777777777779,2.89,0.39,1,2011-11-09 15:36:00,2011-12-04 11:32:00,6,24,81.81,105.0,4.5,0.0
14355,174.4,15.854545454545455,15.0,25.5,10.2,92,8.363636363636363,16,2,1,11,11,2.85,7.95,0.65,1,2010-12-09 12:16:00,2010-12-09 12:16:00,366,0,174.4,92.0,11.0,0.0
14356,701.23,21.24939393939394,17.4,89.69999999999999,8.3,277,8.393939393939394,24,2,2,33,33,3.9027272727272724,14.95,0.39,1,2011-09-19 14:43:00,2011-09-21 09:18:00,80,1,350.615,138.5,16.5,1.25
14357,225.77,5.506585365853659,3.9,29.5,0.65,148,3.6097560975609757,24,1,1,39,39,1.9502439024390246,9.95,0.29,1,2011-10-27 16:23:00,2011-10-27 16:23:00,43,0,225.77,148.0,39.0,0.0
14359,912.18,16.58509090909091,17.0,30.0,9.9,371,6.745454545454545,12,1,3,44,44,3.922727272727273,16.95,0.85,1,2011-09-13 09:03:00,2011-11-20 13:17:00,19,68,304.06,123.66666666666667,14.666666666666666,0.5
14360,2128.23,18.035847457627117,16.6,68.0,5.04,1151,9.754237288135593,25,1,4,104,104,3.1004237288135594,16.95,0.42,1,2011-09-06 11:58:00,2011-11-08 09:12:00,32,62,532.0575,287.75,26.0,0.0
14362,161.2,3.9317073170731707,3.3,13.5,0.95,100,2.4390243902439024,12,1,1,37,37,2.3285365853658537,12.75,0.19,1,2011-11-17 15:08:00,2011-11-17 15:08:00,22,0,161.2,100.0,37.0,0.0
14364,3717.35,53.87463768115942,22.5,207.50000000000003,4.5600000000000005,1967,28.507246376811594,120,1,8,61,62,3.0260869565217394,12.75,0.19,1,2011-05-12 12:56:00,2011-08-23 11:01:00,109,102,464.66875,245.875,7.625,0.0
14367,9261.52,17.67465648854962,16.5,214.79999999999998,0.21,4438,8.469465648854962,100,1,16,270,272,3.1757251908396946,12.5,0.21,1,2011-03-08 14:12:00,2011-12-01 13:19:00,8,267,578.845,277.375,16.875,0.47368421052631576
14368,155.0,19.375,18.4,29.9,11.9,36,4.5,12,2,1,8,8,6.125,14.95,1.65,1,2011-01-24 09:52:00,2011-01-24 09:52:00,320,0,155.0,36.0,8.0,0.0
14371,100.5,25.125,22.95,39.6,15.0,34,8.5,18,4,1,4,4,3.775,4.95,1.45,1,2011-02-17 16:35:00,2011-02-17 16:35:00,295,0,100.5,34.0,4.0,0.0
14373,76.55,19.1375,20.425,25.5,10.2,17,4.25,12,1,1,4,4,11.625,24.95,0.85,1,2010-12-16 15:40:00,2010-12-16 15:40:00,358,0,76.55,17.0,4.0,0.0
14375,257.68,3.4357333333333333,2.09,25.0,0.19,194,2.5866666666666664,20,1,1,57,57,1.8789333333333331,7.95,0.19,1,2011-06-07 13:44:00,2011-06-07 13:44:00,185,0,257.68,194.0,57.0,0.0
14377,617.05,56.095454545454544,35.95,159.2,17.85,219,19.90909090909091,60,1,2,11,11,9.15,35.95,1.25,1,2011-03-22 13:38:00,2011-06-01 13:32:00,191,70,308.525,109.5,5.5,0.0
14379,348.1,7.567391304347827,5.04,30.0,0.95,292,6.3478260869565215,24,1,2,39,40,2.1617391304347824,7.95,0.42,1,2011-02-17 15:03:00,2011-10-26 16:43:00,44,251,174.05,146.0,19.5,0.0
14381,202.68,3.619285714285714,2.575,25.0,0.55,146,2.607142857142857,20,1,1,56,56,1.627857142857143,5.95,0.55,1,2011-10-18 17:10:00,2011-10-18 17:10:00,52,0,202.68,146.0,56.0,0.0
14382,626.0699999999999,4.7791603053435106,2.55,31.200000000000003,0.38,1237,9.442748091603054,200,1,1,121,121,1.6106870229007633,15.95,0.04,1,2011-11-13 16:18:00,2011-11-13 16:18:00,26,0,626.0699999999999,1237.0,121.0,0.0
14383,1247.69,21.14728813559322,17.700000000000003,135.2,4.0,817,13.847457627118644,100,1,3,49,49,3.32593220338983,12.75,0.04,1,2011-06-29 10:18:00,2011-11-01 15:53:00,38,125,415.8966666666667,272.3333333333333,16.333333333333332,0.0
14385,202.11,14.436428571428573,15.225000000000001,20.8,8.5,159,11.357142857142858,24,3,3,13,13,1.6164285714285715,4.95,0.39,1,2011-11-16 11:55:00,2011-11-30 15:36:00,9,14,67.37,53.0,4.333333333333333,0.0
14386,142.4,20.342857142857145,17.700000000000003,31.8,10.2,54,7.714285714285714,12,2,1,7,7,3.885714285714286,8.5,0.85,1,2011-02-16 09:45:00,2011-02-16 09:45:00,297,0,142.4,54.0,7.0,0.0
14387,1770.56,12.646857142857142,10.35,83.2,0.85,819,5.85,25,1,3,125,125,3.382142857142857,20.8,0.39,1,2011-08-22 14:13:00,2011-11-07 12:29:00,33,76,590.1866666666666,273.0,41.666666666666664,0.0
14388,3212.84,17.273333333333333,16.5,62.400000000000006,2.88,1941,10.435483870967742,48,1,8,124,126,2.7180645161290324,12.75,0.12,1,2010-12-02 11:02:00,2011-11-29 13:32:00,10,362,401.605,242.625,15.5,0.5
14389,1043.46,23.188000000000002,16.6,72.0,5.04,729,16.2,100,1,2,33,33,2.1333333333333333,12.5,0.42,1,2011-06-02 12:04:00,2011-10-05 15:17:00,65,125,521.73,364.5,16.5,3.4
14390,4652.82,16.268601398601398,10.2,146.25,0.39,2136,7.468531468531468,60,1,9,135,140,3.07986013986014,39.95,0.12,1,2010-12-02 11:57:00,2011-11-29 13:49:00,10,362,516.98,237.33333333333334,15.0,0.38461538461538464
14393,67.95,13.59,13.3,17.25,8.3,13,2.6,4,2,1,5,5,5.390000000000001,6.65,4.15,1,2011-05-05 18:16:00,2011-05-05 18:16:00,218,0,67.95,13.0,5.0,0.0
14395,3507.71,10.02202857142857,8.425,44.550000000000004,0.39,1693,4.837142857142857,25,1,9,181,184,2.787057142857143,12.75,0.21,1,2010-12-02 18:15:00,2011-12-07 14:34:00,2,369,389.74555555555554,188.11111111111111,20.11111111111111,0.25
14396,487.99,6.684794520547945,4.2,29.5,0.65,225,3.0821917808219177,12,1,2,71,71,2.626849315068493,12.5,0.65,1,2010-12-03 15:19:00,2011-10-05 16:09:00,65,306,243.995,112.5,35.5,0.0
14397,2612.96,30.034022988505747,19.919999999999998,103.67999999999999,6.959999999999999,1890,21.724137931034484,144,2,19,18,18,2.0789655172413792,7.95,0.29,1,2011-05-10 12:25:00,2011-12-07 09:22:00,3,210,137.52421052631578,99.47368421052632,0.9473684210526315,0.34782608695652173
14400,574.7,22.988000000000003,15.0,99.84,10.08,454,18.16,96,3,1,25,25,1.7368000000000001,4.95,0.42,1,2011-07-13 15:50:00,2011-07-13 15:50:00,149,0,574.7,454.0,25.0,0.5
14401,4051.48,22.26087912087912,15.0,97.80000000000001,4.5600000000000005,4507,24.763736263736263,144,1,13,113,114,1.3996153846153845,12.5,0.19,1,2010-12-15 09:07:00,2011-12-05 13:30:00,4,355,311.6523076923077,346.6923076923077,8.692307692307692,0.07142857142857142
14403,1475.81,73.7905,62.5,244.79999999999998,8.25,519,25.95,108,1,4,17,17,6.2535,12.75,0.42,1,2011-04-06 14:23:00,2011-08-01 12:57:00,130,116,368.9525,129.75,4.25,1.2
14404,1474.32,14.31378640776699,10.2,76.5,0.14,839,8.145631067961165,108,1,6,70,70,3.066116504854369,16.95,0.08,1,2010-12-05 16:00:00,2011-11-06 12:30:00,34,335,245.72,139.83333333333334,11.666666666666666,0.14285714285714285
14406,156.75,19.59375,19.825,30.599999999999998,11.9,77,9.625,36,2,1,8,8,3.795,9.95,0.85,1,2011-08-12 16:54:00,2011-08-12 16:54:00,119,0,156.75,77.0,8.0,0.0
14407,2157.73,29.557945205479452,17.700000000000003,207.50000000000003,4.5600000000000005,1415,19.383561643835616,240,1,6,67,67,3.5512328767123287,16.95,0.19,1,2011-03-08 11:59:00,2011-08-24 14:02:00,107,169,359.62166666666667,235.83333333333334,11.166666666666666,0.3333333333333333
14408,2606.53,24.360093457943925,15.9,133.20000000000002,0.95,1616,15.102803738317757,72,1,7,60,61,1.8925233644859814,9.95,0.19,1,2011-03-20 14:41:00,2011-11-29 11:41:00,11,253,372.3614285714286,230.85714285714286,8.571428571428571,0.0
14409,2059.4500000000003,38.137962962962966,20.8,356.40000000000003,2.52,1230,22.77777777777778,144,1,6,40,40,2.8044444444444445,35.95,0.42,1,2010-12-06 15:03:00,2011-09-29 18:18:00,71,297,343.24166666666673,205.0,6.666666666666667,0.14285714285714285
14410,1105.07,5.725751295336787,3.3,51.0,0.78,571,2.9585492227979273,24,1,9,153,153,2.3759067357512955,9.95,0.21,1,2011-02-07 09:36:00,2011-09-08 15:08:00,92,213,122.78555555555555,63.44444444444444,17.0,6.2
14411,1063.0,75.92857142857143,77.10000000000001,102.0,45.0,196,14.0,48,4,1,14,14,8.175,14.95,2.1,1,2011-02-02 10:56:00,2011-02-02 10:56:00,311,0,1063.0,196.0,14.0,0.0
14412,770.03,17.90767441860465,16.5,81.6,4.0,786,18.27906976744186,100,2,2,43,43,2.304418604651163,12.75,0.04,1,2011-09-28 08:48:00,2011-10-28 10:45:00,43,30,385.015,393.0,21.5,0.6666666666666666
14413,122.7,5.334782608695653,5.1,10.2,0.95,68,2.9565217391304346,12,1,1,22,22,2.8065217391304347,9.95,0.65,1,2010-12-12 13:37:00,2010-12-12 13:37:00,362,0,122.7,68.0,22.0,0.0
14414,1496.98,15.432783505154639,14.040000000000001,56.88,1.9,2512,25.896907216494846,192,4,7,79,79,0.9145360824742267,9.95,0.04,1,2010-12-16 11:11:00,2011-09-09 12:09:00,92,267,213.8542857142857,358.85714285714283,11.285714285714286,0.125
14415,5900.28,10.000474576271186,8.32,51.0,0.42,3011,5.103389830508474,53,1,13,283,288,2.9509661016949154,16.95,0.29,1,2010-12-14 13:31:00,2011-12-08 14:38:00,1,359,453.86769230769227,231.6153846153846,21.76923076923077,1.2222222222222223
14416,490.22,35.01571428571429,16.15,214.8,10.08,326,23.285714285714285,120,6,2,13,13,1.6685714285714286,3.75,0.42,1,2011-10-28 15:10:00,2011-11-17 15:22:00,22,20,245.11,163.0,6.5,0.0
14418,1937.25,15.622983870967742,14.925,89.64000000000001,0.84,1711,13.798387096774194,48,1,3,114,114,2.1406451612903226,39.95,0.12,1,2011-08-23 17:18:00,2011-12-06 11:39:00,4,104,645.75,570.3333333333334,38.0,0.0
14419,1058.06,5.13621359223301,3.75,30.0,0.42,487,2.3640776699029127,24,1,6,112,112,2.5041747572815534,9.95,0.42,1,2010-12-10 10:56:00,2011-11-29 11:22:00,11,354,176.34333333333333,81.16666666666667,18.666666666666668,0.0
14420,387.52,13.362758620689654,13.28,23.4,6.8,334,11.517241379310345,24,4,1,29,29,1.5313793103448274,4.95,0.42,1,2011-09-01 18:07:00,2011-09-01 18:07:00,99,0,387.52,334.0,29.0,0.5
14421,813.11,30.115185185185187,19.799999999999997,99.0,5.04,365,13.518518518518519,24,2,2,25,25,2.6351851851851853,8.5,0.42,1,2011-05-12 10:49:00,2011-10-13 13:24:00,57,154,406.555,182.5,12.5,0.0
14422,4263.64,19.205585585585588,17.0,83.4,2.88,2906,13.09009009009009,96,1,6,189,189,2.810225225225225,14.95,0.12,1,2011-03-17 17:26:00,2011-12-09 11:26:00,1,266,710.6066666666667,484.3333333333333,31.5,0.0
14423,265.2,88.39999999999999,81.6,163.2,20.4,120,40.0,64,24,1,3,3,1.9833333333333332,2.55,0.85,1,2011-05-05 15:12:00,2011-05-05 15:12:00,218,0,265.2,120.0,3.0,0.0
14424,322.08,322.08,322.08,322.08,322.08,48,48.0,48,48,1,1,1,6.71,6.71,6.71,1,2011-11-22 11:48:00,2011-11-22 11:48:00,18,0,322.08,48.0,1.0,0.0
14426,4481.67,20.007455357142856,15.0,252.0,2.34,2699,12.049107142857142,120,1,10,183,183,3.2663392857142854,16.95,0.29,1,2011-01-31 09:51:00,2011-11-16 12:25:00,24,289,448.16700000000003,269.9,18.3,2.5
14427,363.34000000000003,21.37294117647059,17.34,45.0,5.04,228,13.411764705882353,36,4,2,16,16,1.9870588235294118,4.15,0.42,1,2011-10-07 09:10:00,2011-10-20 14:23:00,50,13,181.67000000000002,114.0,8.0,0.0
14428,1244.83,8.644652777777777,5.425,76.32000000000001,1.25,436,3.0277777777777777,72,1,5,108,108,4.181319444444444,25.0,0.42,1,2011-01-18 16:39:00,2011-12-02 13:17:00,7,317,248.96599999999998,87.2,21.6,0.5714285714285714
14431,470.36,27.668235294117647,25.200000000000003,76.5,17.0,130,7.647058823529412,12,2,1,17,17,4.69,12.75,1.45,1,2011-02-10 10:40:00,2011-02-10 10:40:00,303,0,470.36,130.0,17.0,2.5
14432,2255.51,5.904476439790576,3.4,99.0,0.19,2070,5.4188481675392675,60,1,6,256,256,1.4508115183246075,9.95,0.08,1,2011-09-11 14:09:00,2011-11-30 08:04:00,10,79,375.91833333333335,345.0,42.666666666666664,0.0
14434,1372.8,114.39999999999999,99.60000000000001,199.20000000000002,69.6,368,30.666666666666668,48,20,6,3,3,4.451666666666667,7.08,1.45,1,2011-09-28 15:31:00,2011-11-18 08:56:00,22,50,228.79999999999998,61.333333333333336,0.5,0.0
14436,89.06,9.895555555555555,7.800000000000001,20.4,4.5600000000000005,129,14.333333333333334,24,1,1,9,9,2.1177777777777775,12.5,0.19,1,2011-09-02 10:13:00,2011-09-02 10:13:00,99,0,89.06,129.0,9.0,0.0
14437,63.0,12.6,10.2,17.4,10.2,60,12.0,12,12,1,5,5,1.05,1.45,0.85,1,2010-12-09 09:27:00,2010-12-09 09:27:00,366,0,63.0,60.0,5.0,0.5
14438,131.9,14.655555555555557,19.5,19.5,7.5,82,9.11111111111111,10,6,1,9,9,1.5944444444444443,1.95,0.85,1,2011-02-06 14:56:00,2011-02-06 14:56:00,306,0,131.9,82.0,9.0,0.0
14439,2661.24,83.16375,71.10000000000001,175.2,12.7,526,16.4375,48,2,1,32,32,6.4809375,14.95,1.25,1,2011-01-24 11:39:00,2011-01-24 11:39:00,320,0,2661.24,526.0,32.0,0.0
14440,2357.6800000000003,42.8669090909091,35.400000000000006,153.0,10.2,588,10.690909090909091,32,2,5,33,34,4.7023636363636365,12.75,0.83,1,2010-12-09 12:49:00,2011-12-01 15:42:00,8,357,471.53600000000006,117.6,6.6,0.0
14441,1712.89,33.58607843137255,25.200000000000003,107.10000000000001,5.8,446,8.745098039215685,24,1,4,43,43,5.544117647058823,16.65,1.45,1,2011-03-29 12:01:00,2011-12-09 09:07:00,1,254,428.2225,111.5,10.75,0.8
14442,1589.82,25.235238095238095,17.85,76.5,9.95,482,7.650793650793651,25,1,2,58,58,6.323492063492063,24.95,0.42,1,2011-01-27 09:33:00,2011-05-19 11:36:00,205,112,794.91,241.0,29.0,1.0
14443,1420.2,15.270967741935484,15.0,35.95,5.04,938,10.086021505376344,48,1,4,84,84,2.5386021505376344,35.95,0.29,1,2010-12-06 11:03:00,2011-10-17 10:10:00,54,314,355.05,234.5,21.0,0.7142857142857143
14446,1039.58,3.548054607508532,2.1,23.85,0.21,933,3.1843003412969284,60,1,4,233,236,1.8383276450511945,12.5,0.06,1,2011-04-07 12:10:00,2011-12-09 11:34:00,1,245,259.895,233.25,58.25,0.0
14447,1163.23,16.617571428571427,16.5,34.8,5.04,571,8.157142857142857,24,2,5,54,59,2.576571428571429,7.95,0.42,1,2011-03-04 10:49:00,2011-11-21 08:28:00,19,261,232.64600000000002,114.2,10.8,0.0
14448,375.35,18.767500000000002,4.6,237.60000000000002,1.45,104,5.2,48,1,2,20,20,2.7175000000000002,9.95,0.85,1,2010-12-10 17:26:00,2011-11-30 13:50:00,9,354,187.675,52.0,10.0,0.0
14449,907.1,3.5158914728682173,2.55,30.0,0.19,757,2.934108527131783,27,1,4,201,203,1.6575968992248062,12.5,0.19,1,2010-12-02 14:09:00,2011-11-21 12:06:00,19,353,226.775,189.25,50.25,0.0
14450,483.25,12.08125,11.15,29.700000000000003,0.38,241,6.025,25,1,3,32,32,2.7905,5.75,0.14,1,2011-01-23 11:53:00,2011-06-12 10:46:00,181,139,161.08333333333334,80.33333333333333,10.666666666666666,0.0
14451,662.59,6.078807339449542,5.85,19.8,0.29,389,3.5688073394495414,24,1,2,86,86,1.9695412844036697,8.5,0.29,1,2011-05-29 12:35:00,2011-10-10 13:38:00,60,134,331.295,194.5,43.0,0.0
14452,264.44,4.26516129032258,3.75,16.95,0.75,119,1.9193548387096775,12,1,2,55,55,3.127741935483871,16.95,0.39,1,2011-09-07 11:32:00,2011-11-29 12:06:00,11,83,132.22,59.5,27.5,0.0
14453,119.93,5.451363636363637,4.25,15.0,0.42,49,2.227272727272727,12,1,1,22,22,3.777272727272727,9.95,0.42,1,2011-06-02 14:15:00,2011-06-02 14:15:00,190,0,119.93,49.0,22.0,0.0
14456,3062.4,3.1571134020618556,2.08,30.0,0.08,2908,2.997938144329897,100,1,9,580,582,1.7757628865979382,12.75,0.04,1,2011-07-20 13:06:00,2011-12-04 13:59:00,5,137,340.26666666666665,323.1111111111111,64.44444444444444,0.5
14457,113.64,28.41,31.8,45.0,5.04,88,22.0,36,12,1,4,4,1.2550000000000001,2.1,0.42,1,2011-02-02 09:39:00,2011-02-02 09:39:00,311,0,113.64,88.0,4.0,0.0
14459,1837.92,49.67351351351351,40.8,132.0,13.200000000000001,760,20.54054054054054,96,6,1,37,37,3.4364864864864866,12.75,0.55,1,2011-07-07 13:35:00,2011-07-07 13:35:00,155,0,1837.92,760.0,37.0,0.0
14460,434.34,27.14625,28.5,41.76,13.919999999999998,881,55.0625,144,24,3,14,14,0.6643749999999999,1.65,0.29,1,2011-02-02 11:55:00,2011-08-21 14:19:00,110,200,144.78,293.6666666666667,4.666666666666667,0.25
14461,2103.06,11.683666666666666,7.800000000000001,67.6,0.39,766,4.2555555555555555,40,1,3,173,173,3.721833333333333,16.95,0.39,1,2011-03-23 12:15:00,2011-07-14 17:11:00,148,113,701.02,255.33333333333334,57.666666666666664,0.0
14462,2004.02,8.350083333333334,5.9,39.599999999999994,0.24,964,4.016666666666667,48,1,11,150,150,2.8845416666666663,16.95,0.12,1,2011-01-04 12:45:00,2011-10-04 15:55:00,66,273,182.18363636363637,87.63636363636364,13.636363636363637,0.4
14463,529.62,88.27,60.660000000000004,178.5,15.0,179,29.833333333333332,72,1,3,6,6,5.976666666666667,15.0,1.06,1,2011-05-18 14:42:00,2011-09-02 15:20:00,98,107,176.54,59.666666666666664,2.0,0.0
14465,1058.6200000000001,8.14323076923077,2.95,163.5,0.42,405,3.1153846153846154,30,1,3,107,107,2.8282307692307693,14.95,0.42,1,2011-02-10 12:13:00,2011-04-07 12:38:00,247,56,352.8733333333334,135.0,35.666666666666664,0.0
14466,2272.4,31.561111111111114,17.85,127.5,5.8,1006,13.972222222222221,60,1,7,35,37,3.7937499999999997,14.95,0.55,1,2010-12-02 13:36:00,2011-11-10 14:07:00,29,343,324.62857142857143,143.71428571428572,5.0,0.0
14467,598.76,6.652888888888889,5.0,22.5,0.85,278,3.088888888888889,8,1,4,67,67,2.7585555555555556,14.95,0.55,1,2011-01-31 12:35:00,2011-11-22 12:48:00,18,295,149.69,69.5,16.75,0.0
14470,461.19,10.725348837209303,8.5,50.0,1.25,193,4.488372093023256,36,1,2,43,43,4.8388372093023255,25.0,0.42,1,2011-02-25 11:56:00,2011-11-28 10:31:00,12,275,230.595,96.5,21.5,0.0
14472,1936.84,6.892669039145908,5.0,49.9,0.42,1160,4.128113879003559,48,1,8,153,153,2.7660142348754446,24.95,0.19,1,2010-12-19 14:03:00,2011-08-28 11:01:00,104,251,242.105,145.0,19.125,0.0
14473,234.34000000000003,33.47714285714286,29.880000000000003,85.0,10.2,88,12.571428571428571,36,2,2,7,7,4.107142857142857,8.5,0.85,1,2011-03-02 13:56:00,2011-09-26 15:10:00,74,208,117.17000000000002,44.0,3.5,0.0
14474,547.66,18.884827586206896,17.34,34.0,6.72,140,4.827586206896552,16,2,1,29,29,6.527931034482759,16.65,0.42,1,2011-10-24 13:26:00,2011-10-24 13:26:00,46,0,547.66,140.0,29.0,0.5
14475,925.85,22.04404761904762,19.65,119.39999999999999,6.959999999999999,447,10.642857142857142,36,2,3,35,35,3.125238095238095,9.95,0.29,1,2011-02-08 10:12:00,2011-09-29 10:46:00,72,233,308.6166666666667,149.0,11.666666666666666,0.8333333333333334
14476,215.7,11.352631578947367,10.2,30.0,3.3,132,6.947368421052632,24,1,1,17,17,3.2710526315789474,9.95,0.85,1,2011-03-27 15:39:00,2011-03-27 15:39:00,257,0,215.7,132.0,17.0,0.0
14477,1309.6,130.95999999999998,172.0,179.0,41.6,720,72.0,100,20,4,7,7,1.8920000000000001,2.08,1.65,1,2011-02-15 15:44:00,2011-11-20 11:11:00,20,277,327.4,180.0,1.75,0.2
14479,316.25,17.569444444444443,16.8,25.0,10.2,117,6.5,20,2,2,18,18,4.016666666666667,7.95,0.85,1,2010-12-09 12:59:00,2011-03-31 09:07:00,254,111,158.125,58.5,9.0,0.0
14480,279.05,21.465384615384615,19.799999999999997,49.92,12.5,143,11.0,24,2,1,13,13,3.0015384615384617,8.25,1.25,1,2011-11-28 16:35:00,2011-11-28 16:35:00,11,0,279.05,143.0,13.0,0.0
14481,636.51,21.217,17.775000000000002,47.2,6.72,489,16.3,48,2,2,25,25,1.994,8.25,0.42,1,2011-02-25 13:53:00,2011-06-28 10:38:00,165,122,318.255,244.5,12.5,0.0
14482,2068.15,14.362152777777778,6.959999999999999,179.0,0.21,1646,11.430555555555555,200,1,6,110,110,2.442361111111111,16.65,0.21,1,2011-04-14 16:41:00,2011-11-21 13:14:00,18,220,344.69166666666666,274.3333333333333,18.333333333333332,0.0
14483,137.1,15.233333333333333,10.5,30.0,7.5,97,10.777777777777779,25,3,1,9,9,1.8522222222222224,2.95,0.42,1,2011-03-03 10:26:00,2011-03-03 10:26:00,282,0,137.1,97.0,9.0,0.5
14484,321.92,22.994285714285716,24.93,31.6,8.2,210,15.0,48,6,1,14,14,2.0957142857142856,4.15,0.42,1,2011-10-20 14:11:00,2011-10-20 14:11:00,50,0,321.92,210.0,14.0,0.0
14485,165.75,3.526595744680851,2.95,9.95,0.55,71,1.5106382978723405,6,1,1,44,44,2.682978723404255,9.95,0.42,1,2011-11-01 12:25:00,2011-11-01 12:25:00,39,0,165.75,71.0,44.0,0.0
14487,1196.33,8.307847222222222,6.07,51.0,0.39,735,5.104166666666667,20,1,6,112,112,2.496111111111111,21.95,0.12,1,2010-12-06 13:22:00,2011-11-13 12:17:00,27,341,199.38833333333332,122.5,18.666666666666668,0.14285714285714285
14488,1064.28,23.136521739130433,17.17,158.39999999999998,9.36,799,17.369565217391305,120,2,1,46,46,2.131304347826087,11.95,0.39,1,2011-10-03 09:30:00,2011-10-03 09:30:00,68,0,1064.28,799.0,46.0,1.5
14489,463.38,15.446,16.5,29.88,8.5,299,9.966666666666667,36,4,1,30,30,1.7770000000000001,5.75,0.83,1,2011-05-16 14:51:00,2011-05-16 14:51:00,207,0,463.38,299.0,30.0,0.0
14491,340.93,20.05470588235294,17.0,47.7,10.08,139,8.176470588235293,24,1,2,17,17,4.54235294117647,12.75,0.42,1,2010-12-02 12:10:00,2011-06-17 15:22:00,175,197,170.465,69.5,8.5,0.0
14493,2383.2400000000002,19.860333333333337,16.5,59.400000000000006,2.34,1285,10.708333333333334,48,1,5,95,95,3.024583333333333,39.95,0.21,1,2011-07-07 16:59:00,2011-12-02 16:14:00,7,147,476.648,257.0,19.0,0.42857142857142855
14494,139.56,19.937142857142856,17.4,30.0,9.959999999999999,92,13.142857142857142,24,8,1,7,7,1.6614285714285713,3.75,0.83,1,2011-11-14 09:21:00,2011-11-14 09:21:00,26,0,139.56,92.0,7.0,0.0
14495,123.8,20.633333333333333,20.8,20.8,19.799999999999997,62,10.333333333333334,12,10,2,6,6,2.0083333333333333,2.08,1.65,1,2011-08-10 14:13:00,2011-10-20 12:28:00,51,70,61.9,31.0,3.0,0.0
14496,538.8100000000001,28.35842105263158,15.0,122.04,9.95,159,8.368421052631579,36,1,2,16,16,5.65421052631579,14.95,0.85,1,2010-12-01 15:35:00,2011-02-01 09:01:00,312,61,269.40500000000003,79.5,8.0,0.0
14497,475.37,16.392068965517243,15.9,30.0,6.959999999999999,235,8.10344827586207,24,1,1,29,29,4.478620689655172,12.75,0.29,1,2011-02-03 17:01:00,2011-02-03 17:01:00,309,0,475.37,235.0,29.0,1.0
14498,1957.32,10.141554404145078,5.9,170.0,0.42,1098,5.689119170984456,72,1,5,162,161,2.807720207253886,85.0,0.39,1,2010-12-13 11:29:00,2011-10-28 12:09:00,43,319,391.464,219.6,32.4,0.0
14499,815.32,4.2026804123711345,3.275,25.200000000000003,0.42,501,2.582474226804124,12,1,3,146,147,1.9600515463917525,7.95,0.19,1,2011-03-06 11:55:00,2011-11-13 13:01:00,26,252,271.77333333333337,167.0,48.666666666666664,0.0
14500,356.85,50.978571428571435,51.0,102.0,12.75,117,16.714285714285715,60,1,3,6,6,6.214285714285714,12.75,1.25,1,2011-06-03 10:08:00,2011-09-12 16:45:00,88,101,118.95,39.0,2.0,0.0
14501,251.21,25.121000000000002,27.04,35.400000000000006,10.08,161,16.1,24,3,2,9,9,2.175,6.45,0.42,1,2011-01-24 10:43:00,2011-06-09 12:02:00,184,136,125.605,80.5,4.5,0.6666666666666666
14502,2470.67,3.9594070512820516,2.95,89.55,0.19,1498,2.4006410256410255,25,1,11,368,369,2.378974358974359,16.95,0.12,1,2011-01-30 15:52:00,2011-11-20 11:50:00,20,293,224.60636363636365,136.1818181818182,33.45454545454545,0.5
14503,3543.26,21.605243902439025,17.2,136.0,3.4799999999999995,2004,12.21951219512195,60,1,6,113,113,2.6662195121951218,15.95,0.29,1,2011-06-14 10:00:00,2011-12-06 13:30:00,3,175,590.5433333333334,334.0,18.833333333333332,0.0
14504,673.26,6.2921495327102805,5.04,27.0,0.42,308,2.878504672897196,25,1,4,85,85,3.4827102803738317,12.75,0.42,1,2011-03-06 14:38:00,2011-10-23 16:00:00,47,231,168.315,77.0,21.25,0.0
14505,5905.64,7.391289111389237,5.0,75.60000000000001,0.42,2759,3.453066332916145,72,1,8,540,543,2.888247809762203,49.95,0.14,1,2010-12-12 16:14:00,2011-11-22 15:45:00,17,344,738.205,344.875,67.5,0.36363636363636365
14506,2012.17,6.367626582278481,3.9,45.0,0.29,730,2.310126582278481,36,1,5,204,205,3.365221518987342,14.95,0.29,1,2010-12-05 14:25:00,2011-11-22 13:02:00,17,351,402.434,146.0,40.8,0.0
14507,1383.18,14.408125,10.2,237.60000000000002,0.85,600,6.25,48,1,6,79,79,3.1722916666666667,16.95,0.42,1,2011-03-08 17:23:00,2011-11-16 12:21:00,24,252,230.53,100.0,13.166666666666666,0.2857142857142857
14508,276.42,4.849473684210526,3.75,21.45,0.42,131,2.2982456140350878,25,1,2,52,52,3.432280701754386,14.95,0.39,1,2011-09-11 11:29:00,2011-11-17 19:48:00,22,67,138.21,65.5,26.0,0.0
14511,1314.81,19.33544117647059,18.075,49.92,4.68,784,11.529411764705882,48,1,5,53,54,2.501764705882353,25.0,0.39,1,2011-07-29 12:13:00,2011-11-28 17:05:00,11,122,262.962,156.8,10.6,0.5
14512,275.28,11.968695652173912,10.2,29.849999999999998,1.7,122,5.304347826086956,24,1,2,19,19,4.611739130434782,24.95,0.39,1,2011-04-21 19:05:00,2011-06-05 12:39:00,188,44,137.64,61.0,9.5,0.0
14513,455.59000000000003,37.965833333333336,4.300000000000001,138.24,0.65,361,30.083333333333332,192,1,3,11,11,2.4391666666666665,4.95,0.65,1,2011-02-24 09:36:00,2011-08-31 11:25:00,101,188,151.86333333333334,120.33333333333333,3.6666666666666665,1.5
14514,1055.35,14.456849315068492,10.9,60.0,1.05,589,8.068493150684931,48,1,3,65,65,3.2264383561643837,14.95,0.29,1,2011-01-12 15:22:00,2011-10-09 16:05:00,61,270,351.7833333333333,196.33333333333334,21.666666666666668,0.0
14515,2102.09,20.812772277227726,18.59,71.4,0.79,1134,11.227722772277227,96,1,6,68,69,2.7978217821782176,19.95,0.39,1,2011-05-05 12:13:00,2011-11-22 11:37:00,18,200,350.34833333333336,189.0,11.333333333333334,0.0
14517,330.45,18.358333333333334,15.9,31.8,12.5,91,5.055555555555555,16,2,2,17,17,5.333333333333333,12.75,1.25,1,2011-07-21 11:42:00,2011-11-06 14:20:00,33,108,165.225,45.5,8.5,0.0
14518,174.37,10.898125,6.25,29.75,0.95,278,17.375,96,1,1,16,16,2.699375,16.95,0.19,1,2011-10-06 14:43:00,2011-10-06 14:43:00,64,0,174.37,278.0,16.0,0.0
14520,270.6,67.65,47.7,165.0,10.2,146,36.5,100,4,2,3,3,3.2075,8.25,0.85,1,2011-02-22 09:15:00,2011-12-08 09:46:00,2,289,135.3,73.0,1.5,0.0
14522,974.54,57.32588235294117,67.5,143.04,1.25,525,30.88235294117647,96,1,4,15,16,2.531764705882353,7.08,0.42,1,2011-05-25 16:01:00,2011-11-15 13:24:00,24,173,243.635,131.25,3.75,0.0
14523,241.09,20.090833333333332,13.75,46.800000000000004,7.800000000000001,251,20.916666666666668,72,1,1,12,12,2.72,12.5,0.29,1,2011-08-23 13:13:00,2011-08-23 13:13:00,108,0,241.09,251.0,12.0,0.0
14524,1867.68,9.20039408866995,5.1,102.0,0.5700000000000001,676,3.3300492610837438,25,1,9,161,162,4.042660098522167,85.0,0.19,1,2010-12-14 11:01:00,2011-11-08 12:29:00,32,329,207.52,75.11111111111111,17.88888888888889,0.0
14525,4332.2,14.887285223367696,7.95,244.79999999999998,0.42,2696,9.264604810996564,120,1,9,217,218,3.239209621993127,24.95,0.19,1,2010-12-13 17:40:00,2011-11-20 11:37:00,20,341,481.35555555555555,299.55555555555554,24.11111111111111,0.5384615384615384
14527,8508.82,8.753930041152262,7.5,87.6,0.39,2089,2.14917695473251,36,1,55,330,337,5.357716049382716,16.95,0.19,1,2010-12-05 13:17:00,2011-12-07 12:19:00,3,366,154.7058181818182,37.981818181818184,6.0,0.45348837209302323
14528,364.21999999999997,20.234444444444442,17.2,45.0,4.35,278,15.444444444444445,36,2,1,18,18,1.973888888888889,8.5,0.29,1,2011-11-02 17:09:00,2011-11-02 17:09:00,37,0,364.21999999999997,278.0,18.0,0.0
14529,620.04,2.707598253275109,1.95,15.299999999999999,0.19,348,1.519650655021834,9,1,3,177,177,1.9686026200873363,14.95,0.12,1,2011-08-21 14:10:00,2011-10-10 15:27:00,60,50,206.67999999999998,116.0,59.0,0.0
14530,2925.91,13.54587962962963,10.2,107.1,0.84,1410,6.527777777777778,255,1,6,140,141,4.156435185185185,24.95,0.42,1,2011-02-16 10:47:00,2011-11-14 10:38:00,26,270,487.65166666666664,235.0,23.333333333333332,0.0
14532,932.85,14.57578125,15.9,47.7,0.42,284,4.4375,25,1,4,45,45,5.6234375000000005,16.95,0.21,1,2010-12-22 13:48:00,2011-04-17 13:05:00,236,115,233.2125,71.0,11.25,0.0
14533,1949.72,31.44709677419355,20.9,127.2,4.5600000000000005,4019,64.8225806451613,1200,4,7,53,53,1.4325806451612904,7.95,0.06,1,2010-12-22 11:07:00,2011-11-15 12:05:00,25,328,278.5314285714286,574.1428571428571,7.571428571428571,0.3333333333333333
14534,4447.05,8.56849710982659,5.45,169.92000000000002,0.39,2047,3.9441233140655108,100,1,18,331,335,3.3136030828516376,16.95,0.04,1,2011-01-25 12:33:00,2011-12-07 12:19:00,3,315,247.05833333333334,113.72222222222223,18.38888888888889,1.56
14535,2864.19,8.679363636363636,7.5,55.65,0.39,1831,5.548484848484849,100,1,3,280,281,2.5123333333333333,12.75,0.04,1,2011-04-05 12:50:00,2011-10-10 15:39:00,60,188,954.73,610.3333333333334,93.33333333333333,0.75
14536,171.8,9.042105263157895,7.5,51.0,0.85,40,2.1052631578947367,8,1,1,18,18,4.8315789473684205,12.75,0.85,1,2011-03-25 12:21:00,2011-03-25 12:21:00,260,0,171.8,40.0,18.0,0.0
14537,355.56,35.556,40.68,49.800000000000004,12.72,120,12.0,12,12,1,10,10,2.963,4.15,1.06,1,2011-10-13 10:54:00,2011-10-13 10:54:00,58,0,355.56,120.0,10.0,0.0
14538,388.25,20.43421052631579,17.34,53.1,10.2,155,8.157894736842104,18,2,2,19,19,3.318947368421053,9.95,0.85,1,2011-03-28 14:57:00,2011-10-06 10:31:00,65,191,194.125,77.5,9.5,0.0
14539,537.48,16.79625,15.0,40.56,3.3600000000000003,428,13.375,48,2,2,31,31,2.0790625,8.5,0.14,1,2011-10-26 12:03:00,2011-11-24 09:50:00,16,28,268.74,214.0,15.5,0.0
14540,996.26,13.108684210526315,12.5,35.400000000000006,0.39,421,5.5394736842105265,24,1,3,64,64,3.8622368421052626,12.75,0.39,1,2011-02-03 15:02:00,2011-11-30 10:15:00,10,299,332.08666666666664,140.33333333333334,21.333333333333332,0.0
14541,1461.65,13.168018018018019,4.95,90.0,0.21,647,5.828828828828829,30,1,8,71,71,2.464054054054054,10.95,0.21,1,2011-01-24 14:16:00,2011-10-12 10:08:00,59,260,182.70625,80.875,8.875,0.0
14542,103.25,20.65,17.0,35.7,11.9,19,3.8,6,2,1,5,5,5.41,5.95,4.25,1,2011-06-07 08:19:00,2011-06-07 08:19:00,186,0,103.25,19.0,5.0,0.0
14543,3630.33,50.42125,27.5,272.0,0.76,679,9.430555555555555,64,1,16,43,43,6.137222222222222,16.95,0.76,1,2010-12-10 11:51:00,2011-11-11 12:45:00,29,336,226.895625,42.4375,2.6875,1.6666666666666667
14544,2024.45,17.758333333333333,12.725,103.67999999999999,1.65,1543,13.535087719298245,144,1,2,97,98,2.4168421052631577,16.95,0.21,1,2010-12-13 12:50:00,2011-11-15 15:06:00,24,337,1012.225,771.5,48.5,0.0
14546,2578.09,6.4613784461152886,4.949999999999999,35.400000000000006,0.55,1317,3.300751879699248,25,1,5,250,252,2.679122807017544,14.95,0.21,1,2011-04-05 12:37:00,2011-12-04 13:00:00,5,243,515.618,263.4,50.0,2.0
14547,4007.54,10.949562841530055,8.45,87.2,0.65,2668,7.2896174863387975,100,1,8,198,199,2.8737704918032785,25.0,0.1,1,2011-10-16 14:35:00,2011-12-06 11:06:00,4,50,500.9425,333.5,24.75,0.1111111111111111
14548,652.8,163.2,163.2,244.79999999999998,81.6,256,64.0,96,32,2,2,2,2.55,2.55,2.55,1,2011-01-26 08:38:00,2011-07-12 12:19:00,151,167,326.4,128.0,1.0,0.0
14549,289.24,5.165,4.95,17.0,0.85,136,2.4285714285714284,36,1,1,56,56,3.2125,12.75,0.21,1,2011-02-01 13:47:00,2011-02-01 13:47:00,311,0,289.24,136.0,56.0,0.0
14550,765.62,15.950416666666667,8.285,90.0,1.45,394,8.208333333333334,30,1,2,38,38,2.184375,9.95,0.39,1,2011-10-26 12:14:00,2011-11-29 12:12:00,11,33,382.81,197.0,19.0,0.0
14551,186.23,18.622999999999998,15.0,30.0,12.5,106,10.6,24,1,2,9,9,4.702,12.75,0.79,1,2011-05-19 18:21:00,2011-11-21 13:36:00,18,185,93.115,53.0,4.5,0.0
14552,165.07,2.8460344827586206,1.7,9.9,0.55,91,1.5689655172413792,4,1,1,57,57,1.8751724137931036,7.95,0.55,1,2011-07-11 12:49:00,2011-07-11 12:49:00,152,0,165.07,91.0,57.0,0.0
14553,859.27,7.604159292035398,4.1499999999999995,165.0,0.42,493,4.3628318584070795,30,1,5,103,105,3.723628318584071,165.0,0.19,1,2011-01-04 15:40:00,2011-11-20 13:20:00,19,319,171.85399999999998,98.6,20.6,0.0
14554,2381.04,11.023333333333333,8.32,72.0,0.39,1478,6.842592592592593,100,1,4,147,147,2.756851851851852,24.95,0.29,1,2011-10-18 13:04:00,2011-11-29 16:44:00,10,42,595.26,369.5,36.75,0.0
14555,324.14,15.435238095238095,12.75,60.839999999999996,3.75,130,6.190476190476191,36,1,2,18,18,3.0109523809523813,6.75,1.25,1,2011-02-10 17:19:00,2011-10-13 16:24:00,57,244,162.07,65.0,9.0,0.0
14557,788.38,49.27375,47.25,102.0,13.0,510,31.875,48,12,1,16,16,1.59,3.75,0.42,1,2011-09-15 15:48:00,2011-09-15 15:48:00,85,0,788.38,510.0,16.0,8.0
14560,2237.77,30.240135135135134,17.4,136.0,9.959999999999999,1260,17.027027027027028,240,1,22,39,40,4.907027027027027,12.75,0.42,1,2010-12-17 09:22:00,2011-12-02 15:22:00,7,350,101.71681818181818,57.27272727272727,1.7727272727272727,0.08333333333333333
14561,1080.76,15.6631884057971,15.0,39.599999999999994,4.5600000000000005,1014,14.695652173913043,72,1,3,67,67,1.9856521739130433,9.95,0.19,1,2011-06-08 13:26:00,2011-09-25 12:39:00,76,108,360.25333333333333,338.0,22.333333333333332,0.0
14562,5074.77,11.997092198581562,8.5,99.60000000000001,0.39,1834,4.335697399527187,24,1,18,187,190,3.4981560283687942,39.95,0.29,1,2011-02-08 14:45:00,2011-12-06 11:05:00,4,300,281.9316666666667,101.88888888888889,10.38888888888889,1.0454545454545454
14565,3099.12,24.40251968503937,19.799999999999997,67.5,5.04,1540,12.125984251968504,48,1,4,111,111,3.911732283464567,50.0,0.29,1,2010-12-13 13:25:00,2011-09-05 09:07:00,96,265,774.78,385.0,27.75,0.3333333333333333
14566,1432.0,358.0,358.0,358.0,358.0,800,200.0,200,200,1,4,4,1.79,1.79,1.79,1,2011-08-21 11:05:00,2011-08-21 11:05:00,111,0,1432.0,800.0,4.0,0.0
14567,1530.3600000000001,46.374545454545455,45.0,153.0,15.0,412,12.484848484848484,24,12,2,33,33,3.7118181818181815,12.75,1.25,1,2011-08-01 13:48:00,2011-10-14 10:21:00,57,73,765.1800000000001,206.0,16.5,0.3333333333333333
14569,227.39,18.949166666666667,4.425000000000001,122.39999999999999,1.65,79,6.583333333333333,48,1,1,10,10,3.92,14.95,1.25,1,2011-12-08 14:58:00,2011-12-08 14:58:00,1,0,227.39,79.0,10.0,0.0
14570,218.06,7.519310344827586,4.35,77.35000000000001,0.85,95,3.2758620689655173,13,1,2,29,29,3.372068965517242,9.95,0.29,1,2011-03-04 10:39:00,2011-03-04 10:58:00,281,0,109.03,47.5,14.5,0.0
14572,2832.84,10.492,6.245,102.0,1.1,1428,5.288888888888889,100,1,7,190,191,2.987888888888889,19.95,0.04,1,2011-01-19 17:23:00,2011-12-06 14:40:00,3,320,404.6914285714286,204.0,27.142857142857142,0.3
14573,1653.42,7.035829787234043,4.16,44.849999999999994,0.39,544,2.3148936170212764,48,1,9,127,127,4.4331489361702126,16.95,0.14,1,2010-12-02 19:59:00,2011-06-13 11:15:00,180,192,183.71333333333334,60.44444444444444,14.11111111111111,0.46153846153846156
14576,35.400000000000006,35.400000000000006,35.400000000000006,35.400000000000006,35.400000000000006,12,12.0,12,12,1,1,1,2.95,2.95,2.95,1,2010-12-02 17:51:00,2010-12-02 17:51:00,372,0,35.400000000000006,12.0,1.0,0.0
14577,859.71,6.989512195121952,5.9,22.5,0.95,353,2.869918699186992,10,1,4,86,88,2.643333333333333,4.95,0.65,1,2010-12-12 11:26:00,2011-11-27 12:47:00,13,350,214.9275,88.25,21.5,0.0
14578,168.63,7.02625,4.95,28.080000000000002,1.25,240,10.0,72,1,1,24,24,2.45125,4.95,0.19,1,2011-12-06 17:18:00,2011-12-06 17:18:00,3,0,168.63,240.0,24.0,0.0
14581,138.6,8.152941176470588,5.1,27.839999999999996,0.42,217,12.764705882352942,96,1,1,16,16,1.5829411764705883,8.25,0.19,1,2011-11-23 12:39:00,2011-11-23 12:39:00,17,0,138.6,217.0,16.0,0.0
14582,114.11,19.018333333333334,16.825,35.400000000000006,1.56,73,12.166666666666666,25,2,1,6,6,3.39,9.95,0.39,1,2011-10-30 11:56:00,2011-10-30 11:56:00,41,0,114.11,73.0,6.0,0.0
14583,1052.55,3.1895454545454545,1.95,25.5,0.19,792,2.4,36,1,5,243,244,1.9964545454545455,12.75,0.06,1,2011-05-18 11:28:00,2011-12-04 12:32:00,6,200,210.51,158.4,48.6,0.0
14584,1042.26,10.4226,8.45,63.8,1.33,383,3.83,12,1,4,68,68,3.5141000000000004,15.95,0.19,1,2011-05-25 17:31:00,2011-06-23 18:33:00,169,29,260.565,95.75,17.0,0.2
14585,157.05,5.415517241379311,2.9,29.5,0.85,91,3.1379310344827585,12,1,1,29,29,1.9896551724137932,8.5,0.39,1,2011-10-20 14:33:00,2011-10-20 14:33:00,50,0,157.05,91.0,29.0,0.0
14586,237.36,12.49263157894737,13.200000000000001,20.4,6.72,444,23.36842105263158,48,6,1,19,19,0.6984210526315789,2.1,0.21,1,2011-03-08 10:04:00,2011-03-08 10:04:00,277,0,237.36,444.0,19.0,2.6666666666666665
14587,1601.14,4.180522193211488,2.95,38.25,0.29,761,1.9869451697127938,36,1,9,170,175,2.3890339425587466,12.75,0.21,1,2011-01-12 13:16:00,2011-11-21 11:34:00,19,312,177.90444444444447,84.55555555555556,18.88888888888889,0.1
14589,39.75,13.25,15.9,15.9,7.95,5,1.6666666666666667,2,1,1,3,3,7.95,7.95,7.95,1,2010-12-03 11:42:00,2010-12-03 11:42:00,372,0,39.75,5.0,3.0,0.0
14591,1447.14,7.345888324873097,4.25,58.5,0.39,1297,6.583756345177665,72,1,4,138,139,2.8107106598984775,16.95,0.06,1,2011-05-10 14:09:00,2011-11-24 13:57:00,15,197,361.785,324.25,34.5,0.0
14592,570.46,3.4784146341463416,2.7199999999999998,14.95,0.39,415,2.5304878048780486,25,1,3,132,132,2.0446341463414632,14.95,0.19,1,2011-10-06 18:08:00,2011-11-04 16:35:00,35,28,190.15333333333334,138.33333333333334,44.0,0.0
14593,617.99,4.065723684210527,2.09,75.0,0.12,332,2.1842105263157894,12,1,3,127,129,2.0631578947368423,12.5,0.12,1,2011-05-25 11:14:00,2011-11-18 12:48:00,22,177,205.99666666666667,110.66666666666667,42.333333333333336,0.0
14594,379.83,7.166603773584906,6.5,17.0,0.85,185,3.490566037735849,12,1,2,48,48,3.3492452830188677,8.5,0.42,1,2010-12-01 13:54:00,2011-12-02 13:28:00,7,365,189.915,92.5,24.0,0.0
14595,1740.6,17.06470588235294,16.5,59.0,1.25,978,9.588235294117647,36,1,6,94,94,2.9027450980392153,12.75,0.39,1,2011-01-30 13:36:00,2011-11-20 12:12:00,20,293,290.09999999999997,163.0,15.666666666666666,0.0
14597,883.15,16.05727272727273,2.6,84.1,0.21,577,10.49090909090909,58,1,2,45,45,1.4760000000000002,4.15,0.21,1,2011-06-01 12:33:00,2011-11-28 13:13:00,11,180,441.575,288.5,22.5,0.0
14598,221.97,4.4394,3.75,14.850000000000001,0.65,189,3.78,25,1,1,49,49,1.5216,4.95,0.29,1,2011-10-26 13:19:00,2011-10-26 13:19:00,44,0,221.97,189.0,49.0,0.0
14600,393.33000000000004,15.733200000000002,15.9,24.75,9.95,125,5.0,24,1,1,25,25,5.3628,12.75,0.42,1,2011-02-07 09:48:00,2011-02-07 09:48:00,306,0,393.33000000000004,125.0,25.0,0.0
14601,213.96,30.565714285714286,25.200000000000003,90.0,6.959999999999999,168,24.0,72,12,1,7,7,1.4342857142857142,2.95,0.29,1,2011-11-29 09:48:00,2011-11-29 09:48:00,11,0,213.96,168.0,7.0,0.0
14603,660.0,330.0,330.0,509.99999999999994,150.0,400,200.0,200,200,1,2,2,1.65,2.55,0.75,1,2011-03-10 10:27:00,2011-03-10 10:27:00,275,0,660.0,400.0,2.0,0.0
14606,12156.65,4.502462962962963,2.55,139.29999999999998,0.12,6224,2.3051851851851852,96,1,93,819,826,2.8132407407407407,85.0,0.12,1,2010-12-01 16:57:00,2011-12-08 19:28:00,1,372,130.71666666666667,66.9247311827957,8.806451612903226,0.640625
14607,16569.5,192.66860465116278,144.0,1293.6,9.9,11766,136.8139534883721,720,2,14,38,38,2.1001162790697676,10.0,0.39,1,2011-03-23 15:22:00,2011-11-24 10:35:00,16,245,1183.5357142857142,840.4285714285714,2.7142857142857144,1.6470588235294117
14608,1785.15,89.25750000000001,90.0,204.0,3.75,437,21.85,48,1,4,8,8,4.225,4.95,3.75,1,2010-12-12 14:49:00,2011-12-05 16:52:00,4,358,446.2875,109.25,2.0,0.0
14609,601.56,150.39,147.6,191.16,115.2,7026,1756.5,3186,720,4,2,2,0.1225,0.21,0.06,1,2011-02-16 12:10:00,2011-09-28 12:54:00,72,224,150.39,1756.5,0.5,0.0
14616,406.08000000000004,135.36,158.4,237.60000000000002,10.08,104,34.666666666666664,48,24,3,2,2,3.44,4.95,0.42,1,2011-01-26 12:42:00,2011-04-11 09:54:00,243,74,135.36,34.666666666666664,0.6666666666666666,0.0
14618,553.44,34.59,32.85,75.0,15.0,264,16.5,48,1,3,10,10,4.274375,15.0,0.85,1,2011-01-06 11:59:00,2011-11-30 13:45:00,9,328,184.48000000000002,88.0,3.3333333333333335,0.25
14619,394.44,19.722,18.75,30.599999999999998,9.959999999999999,152,7.6,24,2,1,20,20,4.706,12.75,0.83,1,2011-04-08 07:37:00,2011-04-08 07:37:00,246,0,394.44,152.0,20.0,1.0
14620,412.78000000000003,15.876153846153848,15.6,30.0,2.2800000000000002,214,8.23076923076923,36,2,2,26,26,3.4223076923076925,8.5,0.38,1,2011-03-01 08:30:00,2011-05-18 11:58:00,206,78,206.39000000000001,107.0,13.0,1.3333333333333333
14621,1788.3600000000001,19.438695652173916,16.975,59.400000000000006,8.2,993,10.793478260869565,48,1,5,80,80,3.0166304347826083,16.95,0.39,1,2010-12-16 13:00:00,2011-12-08 16:22:00,1,357,357.672,198.6,16.0,0.6666666666666666
14622,320.58000000000004,15.265714285714287,15.8,23.6,1.45,146,6.9523809523809526,24,1,1,21,21,3.212380952380953,7.95,0.42,1,2011-06-08 12:42:00,2011-06-08 12:42:00,185,0,320.58000000000004,146.0,21.0,0.0
14623,889.25,6.6361940298507465,4.949999999999999,60.0,0.3,419,3.126865671641791,48,1,5,108,107,3.0276119402985073,12.75,0.14,1,2011-04-18 13:54:00,2011-11-07 13:56:00,32,203,177.85,83.8,21.6,0.16666666666666666
14624,225.85,17.373076923076923,16.6,23.4,10.5,162,12.461538461538462,25,3,2,13,13,2.0707692307692307,4.95,0.42,1,2011-10-11 14:39:00,2011-10-13 13:44:00,57,1,112.925,81.0,6.5,0.0
14625,899.63,16.974150943396225,15.9,35.400000000000006,7.800000000000001,335,6.320754716981132,24,1,2,51,51,4.738490566037736,16.95,0.55,1,2010-12-13 15:36:00,2011-05-27 15:32:00,196,164,449.815,167.5,25.5,0.8
14626,2791.27,22.87926229508197,17.700000000000003,175.2,6.959999999999999,1403,11.5,72,1,4,108,108,3.4078688524590164,39.95,0.29,1,2011-04-20 13:18:00,2011-11-16 10:37:00,24,209,697.8175,350.75,27.0,0.5714285714285714
14628,671.96,27.998333333333335,19.065,70.80000000000001,10.08,272,11.333333333333334,25,1,2,22,22,4.545416666666667,16.95,0.42,1,2011-04-11 14:43:00,2011-09-09 14:58:00,91,151,335.98,136.0,11.0,0.0
14629,959.01,6.309276315789473,4.225,33.3,0.39,380,2.5,25,1,2,133,133,3.738815789473684,16.65,0.19,1,2011-10-23 16:13:00,2011-12-05 16:55:00,4,43,479.505,190.0,66.5,0.3333333333333333
14631,1006.98,24.56048780487805,15.0,111.0,4.5600000000000005,622,15.170731707317072,60,2,3,38,38,2.38390243902439,8.5,0.19,1,2011-02-14 09:31:00,2011-10-20 11:17:00,51,248,335.66,207.33333333333334,12.666666666666666,0.0
14632,114.56,14.32,14.71,19.8,6.8,96,12.0,48,2,1,8,8,2.54,7.95,0.39,1,2011-03-22 08:49:00,2011-03-22 08:49:00,263,0,114.56,96.0,8.0,0.0
14633,344.90000000000003,17.245,17.0,27.0,10.2,96,4.8,12,2,1,20,20,5.4025,9.95,0.85,1,2011-03-18 17:07:00,2011-03-18 17:07:00,266,0,344.90000000000003,96.0,20.0,0.0
14636,609.85,21.780357142857145,17.700000000000003,42.96,12.600000000000001,241,8.607142857142858,24,3,2,27,27,3.038214285714286,6.95,1.25,1,2011-03-16 09:52:00,2011-11-03 16:12:00,36,232,304.925,120.5,13.5,0.0
14638,443.6,27.725,26.02,57.800000000000004,9.959999999999999,166,10.375,24,2,1,16,16,4.159375,12.5,0.83,1,2011-10-20 10:10:00,2011-10-20 10:10:00,51,0,443.6,166.0,16.0,0.0
14639,2984.49,17.351686046511627,16.95,60.0,6.959999999999999,1431,8.319767441860465,48,1,6,138,140,4.691860465116279,16.95,0.29,1,2010-12-13 13:50:00,2011-10-18 15:06:00,52,309,497.41499999999996,238.5,23.0,0.375
14640,2125.08,20.047924528301888,17.369999999999997,53.550000000000004,5.04,886,8.358490566037736,36,1,6,87,87,3.9412264150943392,16.65,0.38,1,2011-04-26 12:31:00,2011-11-15 13:07:00,24,203,354.18,147.66666666666666,14.5,0.875
14641,110.46,15.78,10.2,39.599999999999994,7.800000000000001,90,12.857142857142858,24,6,1,7,7,1.2900000000000003,2.95,0.65,1,2011-11-18 10:42:00,2011-11-18 10:42:00,22,0,110.46,90.0,7.0,0.0
14642,96.12,48.06,48.06,76.32000000000001,19.8,76,38.0,72,4,1,2,2,3.005,4.95,1.06,1,2011-10-12 11:08:00,2011-10-12 11:08:00,59,0,96.12,76.0,2.0,0.0
14643,693.8100000000001,22.380967741935486,16.8,75.60000000000001,4.5600000000000005,815,26.29032258064516,48,4,2,30,29,1.586774193548387,7.95,0.19,1,2010-12-16 17:53:00,2011-06-22 14:41:00,170,187,346.90500000000003,407.5,15.0,1.0
14644,830.76,31.95230769230769,19.799999999999997,175.2,6.64,258,9.923076923076923,36,2,2,26,26,4.341538461538462,14.95,0.55,1,2011-02-14 14:14:00,2011-10-03 08:30:00,68,230,415.38,129.0,13.0,0.75
14645,597.09,19.903000000000002,16.5,102.0,2.2800000000000002,381,12.7,48,1,2,28,28,3.622,39.95,0.12,1,2011-03-09 09:52:00,2011-07-06 09:15:00,157,118,298.545,190.5,14.0,0.0
14646,280206.02,134.97399807321773,105.6,4992.0,0.39,196915,94.85308285163777,2400,1,73,700,718,2.4932996146435453,110.0,0.19,1,2010-12-20 10:09:00,2011-12-08 12:12:00,2,353,3838.4386301369864,2697.4657534246576,9.58904109589041,0.06578947368421052
14647,243.22,8.107333333333333,4.2,99.0,1.49,95,3.1666666666666665,20,1,1,24,24,2.372,4.95,0.55,1,2011-05-22 13:40:00,2011-05-22 13:40:00,201,0,243.22,95.0,24.0,0.0
14649,1417.29,7.122060301507537,2.95,81.6,0.21,1018,5.115577889447236,144,1,4,148,149,2.547989949748744,14.95,0.09,1,2011-05-11 14:37:00,2011-12-05 12:30:00,5,207,354.3225,254.5,37.0,0.0
14651,654.6,6.41764705882353,4.949999999999999,27.04,0.48,344,3.372549019607843,16,1,2,95,95,2.8968627450980393,16.95,0.12,1,2011-05-12 16:29:00,2011-10-03 15:52:00,67,143,327.3,172.0,47.5,0.0
14652,114.18,3.937241379310345,2.95,22.5,0.39,53,1.8275862068965518,12,1,1,29,29,2.986206896551724,9.95,0.39,1,2011-09-23 14:21:00,2011-09-23 14:21:00,77,0,114.18,53.0,29.0,0.0
14653,1947.55,8.217510548523206,6.24,97.3,0.39,950,4.008438818565401,25,1,7,154,156,3.3198312236286918,12.75,0.19,1,2011-01-05 13:40:00,2011-12-08 13:45:00,1,337,278.2214285714286,135.71428571428572,22.0,0.0
14655,1932.23,39.43326530612245,26.0,179.0,9.959999999999999,1089,22.224489795918366,100,1,4,35,35,2.686938775510204,14.95,0.65,1,2011-05-01 14:59:00,2011-12-01 16:28:00,8,214,483.0575,272.25,8.75,0.2
14656,291.05,3.638125,2.5,14.75,0.78,120,1.5,7,1,2,73,73,2.7685,12.75,0.19,1,2011-03-01 13:19:00,2011-06-23 13:51:00,169,114,145.525,60.0,36.5,0.0
14657,848.22,6.7319047619047625,4.47,30.0,0.55,466,3.6984126984126986,24,1,4,103,103,2.7334920634920636,14.95,0.42,1,2011-01-17 15:19:00,2011-11-22 12:47:00,18,308,212.055,116.5,25.75,0.2
14658,247.15,8.522413793103448,5.9,39.95,0.39,47,1.6206896551724137,4,1,2,27,28,5.588275862068966,39.95,0.39,1,2011-08-14 15:42:00,2011-12-04 15:35:00,5,111,123.575,23.5,13.5,0.0
14659,2529.93,9.999723320158102,8.25,29.75,0.42,1195,4.723320158102767,24,1,9,147,152,2.9375098814229252,12.75,0.29,1,2011-01-28 12:43:00,2011-12-01 12:17:00,9,306,281.1033333333333,132.77777777777777,16.333333333333332,0.5
14660,285.74,9.524666666666667,4.92,81.36,0.39,228,7.6,24,1,2,24,24,2.3586666666666667,12.5,0.12,1,2011-08-31 10:40:00,2011-09-14 11:34:00,87,14,142.87,114.0,12.0,0.0
14661,107.95,26.9875,20.1,66.9,0.85,35,8.75,24,1,1,4,4,3.95,11.15,0.85,1,2011-11-13 11:51:00,2011-11-13 11:51:00,27,0,107.95,35.0,4.0,0.0
14662,771.17,4.590297619047619,2.95,45.0,0.29,602,3.5833333333333335,36,1,4,143,143,2.380238095238095,9.95,0.21,1,2011-01-27 17:41:00,2011-11-11 12:13:00,29,287,192.7925,150.5,35.75,0.0
14664,637.89,6.443333333333333,4.16,30.0,0.39,466,4.707070707070707,24,1,2,78,78,1.9827272727272727,9.95,0.29,1,2011-11-06 14:56:00,2011-11-20 10:59:00,20,13,318.945,233.0,39.0,0.0
14665,1835.7,20.39666666666667,16.975,81.6,1.65,740,8.222222222222221,32,1,5,63,63,4.328333333333333,16.95,0.83,1,2011-02-02 09:08:00,2011-10-10 09:14:00,61,250,367.14,148.0,12.6,3.857142857142857
14666,195.25,13.946428571428571,16.575,30.0,2.4,161,11.5,24,2,1,14,14,1.857142857142857,9.95,0.12,1,2011-11-15 12:57:00,2011-11-15 12:57:00,24,0,195.25,161.0,14.0,0.0
14667,9241.2,16.127748691099477,11.7,170.0,0.39,5385,9.397905759162304,144,1,25,354,356,3.113298429319372,19.95,0.19,1,2010-12-06 13:13:00,2011-11-29 11:30:00,11,357,369.648,215.4,14.16,0.1111111111111111
14669,1269.99,7.470529411764706,5.9,33.9,0.85,775,4.5588235294117645,48,1,3,158,158,2.706,16.95,0.12,1,2011-01-11 12:30:00,2011-04-12 11:43:00,242,90,423.33,258.3333333333333,52.666666666666664,0.0
14670,411.53,3.1176515151515147,2.5,18.75,0.21,337,2.553030303030303,15,1,2,107,107,1.6325,7.95,0.21,1,2011-03-04 13:58:00,2011-03-04 14:13:00,280,0,205.765,168.5,53.5,0.0
14672,765.55,12.549999999999999,9.899999999999999,44.550000000000004,1.45,454,7.442622950819672,42,1,2,58,58,2.921639344262295,12.75,0.19,1,2011-01-07 15:48:00,2011-04-19 10:19:00,235,101,382.775,227.0,29.0,0.0
14673,1736.4,23.464864864864865,19.799999999999997,122.39999999999999,5.04,1004,13.567567567567568,48,3,5,39,39,2.395,4.95,0.29,1,2010-12-07 12:49:00,2011-12-06 14:31:00,3,364,347.28000000000003,200.8,7.8,0.0
14675,604.75,5.928921568627451,3.3,60.839999999999996,0.21,341,3.343137254901961,36,1,1,93,93,2.230098039215686,12.75,0.21,1,2011-11-23 12:58:00,2011-11-23 12:58:00,16,0,604.75,341.0,93.0,0.0
14676,2548.2400000000002,60.672380952380955,57.54,178.20000000000002,15.12,2500,59.523809523809526,336,12,6,29,29,1.7133333333333336,8.5,0.29,1,2011-03-01 14:26:00,2011-11-08 13:29:00,31,251,424.7066666666667,416.6666666666667,4.833333333333333,0.25
14680,28754.11,111.45003875968993,79.19999999999999,622.5,0.85,13476,52.23255813953488,300,1,16,73,78,2.4156976744186047,15.0,0.42,1,2010-12-03 12:05:00,2011-11-14 16:59:00,25,346,1797.131875,842.25,4.5625,2.6956521739130435
14681,498.95,71.27857142857142,16.5,340.0,9.95,76,10.857142857142858,40,1,3,6,6,7.207142857142857,12.5,3.75,1,2011-05-12 10:45:00,2011-09-29 15:52:00,71,140,166.31666666666666,25.333333333333332,2.0,0.0
14682,52.0,26.0,26.0,31.200000000000003,20.8,80,40.0,48,32,2,1,1,0.65,0.65,0.65,1,2011-05-22 12:51:00,2011-06-05 12:12:00,188,13,26.0,40.0,0.5,0.0
14684,1236.28,2.9365320665083137,1.7,61.199999999999996,0.32,853,2.026128266033254,24,1,5,231,230,1.6946555819477436,14.95,0.08,1,2010-12-12 12:44:00,2011-11-14 11:33:00,26,336,247.256,170.6,46.2,0.0
14687,628.38,41.892,26.32,120.0,9.9,470,31.333333333333332,144,2,1,15,15,2.27,4.95,0.55,1,2011-08-25 11:59:00,2011-08-25 11:59:00,107,0,628.38,470.0,15.0,0.0
14688,5630.87,17.219785932721713,10.08,153.0,0.19,3621,11.073394495412844,120,1,21,148,151,2.131039755351682,25.0,0.19,1,2010-12-01 09:37:00,2011-12-02 12:26:00,8,366,268.13666666666666,172.42857142857142,7.0476190476190474,1.1851851851851851
14689,112.8,8.676923076923076,7.95,30.0,3.3000000000000003,76,5.846153846153846,24,1,1,13,13,2.180769230769231,7.95,0.55,1,2011-05-15 11:22:00,2011-05-15 11:22:00,209,0,112.8,76.0,13.0,0.0
14690,371.7,7.434,5.01,27.04,1.25,170,3.4,16,1,2,40,40,2.8594,7.95,0.29,1,2011-07-11 11:58:00,2011-10-26 15:39:00,44,107,185.85,85.0,20.0,1.3333333333333333
14691,2114.33,29.779295774647885,19.799999999999997,122.04,7.800000000000001,707,9.95774647887324,36,2,5,50,52,3.6664788732394364,12.75,0.42,1,2011-05-11 09:55:00,2011-11-09 12:30:00,31,182,422.866,141.4,10.0,0.0
14692,591.55,8.699264705882353,7.574999999999999,20.4,1.65,265,3.8970588235294117,24,1,4,53,54,2.932352941176471,8.25,0.85,1,2011-01-21 13:47:00,2011-07-25 15:08:00,137,185,147.8875,66.25,13.25,0.2
14693,172.9,21.6125,6.25,127.5,2.9,34,4.25,10,1,1,8,8,3.475,12.75,0.85,1,2011-03-20 12:50:00,2011-03-20 12:50:00,265,0,172.9,34.0,8.0,0.0
14696,2078.95,15.991923076923076,15.12,51.0,1.9,1630,12.538461538461538,48,1,7,117,117,2.4591538461538462,9.95,0.12,1,2010-12-01 15:37:00,2011-12-05 13:43:00,4,368,296.99285714285713,232.85714285714286,16.714285714285715,0.3333333333333333
14697,188.60999999999999,8.573181818181817,7.5,39.839999999999996,0.95,181,8.227272727272727,48,1,2,22,22,3.2372727272727273,8.95,0.21,1,2011-05-05 15:29:00,2011-05-05 15:39:00,218,0,94.30499999999999,90.5,11.0,0.0
14698,1250.76,5.9559999999999995,4.95,29.849999999999998,0.78,615,2.9285714285714284,16,1,5,148,148,2.8727142857142858,12.75,0.19,1,2011-10-19 12:54:00,2011-12-08 12:26:00,2,49,250.152,123.0,29.6,0.0
14699,109.13000000000001,13.641250000000001,13.8,20.28,6.6000000000000005,77,9.625,16,3,1,8,8,2.21125,5.95,0.55,1,2011-05-09 14:54:00,2011-05-09 14:54:00,214,0,109.13000000000001,77.0,8.0,0.0
14700,2235.3,19.437391304347827,15.299999999999999,63.6,0.85,1342,11.669565217391304,72,1,3,80,80,2.36695652173913,12.75,0.36,1,2011-04-15 13:16:00,2011-11-07 14:40:00,32,206,745.1,447.3333333333333,26.666666666666668,0.0
14701,2549.37,7.610059701492537,4.2,323.55,0.29,932,2.782089552238806,16,1,9,268,269,3.124985074626866,39.95,0.29,1,2011-01-27 12:40:00,2011-11-29 12:38:00,11,305,283.2633333333333,103.55555555555556,29.77777777777778,1.25
14702,3292.14,9.487435158501441,7.5,59.8,0.83,1454,4.1902017291066285,40,1,17,196,197,3.795850144092219,16.95,0.29,1,2010-12-09 19:23:00,2011-12-08 19:29:00,1,364,193.65529411764706,85.52941176470588,11.529411764705882,0.05555555555555555
14703,318.17,14.462272727272728,15.0,19.799999999999997,8.5,183,8.318181818181818,12,3,1,22,22,2.0513636363636363,4.25,0.83,1,2011-11-25 09:23:00,2011-11-25 09:23:00,15,0,318.17,183.0,22.0,0.0
14704,1546.91,3.7274939759036148,2.9,29.9,0.19,1082,2.6072289156626507,28,1,9,288,288,2.2325542168674697,15.0,0.19,1,2011-06-12 13:59:00,2011-11-28 12:51:00,11,168,171.8788888888889,120.22222222222223,32.0,0.0
14705,179.0,179.0,179.0,179.0,179.0,100,100.0,100,100,1,1,1,1.79,1.79,1.79,1,2011-05-25 12:39:00,2011-05-25 12:39:00,199,0,179.0,100.0,1.0,0.0
14708,1126.37,40.2275,20.925,162.72,5.04,621,22.178571428571427,192,3,3,25,25,3.0003571428571427,9.95,0.42,1,2010-12-06 12:23:00,2011-12-07 08:21:00,3,365,375.45666666666665,207.0,8.333333333333334,0.25
14709,4921.04,25.10734693877551,20.8,62.400000000000006,6.959999999999999,2484,12.673469387755102,48,1,13,71,72,2.75515306122449,14.95,0.29,1,2010-12-16 13:43:00,2011-11-24 15:41:00,15,343,378.54153846153844,191.07692307692307,5.461538461538462,0.07142857142857142
14710,606.13,4.360647482014389,2.89,23.4,0.42,378,2.7194244604316546,18,1,4,124,124,2.0762589928057555,8.5,0.12,1,2011-10-11 13:49:00,2011-11-25 14:53:00,14,45,151.5325,94.5,31.0,0.0
14711,2868.8,8.035854341736695,4.65,195.0,0.39,978,2.7394957983193278,100,1,11,221,222,4.756078431372549,195.0,0.29,1,2011-03-22 13:32:00,2011-11-29 14:58:00,10,252,260.8,88.9090909090909,20.09090909090909,0.16666666666666666
14712,917.07,36.6828,15.0,102.0,1.95,315,12.6,48,1,3,21,21,3.3080000000000003,12.75,0.42,1,2011-08-19 13:33:00,2011-11-10 12:59:00,29,82,305.69,105.0,7.0,0.0
14713,2666.36,7.865368731563422,4.949999999999999,102.0,0.84,1615,4.76401179941003,40,1,11,146,148,2.4739823008849555,14.95,0.19,1,2010-12-09 18:58:00,2011-11-30 16:26:00,9,355,242.39636363636365,146.8181818181818,13.272727272727273,0.16666666666666666
14714,160.19,16.019,10.75,80.64,1.65,229,22.9,192,1,1,10,10,3.287,12.75,0.42,1,2011-11-15 13:07:00,2011-11-15 13:07:00,24,0,160.19,229.0,10.0,0.0
14715,867.38,12.21661971830986,9.899999999999999,67.5,1.45,521,7.338028169014085,100,1,4,60,60,3.3422535211267608,16.95,0.04,1,2011-01-12 13:27:00,2011-11-15 12:10:00,25,306,216.845,130.25,15.0,0.0
14716,329.68,5.9941818181818185,3.9,50.4,0.19,604,10.981818181818182,120,1,2,46,45,1.3956363636363638,7.95,0.19,1,2011-07-14 12:42:00,2011-10-27 17:29:00,43,105,164.84,302.0,23.0,0.0
14719,1602.13,6.7600421940928275,5.0,30.0,0.65,1032,4.3544303797468356,25,1,5,177,177,2.360253164556962,11.95,0.19,1,2011-04-04 14:17:00,2011-12-08 12:43:00,2,247,320.42600000000004,206.4,35.4,0.16666666666666666
14720,663.81,17.94081081081081,16.6,60.0,7.800000000000001,219,5.918918918918919,24,1,3,34,34,5.744594594594595,16.95,0.42,1,2011-08-05 12:06:00,2011-12-04 12:02:00,6,120,221.26999999999998,73.0,11.333333333333334,0.0
14722,187.92000000000002,6.48,4.25,30.0,1.25,120,4.137931034482759,24,1,1,28,28,3.029310344827586,9.95,0.21,1,2011-07-15 14:58:00,2011-07-15 14:58:00,147,0,187.92000000000002,120.0,28.0,0.0
14723,1158.3,4.1665467625899275,2.925,35.400000000000006,0.21,695,2.5,36,1,6,193,193,2.247482014388489,16.95,0.12,1,2010-12-03 14:18:00,2011-11-29 15:23:00,10,361,193.04999999999998,115.83333333333333,32.166666666666664,0.0
14725,718.08,13.80923076923077,12.2,78.0,0.95,593,11.403846153846153,120,1,1,45,45,4.396153846153846,12.5,0.19,1,2011-11-15 12:42:00,2011-11-15 12:42:00,25,0,718.08,593.0,45.0,0.0
14727,268.58,26.857999999999997,17.79,50.849999999999994,14.850000000000001,62,6.2,12,3,1,10,10,7.0840000000000005,16.95,1.25,1,2011-03-10 14:45:00,2011-03-10 14:45:00,274,0,268.58,62.0,10.0,0.0
14729,313.49,4.415352112676056,2.95,19.799999999999997,0.65,197,2.7746478873239435,16,1,1,69,69,2.159154929577465,12.75,0.29,1,2010-12-01 12:43:00,2010-12-01 12:43:00,374,0,313.49,197.0,69.0,0.0
14730,2005.06,4.0021157684630735,2.95,35.400000000000006,0.19,1132,2.259481037924152,25,1,8,317,317,2.525788423153693,24.95,0.06,1,2011-03-08 12:49:00,2011-12-08 14:39:00,1,275,250.6325,141.5,39.625,0.0
14731,380.02,8.444888888888888,5.9,24.900000000000002,0.95,256,5.688888888888889,32,1,3,38,38,2.102222222222222,12.5,0.39,1,2011-05-11 13:06:00,2011-10-23 15:54:00,47,165,126.67333333333333,85.33333333333333,12.666666666666666,0.0
14732,2702.4900000000002,18.384285714285717,16.95,120.0,4.5600000000000005,1405,9.5578231292517,96,1,8,105,105,3.386326530612245,16.95,0.19,1,2011-01-04 14:40:00,2011-12-01 14:34:00,8,330,337.81125000000003,175.625,13.125,0.2
14733,9585.91,47.455,38.160000000000004,204.0,7.5,3764,18.633663366336634,80,2,12,102,103,3.932920792079208,12.75,0.38,1,2010-12-07 11:30:00,2011-11-23 15:39:00,16,351,798.8258333333333,313.6666666666667,8.5,0.9333333333333333
14735,6065.69,31.26644329896907,23.6,107.10000000000001,8.2,2264,11.670103092783505,56,1,32,99,104,3.750824742268041,15.0,0.82,1,2010-12-16 16:05:00,2011-12-06 12:09:00,4,354,189.5528125,70.75,3.09375,0.3235294117647059
14737,1164.55,68.50294117647059,59.0,170.0,16.5,345,20.294117647058822,50,10,3,15,15,3.614117647058823,8.5,1.25,1,2010-12-21 13:49:00,2011-12-06 10:16:00,4,349,388.18333333333334,115.0,5.0,0.0
14738,1314.45,24.34166666666667,22.04,88.80000000000001,4.5600000000000005,601,11.12962962962963,48,1,7,39,39,3.318703703703704,19.95,0.19,1,2011-01-27 14:10:00,2011-10-28 08:56:00,43,273,187.77857142857144,85.85714285714286,5.571428571428571,0.2222222222222222
14739,3902.28,65.038,63.989999999999995,180.0,8.4,3820,63.666666666666664,432,4,7,47,47,2.065166666666667,7.95,0.21,1,2010-12-07 14:58:00,2011-12-05 16:54:00,4,363,557.4685714285714,545.7142857142857,6.714285714285714,0.125
14740,1448.21,16.272022471910113,15.0,67.8,6.72,735,8.258426966292134,16,1,3,85,85,2.8922471910112364,16.95,0.42,1,2011-03-01 08:35:00,2011-05-26 18:17:00,197,86,482.7366666666667,245.0,28.333333333333332,1.0
14741,1400.34,23.73457627118644,17.85,93.60000000000001,9.959999999999999,841,14.254237288135593,144,2,6,35,35,2.6030508474576273,9.95,0.42,1,2010-12-02 08:43:00,2011-11-28 08:48:00,12,361,233.39,140.16666666666666,5.833333333333333,0.0
14744,1099.98,42.30692307692308,18.839999999999996,145.0,0.55,627,24.115384615384617,100,1,7,21,21,3.009230769230769,15.0,0.55,1,2010-12-08 10:21:00,2011-11-23 12:51:00,16,350,157.14000000000001,89.57142857142857,3.0,0.2222222222222222
14745,1220.26,17.684927536231886,16.5,70.80000000000001,6.72,1038,15.043478260869565,96,2,5,46,46,1.6594202898550725,7.95,0.29,1,2011-02-27 15:25:00,2011-08-19 10:05:00,113,172,244.052,207.6,9.2,0.16666666666666666
14747,328.2,18.233333333333334,16.8,33.9,9.899999999999999,84,4.666666666666667,12,2,1,18,18,5.800000000000001,16.95,1.25,1,2011-04-04 14:09:00,2011-04-04 14:09:00,249,0,328.2,84.0,18.0,0.5
14748,1415.75,15.907303370786517,15.299999999999999,34.8,4.0,1223,13.741573033707866,100,2,5,87,87,1.8602247191011236,7.95,0.04,1,2010-12-06 10:19:00,2011-11-10 18:33:00,29,339,283.15,244.6,17.4,0.5
14752,389.64,77.928,51.839999999999996,208.79999999999998,30.0,260,52.0,144,8,1,5,5,2.504,4.95,0.72,1,2011-10-27 11:55:00,2011-10-27 11:55:00,44,0,389.64,260.0,5.0,0.0
14753,563.15,18.771666666666665,17.325,35.400000000000006,14.850000000000001,211,7.033333333333333,12,2,1,30,30,3.5983333333333336,9.95,1.25,1,2011-09-13 14:50:00,2011-09-13 14:50:00,87,0,563.15,211.0,30.0,0.0
14754,638.05,15.562195121951218,15.0,35.7,8.4,486,11.853658536585366,25,1,2,38,38,2.238048780487805,12.75,0.42,1,2011-02-17 12:21:00,2011-10-26 12:01:00,45,250,319.025,243.0,19.0,0.0
14755,5010.28,21.320340425531914,17.4,59.400000000000006,9.899999999999999,2219,9.442553191489361,48,1,11,128,129,3.9911489361702124,39.95,0.42,1,2011-01-09 14:02:00,2011-11-30 11:24:00,10,324,455.47999999999996,201.72727272727272,11.636363636363637,0.16666666666666666
14756,738.96,19.446315789473687,18.825,35.400000000000006,5.04,416,10.947368421052632,36,2,1,38,38,3.4794736842105265,16.65,0.42,1,2011-11-24 18:13:00,2011-11-24 18:13:00,15,0,738.96,416.0,38.0,0.0
14757,420.5,22.13157894736842,19.92,40.56,6.8,160,8.421052631578947,24,2,1,19,19,3.9242105263157896,12.5,0.85,1,2011-09-25 14:36:00,2011-09-25 14:36:00,75,0,420.5,160.0,19.0,0.0
14758,1484.06,20.90225352112676,18.72,59.699999999999996,10.2,419,5.901408450704225,48,1,4,54,54,6.657605633802817,24.95,0.39,1,2011-03-25 12:10:00,2011-07-18 08:21:00,145,114,371.015,104.75,13.5,0.0
14759,1625.97,15.940882352941177,15.0,35.400000000000006,7.9,569,5.578431372549019,25,1,3,92,92,5.394117647058824,15.95,0.42,1,2011-04-21 10:55:00,2011-12-05 12:03:00,5,228,541.99,189.66666666666666,30.666666666666668,0.0
14760,89.2,17.84,17.700000000000003,23.8,10.2,40,8.0,12,4,1,5,5,2.87,5.95,0.85,1,2011-02-15 16:27:00,2011-02-15 16:27:00,297,0,89.2,40.0,5.0,1.0
14761,255.9,23.263636363636365,17.700000000000003,51.0,9.899999999999999,118,10.727272727272727,24,4,2,11,11,2.272727272727273,4.25,0.85,1,2011-01-09 12:03:00,2011-10-12 12:10:00,59,276,127.95,59.0,5.5,0.0
14762,300.52,14.310476190476189,15.0,33.0,5.04,341,16.238095238095237,36,4,1,21,21,1.3342857142857143,4.25,0.29,1,2011-03-21 08:20:00,2011-03-21 08:20:00,264,0,300.52,341.0,21.0,0.0
14764,278.3,46.38333333333333,36.25,88.80000000000001,19.799999999999997,190,31.666666666666668,50,12,1,6,6,1.4916666666666665,2.1,0.85,1,2011-10-24 11:54:00,2011-10-24 11:54:00,47,0,278.3,190.0,6.0,0.5
14765,254.11,6.515641025641026,2.55,31.6,0.84,135,3.4615384615384617,50,1,3,38,38,2.9766666666666666,8.5,0.42,1,2011-06-16 19:49:00,2011-11-10 19:53:00,29,147,84.70333333333333,45.0,12.666666666666666,0.0
14766,2473.37,18.321259259259257,16.5,54.08,2.88,1349,9.992592592592592,48,1,6,111,112,2.6556296296296296,14.95,0.12,1,2010-12-08 15:33:00,2011-12-01 16:05:00,8,358,412.2283333333333,224.83333333333334,18.5,0.25
14768,192.60000000000002,38.52,35.400000000000006,59.400000000000006,15.0,52,10.4,18,4,2,4,4,3.91,4.95,2.95,1,2011-08-04 13:25:00,2011-11-22 12:54:00,17,109,96.30000000000001,26.0,2.0,0.3333333333333333
14769,10674.75,9.79334862385321,7.5,165.0,0.5700000000000001,7436,6.822018348623853,132,1,8,718,724,2.711669724770642,35.95,0.19,1,2010-12-17 11:40:00,2011-12-07 10:24:00,3,354,1334.34375,929.5,89.75,0.4
14770,876.42,16.854230769230767,17.55,35.400000000000006,5.04,490,9.423076923076923,36,2,2,49,49,3.4444230769230773,12.75,0.42,1,2011-01-20 15:00:00,2011-04-21 14:21:00,232,90,438.21,245.0,24.5,0.0
14772,139.26,15.473333333333333,15.0,24.96,10.4,82,9.11111111111111,16,1,1,9,9,3.508888888888889,12.75,0.65,1,2011-08-19 15:04:00,2011-08-19 15:04:00,112,0,139.26,82.0,9.0,0.0
14775,1011.9,16.865,15.0,50.400000000000006,6.84,1174,19.566666666666666,72,6,3,57,57,1.0518333333333334,2.55,0.19,1,2010-12-02 16:38:00,2011-10-12 15:27:00,58,313,337.3,391.3333333333333,19.0,0.0
14776,2538.3,21.694871794871798,15.0,100.80000000000001,10.08,3134,26.786324786324787,72,5,11,44,44,0.9858119658119658,2.1,0.21,1,2011-01-31 13:17:00,2011-10-19 15:34:00,51,261,230.75454545454548,284.90909090909093,4.0,1.3076923076923077
14778,730.86,20.881714285714285,15.299999999999999,59.400000000000006,8.2,306,8.742857142857142,24,2,2,34,34,3.1414285714285715,9.95,0.82,1,2011-02-04 11:43:00,2011-08-04 15:23:00,127,181,365.43,153.0,17.0,0.0
14779,386.15,9.418292682926829,5.9,39.95,0.85,84,2.048780487804878,9,1,3,40,39,6.824390243902439,39.95,0.85,1,2011-01-20 12:04:00,2011-03-04 12:42:00,281,43,128.71666666666667,28.0,13.333333333333334,0.0
14780,447.68,16.58074074074074,16.95,29.849999999999998,8.5,310,11.481481481481481,24,1,2,26,26,2.7666666666666666,16.95,0.39,1,2011-09-21 15:15:00,2011-10-16 12:46:00,55,24,223.84,155.0,13.0,0.0
14782,200.10000000000002,33.35,21.450000000000003,90.0,15.0,114,19.0,72,4,1,6,6,2.516666666666667,3.75,1.25,1,2011-01-24 11:12:00,2011-01-24 11:12:00,320,0,200.10000000000002,114.0,6.0,0.0
14784,289.99,19.332666666666668,15.0,40.56,4.5600000000000005,237,15.8,48,1,2,15,15,3.860666666666667,39.95,0.29,1,2011-01-20 09:25:00,2011-11-13 13:30:00,26,297,144.995,118.5,7.5,0.0
14785,77.4,25.8,30.0,37.92,9.48,84,28.0,48,12,2,2,2,0.9433333333333334,1.25,0.79,1,2011-11-24 13:40:00,2011-11-29 13:21:00,10,4,38.7,42.0,1.0,0.0
14788,679.4399999999999,22.648,15.700000000000001,74.25,5.04,421,14.033333333333333,48,3,2,26,26,2.5886666666666667,11.95,0.29,1,2011-11-13 15:52:00,2011-12-02 17:06:00,7,19,339.71999999999997,210.5,13.0,0.0
14789,197.64,32.94,30.6,59.400000000000006,17.4,116,19.333333333333332,36,12,1,6,6,2.0566666666666666,4.95,0.79,1,2011-11-11 08:59:00,2011-11-11 08:59:00,29,0,197.64,116.0,6.0,0.0
14790,745.06,16.19695652173913,14.040000000000001,85.0,4.68,699,15.195652173913043,48,4,4,30,30,1.4782608695652173,8.5,0.29,1,2011-03-31 11:49:00,2011-11-23 09:28:00,17,236,186.265,174.75,7.5,0.0
14792,6.2,3.1,3.1,4.25,1.95,2,1.0,1,1,1,2,2,3.1,4.25,1.95,1,2011-10-07 09:19:00,2011-10-07 09:19:00,64,0,6.2,2.0,2.0,1.0
14793,228.99,16.356428571428573,16.0,22.5,8.2,91,6.5,12,3,1,14,14,3.257857142857143,4.95,0.82,1,2011-11-18 14:50:00,2011-11-18 14:50:00,21,0,228.99,91.0,14.0,0.5
14794,1319.91,16.498875,15.299999999999999,59.8,2.2800000000000002,673,8.4125,25,1,7,68,68,3.903,16.95,0.1,1,2011-01-09 16:11:00,2011-12-07 10:11:00,3,331,188.55857142857144,96.14285714285714,9.714285714285714,0.2222222222222222
14795,131.45000000000002,21.908333333333335,23.85,31.8,4.25,17,2.8333333333333335,4,1,1,6,6,7.333333333333333,7.95,4.25,1,2011-06-26 13:04:00,2011-06-26 13:04:00,166,0,131.45000000000002,17.0,6.0,0.0
14796,8022.49,7.031104294478528,4.35,100.80000000000001,0.12,6025,5.28045574057844,48,1,17,403,408,1.9610692375109553,12.75,0.12,1,2010-12-08 10:40:00,2011-12-08 15:31:00,1,365,471.9111764705882,354.4117647058824,23.705882352941178,0.8888888888888888
14798,173.74,14.478333333333333,13.75,29.700000000000003,6.64,150,12.5,24,6,3,11,11,1.46,4.95,0.42,1,2011-02-02 15:26:00,2011-10-18 10:58:00,53,257,57.913333333333334,50.0,3.6666666666666665,0.0
14799,157.7,12.13076923076923,9.95,24.75,0.39,146,11.23076923076923,72,1,1,13,13,4.889230769230769,9.95,0.12,1,2011-10-19 16:16:00,2011-10-19 16:16:00,51,0,157.7,146.0,13.0,0.0
14800,4339.74,11.272051948051947,9.75,102.0,0.38,3655,9.493506493506494,120,1,12,246,248,2.1975324675324672,16.95,0.12,1,2010-12-05 11:10:00,2011-10-23 12:46:00,48,322,361.645,304.5833333333333,20.5,0.4375
14801,193.14,3.273559322033898,2.95,8.5,0.42,175,2.9661016949152543,24,1,1,56,56,2.4633898305084747,8.5,0.12,1,2011-10-09 15:24:00,2011-10-09 15:24:00,61,0,193.14,175.0,56.0,0.0
14803,845.55,19.217045454545453,4.3,175.2,0.84,370,8.409090909090908,48,1,3,35,35,2.886590909090909,12.75,0.29,1,2011-02-20 13:21:00,2011-06-30 13:58:00,162,130,281.84999999999997,123.33333333333333,11.666666666666666,0.0
14804,353.27,29.439166666666665,22.6,63.75,10.2,121,10.083333333333334,18,2,1,12,12,4.240833333333334,12.75,0.85,1,2011-12-01 11:20:00,2011-12-01 11:20:00,9,0,353.27,121.0,12.0,0.0
14805,554.65,11.801063829787234,8.25,70.8,2.1,115,2.4468085106382977,27,1,4,30,30,5.808085106382979,9.95,1.45,1,2011-01-30 10:43:00,2011-11-24 16:20:00,15,298,138.6625,28.75,7.5,0.0
14806,193.39000000000001,17.580909090909092,21.0,25.200000000000003,8.95,330,30.0,50,1,1,11,11,1.8445454545454545,8.95,0.42,1,2011-09-25 15:32:00,2011-09-25 15:32:00,75,0,193.39000000000001,330.0,11.0,0.0
14808,2741.17,11.664553191489363,6.8,125.0,0.38,2147,9.136170212765958,108,1,8,176,176,3.486553191489362,125.0,0.06,1,2011-06-20 12:53:00,2011-10-31 12:21:00,40,132,342.64625,268.375,22.0,1.4
14810,2087.88,8.187764705882353,7.5,35.400000000000006,0.39,1016,3.984313725490196,14,1,11,106,109,2.328078431372549,19.95,0.39,1,2010-12-05 12:08:00,2011-10-30 11:19:00,41,328,189.80727272727273,92.36363636363636,9.636363636363637,0.0
14813,155.43,5.181,4.2,25.5,0.85,67,2.2333333333333334,12,1,2,25,25,2.8263333333333334,8.5,0.29,1,2010-12-05 11:54:00,2010-12-05 11:57:00,370,0,77.715,33.5,12.5,0.0
14815,778.5,14.68867924528302,15.0,30.0,6.64,744,14.037735849056604,72,3,2,53,53,1.6549056603773586,4.95,0.29,1,2011-10-03 11:36:00,2011-11-03 11:36:00,37,31,389.25,372.0,26.5,0.0
14816,271.85,67.9625,68.45,125.0,9.95,5,1.25,2,1,1,4,4,66.475,125.0,5.95,1,2011-05-26 13:16:00,2011-05-26 13:16:00,197,0,271.85,5.0,4.0,0.0
14817,1110.34,17.624444444444443,16.5,50.0,7.56,655,10.396825396825397,36,1,2,52,52,3.531428571428571,50.0,0.21,1,2011-03-07 13:51:00,2011-05-23 13:35:00,200,76,555.17,327.5,26.0,0.0
14818,657.8,13.704166666666666,8.850000000000001,75.0,1.65,324,6.75,60,1,3,41,41,3.7514583333333333,12.75,0.42,1,2011-03-31 12:28:00,2011-09-27 11:01:00,74,179,219.26666666666665,108.0,13.666666666666666,0.0
14819,272.07,20.928461538461537,17.85,51.0,10.2,109,8.384615384615385,36,3,2,13,13,4.13,12.75,0.85,1,2011-05-31 13:50:00,2011-10-06 13:41:00,64,127,136.035,54.5,6.5,0.0
14820,507.29,17.492758620689656,15.299999999999999,35.400000000000006,7.4399999999999995,253,8.724137931034482,24,2,4,24,24,3.222758620689655,8.5,0.42,1,2011-06-19 14:56:00,2011-11-18 15:41:00,21,152,126.8225,63.25,6.0,0.0
14821,48.800000000000004,24.400000000000002,24.400000000000002,25.200000000000003,23.6,20,10.0,12,8,1,2,2,2.5250000000000004,2.95,2.1,1,2010-12-08 08:43:00,2010-12-08 08:43:00,367,0,48.800000000000004,20.0,2.0,0.0
14823,321.43,4.591857142857143,4.050000000000001,12.75,0.55,88,1.2571428571428571,8,1,3,56,56,4.234714285714285,12.75,0.55,1,2011-05-29 12:48:00,2011-06-12 13:12:00,180,14,107.14333333333333,29.333333333333332,18.666666666666668,0.0
14824,1127.71,38.88655172413793,37.800000000000004,166.4,9.959999999999999,525,18.103448275862068,80,6,4,19,19,2.3944827586206894,6.25,0.65,1,2011-09-09 14:12:00,2011-11-29 14:20:00,10,81,281.9275,131.25,4.75,0.0
14825,2226.91,18.404214876033056,17.700000000000003,85.0,0.95,991,8.190082644628099,24,1,12,82,83,2.743884297520661,12.75,0.42,1,2010-12-06 12:30:00,2011-12-06 11:38:00,4,364,185.57583333333332,82.58333333333333,6.833333333333333,0.0
14828,2139.76,125.86823529411765,91.80000000000001,432.0,10.08,2172,127.76470588235294,600,12,3,17,17,2.853529411764706,8.5,0.25,1,2011-01-07 09:50:00,2011-05-27 10:16:00,197,140,713.2533333333334,724.0,5.666666666666667,0.0
14829,697.55,16.60833333333333,15.3,34.8,5.04,452,10.761904761904763,48,3,4,39,39,2.1797619047619046,5.95,0.42,1,2010-12-02 16:12:00,2011-11-10 16:16:00,29,343,174.3875,113.0,9.75,0.5
14830,197.13,4.92825,3.1,22.880000000000003,0.38,169,4.225,25,1,1,39,39,1.7247499999999998,8.25,0.19,1,2011-10-17 14:29:00,2011-10-17 14:29:00,53,0,197.13,169.0,39.0,0.0
14834,1720.3,25.676119402985073,19.799999999999997,128.88,9.899999999999999,734,10.955223880597014,72,2,6,43,43,3.6280597014925373,12.75,0.83,1,2011-04-13 15:00:00,2011-11-22 10:30:00,18,222,286.71666666666664,122.33333333333333,7.166666666666667,0.375
14836,102.44999999999999,17.075,18.825,23.4,3.0,45,7.5,12,2,3,5,5,2.7916666666666665,5.95,1.5,1,2011-11-09 13:26:00,2011-11-29 16:45:00,10,20,34.15,15.0,1.6666666666666667,0.0
14837,1649.5,15.273148148148149,15.0,33.0,4.5600000000000005,1436,13.296296296296296,108,2,4,96,96,1.757037037037037,6.25,0.08,1,2011-05-22 12:49:00,2011-09-11 10:58:00,90,111,412.375,359.0,24.0,0.4
14840,62.85,15.7125,15.0,17.85,15.0,31,7.75,12,3,1,4,4,3.05,5.95,1.25,1,2011-03-17 12:00:00,2011-03-17 12:00:00,268,0,62.85,31.0,4.0,0.0
14841,3295.76,23.88231884057971,19.9,60.480000000000004,4.5600000000000005,1778,12.884057971014492,96,2,6,103,104,3.1945652173913044,12.75,0.19,1,2010-12-16 10:28:00,2011-10-17 15:03:00,53,305,549.2933333333334,296.3333333333333,17.166666666666668,0.0
14842,2824.69,19.480620689655172,17.0,295.0,6.959999999999999,1166,8.041379310344828,36,1,4,128,129,5.326275862068966,295.0,0.29,1,2011-02-04 15:32:00,2011-10-27 12:37:00,44,264,706.1725,291.5,32.0,1.625
14844,3189.81,24.537,15.0,358.0,6.72,1833,14.1,200,2,4,87,87,3.123153846153846,12.75,0.42,1,2011-04-12 13:10:00,2011-10-07 10:41:00,64,177,797.4525,458.25,21.75,0.0
14847,309.4,23.799999999999997,20.8,53.1,15.0,120,9.23076923076923,18,2,1,13,13,3.753076923076923,12.5,1.25,1,2011-07-14 10:52:00,2011-07-14 10:52:00,149,0,309.4,120.0,13.0,0.0
14849,7930.54,20.439536082474227,16.55,175.2,5.04,5694,14.675257731958762,144,2,25,159,163,2.4403092783505156,12.75,0.29,1,2010-12-01 12:22:00,2011-11-18 10:58:00,22,351,317.2216,227.76,6.36,0.14285714285714285
14850,325.75,15.511904761904763,11.399999999999999,31.2,1.25,293,13.952380952380953,24,1,1,21,21,1.4904761904761905,8.5,0.55,1,2011-02-01 11:21:00,2011-02-01 11:21:00,312,0,325.75,293.0,21.0,0.5
14851,511.35,18.2625,15.149999999999999,63.0,9.36,325,11.607142857142858,30,2,2,28,28,2.317142857142857,7.95,0.39,1,2011-03-28 14:59:00,2011-11-16 14:20:00,23,232,255.675,162.5,14.0,0.0
14852,2836.69,19.83699300699301,17.4,40.8,7.800000000000001,1747,12.216783216783217,48,1,6,96,96,3.056643356643357,16.95,0.55,1,2011-04-01 13:22:00,2011-10-12 13:20:00,58,193,472.7816666666667,291.1666666666667,16.0,0.0
14853,475.8,52.86666666666667,19.5,175.2,15.0,82,9.11111111111111,16,2,2,8,8,5.677777777777778,10.95,1.25,1,2011-05-12 15:17:00,2011-11-15 16:56:00,24,187,237.9,41.0,4.0,0.3333333333333333
14854,2759.83,21.730944881889762,17.34,102.0,4.5600000000000005,1832,14.4251968503937,72,1,7,110,110,2.952204724409449,39.95,0.29,1,2011-03-10 12:22:00,2011-09-22 17:00:00,78,196,394.26142857142855,261.7142857142857,15.714285714285714,0.5
14855,645.65,32.2825,31.799999999999997,82.5,6.8,267,13.35,50,3,2,13,13,4.67,8.25,0.85,1,2011-07-28 12:06:00,2011-08-12 14:02:00,119,15,322.825,133.5,6.5,0.0
14856,1311.3799999999999,19.869393939393937,16.8,89.69999999999999,4.68,714,10.818181818181818,48,2,3,65,65,3.132878787878788,14.95,0.29,1,2011-10-14 09:35:00,2011-11-03 14:53:00,36,20,437.1266666666666,238.0,21.666666666666668,0.0
14857,1173.12,19.552,17.925,35.400000000000006,8.2,464,7.733333333333333,24,1,2,58,58,4.384166666666667,14.95,0.82,1,2011-07-14 15:03:00,2011-10-11 09:23:00,60,88,586.56,232.0,29.0,0.3333333333333333
14859,1353.74,23.340344827586208,20.8,59.8,9.36,671,11.568965517241379,48,1,4,47,48,3.126551724137931,16.95,0.39,1,2011-05-19 14:42:00,2011-11-27 11:18:00,13,191,338.435,167.75,11.75,0.2
14860,170.32,15.483636363636363,13.6,40.56,4.5600000000000005,232,21.09090909090909,72,8,1,11,11,0.9027272727272727,1.69,0.19,1,2011-11-20 14:17:00,2011-11-20 14:17:00,19,0,170.32,232.0,11.0,0.5
14861,125.79,20.965,19.259999999999998,39.6,9.120000000000001,117,19.5,48,3,1,6,6,2.735,4.95,0.38,1,2011-10-18 12:54:00,2011-10-18 12:54:00,52,0,125.79,117.0,6.0,0.0
14862,841.1999999999999,17.525,16.55,34.8,4.0,772,16.083333333333332,100,2,2,47,47,2.1545833333333335,11.95,0.04,1,2011-07-14 11:20:00,2011-11-14 10:01:00,26,122,420.59999999999997,386.0,23.5,0.0
14863,266.76,24.25090909090909,17.4,64.67999999999999,15.0,132,12.0,12,12,1,11,11,2.020909090909091,5.39,1.25,1,2011-11-10 15:04:00,2011-11-10 15:04:00,29,0,266.76,132.0,11.0,0.0
14865,52.2,13.05,12.54,18.0,9.120000000000001,108,27.0,48,12,2,4,4,0.6525,1.25,0.19,1,2010-12-02 18:23:00,2011-12-02 16:25:00,7,364,26.1,54.0,2.0,0.0
14866,14389.9,145.35252525252525,107.10000000000001,816.0,0.14,6752,68.20202020202021,320,1,12,30,30,3.3226262626262626,36.5,0.14,1,2010-12-08 14:58:00,2011-11-29 11:45:00,11,355,1199.1583333333333,562.6666666666666,2.5,0.3076923076923077
14867,710.28,19.73,17.700000000000003,40.56,10.0,328,9.11111111111111,24,2,3,31,31,3.7750000000000004,12.75,0.42,1,2011-01-07 16:34:00,2011-06-07 11:39:00,186,150,236.76,109.33333333333333,10.333333333333334,0.25
14868,2953.59,20.511041666666667,17.2,59.400000000000006,7.4399999999999995,1405,9.756944444444445,48,1,8,96,97,2.8812499999999996,15.95,0.42,1,2011-04-20 13:36:00,2011-12-06 14:49:00,3,230,369.19875,175.625,12.0,0.3333333333333333
14869,725.7,10.221126760563381,9.9,25.200000000000003,1.25,550,7.746478873239437,36,1,2,66,66,2.998169014084507,16.95,0.29,1,2011-08-28 16:09:00,2011-12-01 12:36:00,9,94,362.85,275.0,33.0,0.3333333333333333
14870,327.25,25.173076923076923,17.4,81.0,10.2,119,9.153846153846153,12,3,1,13,13,3.0461538461538464,6.75,0.85,1,2011-03-23 10:51:00,2011-03-23 10:51:00,262,0,327.25,119.0,13.0,0.0
14871,522.38,5.330408163265306,4.25,23.700000000000003,1.25,185,1.8877551020408163,9,1,4,68,69,3.14765306122449,6.95,0.29,1,2010-12-14 12:18:00,2011-12-06 13:42:00,3,357,130.595,46.25,17.0,0.0
14873,519.68,18.56,17.55,39.8,10.2,168,6.0,12,1,1,28,28,4.994285714285715,12.75,0.85,1,2011-05-13 13:52:00,2011-05-13 13:52:00,210,0,519.68,168.0,28.0,0.0
14875,1465.3200000000002,31.17702127659575,17.700000000000003,237.60000000000002,9.959999999999999,558,11.872340425531915,96,1,2,46,46,4.418936170212766,34.95,0.29,1,2011-03-22 11:53:00,2011-08-24 12:20:00,108,155,732.6600000000001,279.0,23.0,0.6
14878,1485.54,11.980161290322581,6.25,102.0,0.42,802,6.467741935483871,48,1,9,62,63,2.609596774193548,12.75,0.42,1,2010-12-16 12:11:00,2011-11-27 11:15:00,13,345,165.06,89.11111111111111,6.888888888888889,0.0
14880,706.19,15.025319148936171,15.0,25.5,5.04,373,7.9361702127659575,24,1,3,45,45,3.7380851063829788,15.0,0.42,1,2011-02-24 12:27:00,2011-09-23 13:42:00,77,211,235.39666666666668,124.33333333333333,15.0,0.0
14881,255.4,15.023529411764706,15.0,30.0,4.5600000000000005,316,18.58823529411765,72,4,1,17,17,1.3729411764705883,4.95,0.19,1,2011-11-20 11:06:00,2011-11-20 11:06:00,20,0,255.4,316.0,17.0,0.0
14882,589.7,53.60909090909092,47.2,90.0,22.5,158,14.363636363636363,24,6,2,6,6,3.95,7.95,1.95,1,2011-11-06 10:15:00,2011-11-13 12:47:00,27,7,294.85,79.0,3.0,0.0
14883,761.59,14.369622641509434,11.7,40.56,4.5600000000000005,790,14.90566037735849,48,3,6,39,40,1.220943396226415,4.95,0.19,1,2011-05-12 09:49:00,2011-11-21 10:23:00,19,193,126.93166666666667,131.66666666666666,6.5,0.14285714285714285
14885,765.3199999999999,51.02133333333333,50.0,102.0,13.919999999999998,724,48.266666666666666,120,24,1,15,15,1.2686666666666668,2.55,0.29,1,2011-07-31 12:05:00,2011-07-31 12:05:00,132,0,765.3199999999999,724.0,15.0,0.0
14886,364.8,20.266666666666666,17.700000000000003,39.8,11.9,160,8.88888888888889,24,2,1,18,18,3.1277777777777778,9.95,1.25,1,2011-04-01 08:56:00,2011-04-01 08:56:00,253,0,364.8,160.0,18.0,0.0
14887,1862.0,310.3333333333333,358.0,358.0,72.0,1100,183.33333333333334,200,100,1,6,6,1.6116666666666666,1.79,0.72,1,2011-09-21 15:32:00,2011-09-21 15:32:00,79,0,1862.0,1100.0,6.0,0.0
14888,369.2,18.46,18.6,40.5,8.5,184,9.2,12,6,1,20,20,2.21,6.75,0.85,1,2011-05-16 14:58:00,2011-05-16 14:58:00,207,0,369.2,184.0,20.0,0.0
14889,135.9,13.59,13.2,17.700000000000003,10.2,90,9.0,24,3,1,10,10,2.2600000000000002,4.95,0.55,1,2011-01-07 15:19:00,2011-01-07 15:19:00,336,0,135.9,90.0,10.0,0.0
14890,125.65,17.95,17.700000000000003,25.5,10.2,51,7.285714285714286,12,4,1,7,7,2.9071428571428575,4.25,0.85,1,2011-03-31 11:57:00,2011-03-31 11:57:00,254,0,125.65,51.0,7.0,0.0
14891,554.38,16.79939393939394,16.5,30.599999999999998,9.9,505,15.303030303030303,48,2,2,30,30,1.6524242424242424,4.95,0.29,1,2011-06-05 10:58:00,2011-07-14 18:08:00,148,39,277.19,252.5,15.0,0.0
14893,1237.8500000000001,16.956849315068496,16.8,35.7,5.04,799,10.945205479452055,72,1,2,72,72,3.1345205479452054,24.95,0.21,1,2011-11-28 10:49:00,2011-11-30 12:31:00,10,2,618.9250000000001,399.5,36.0,0.0
14894,655.75,28.51086956521739,23.4,79.2,6.64,265,11.521739130434783,48,4,1,23,23,2.8395652173913044,5.95,0.83,1,2011-09-15 13:51:00,2011-09-15 13:51:00,85,0,655.75,265.0,23.0,0.0
14895,11138.710000000001,22.366887550200804,17.700000000000003,158.39999999999998,5.04,4851,9.740963855421686,180,1,20,273,281,4.1638755020080325,35.95,0.29,1,2011-02-22 13:08:00,2011-12-02 09:23:00,8,282,556.9355,242.55,13.65,0.3333333333333333
14896,468.77000000000004,10.901627906976746,10.4,39.0,1.6500000000000001,279,6.488372093023256,25,1,2,43,43,2.397906976744186,10.95,0.55,1,2010-12-09 12:24:00,2011-05-19 10:20:00,205,160,234.38500000000002,139.5,21.5,0.0
14897,1366.38,24.84327272727273,19.799999999999997,83.2,11.399999999999999,468,8.50909090909091,24,2,4,43,43,5.067454545454545,20.8,0.83,1,2011-02-16 08:37:00,2011-12-02 10:32:00,8,289,341.595,117.0,10.75,0.0
14898,1303.52,11.237241379310344,5.95,100.8,0.39,1020,8.793103448275861,240,1,6,86,87,2.893362068965517,35.95,0.29,1,2010-12-03 15:25:00,2011-11-16 14:54:00,23,347,217.25333333333333,170.0,14.333333333333334,0.375
14901,1421.29,14.805104166666666,10.8,75.0,0.65,661,6.885416666666667,48,1,9,73,73,3.1441666666666666,14.95,0.55,1,2010-12-02 11:20:00,2011-11-28 17:09:00,11,361,157.92111111111112,73.44444444444444,8.11111111111111,0.2
14902,332.66,16.633000000000003,16.6,30.0,6.959999999999999,218,10.9,24,2,1,20,20,2.773,8.25,0.29,1,2011-11-14 10:34:00,2011-11-14 10:34:00,26,0,332.66,218.0,20.0,2.0
14903,2810.63,7.917267605633803,5.9,45.0,0.42,1536,4.326760563380281,48,1,5,227,229,2.7626478873239435,25.0,0.12,1,2011-03-06 11:50:00,2011-11-18 16:07:00,21,257,562.126,307.2,45.4,0.9
14904,1025.44,14.86144927536232,9.48,112.32000000000001,2.88,1985,28.768115942028984,288,4,2,66,66,0.7394202898550725,3.95,0.12,1,2011-11-14 09:13:00,2011-12-07 12:55:00,2,23,512.72,992.5,33.0,0.0
14905,616.15,36.24411764705882,25.200000000000003,81.6,10.2,287,16.88235294117647,32,3,2,14,14,2.3841176470588237,4.95,0.85,1,2011-04-20 10:48:00,2011-07-05 12:41:00,158,76,308.075,143.5,7.0,0.3333333333333333
14907,3501.1,21.21878787878788,17.4,95.69999999999999,9.959999999999999,1691,10.248484848484848,48,1,7,125,126,3.4733939393939393,16.95,0.29,1,2010-12-07 10:14:00,2011-12-06 14:14:00,3,364,500.15714285714284,241.57142857142858,17.857142857142858,0.3
14908,277.8,30.866666666666667,30.0,79.6,9.9,132,14.666666666666666,36,2,1,9,9,3.6277777777777778,9.95,0.85,1,2011-09-26 12:56:00,2011-09-26 12:56:00,74,0,277.8,132.0,9.0,0.0
14910,434.35,14.478333333333333,15.0,24.96,5.1,238,7.933333333333334,24,1,4,25,25,2.884333333333333,9.95,0.39,1,2011-10-16 11:06:00,2011-12-07 10:06:00,3,51,108.5875,59.5,6.25,0.7142857142857143
14911,143825.06,25.343622907488985,17.0,1687.17,1.45,80265,14.143612334801762,640,1,201,1787,1816,4.614223788546256,1687.17,0.04,1,2010-12-01 14:05:00,2011-12-08 15:54:00,1,372,715.5475621890547,399.32835820895525,8.890547263681592,0.9112903225806451
14912,867.85,32.14259259259259,25.0,81.6,8.4,971,35.96296296296296,144,3,2,21,22,2.0225925925925927,8.25,0.39,1,2011-04-07 11:06:00,2011-11-23 09:20:00,17,229,433.925,485.5,10.5,0.3333333333333333
14913,1227.43,14.108390804597702,10.5,72.0,2.52,1743,20.03448275862069,100,3,4,76,75,1.2129885057471264,12.75,0.16,1,2010-12-15 14:35:00,2011-11-04 08:29:00,36,323,306.8575,435.75,19.0,0.0
14915,307.48,25.623333333333335,18.839999999999996,83.4,10.2,112,9.333333333333334,12,2,2,12,12,3.5516666666666663,12.75,0.85,1,2011-03-07 09:39:00,2011-09-09 13:34:00,91,186,153.74,56.0,6.0,0.3333333333333333
14916,1268.98,16.48025974025974,17.0,50.400000000000006,4.5600000000000005,1136,14.753246753246753,60,1,4,72,71,1.8205194805194806,8.5,0.19,1,2011-01-19 15:30:00,2011-09-30 09:20:00,71,253,317.245,284.0,18.0,0.4
14918,1610.15,35.781111111111116,31.8,81.6,6.6000000000000005,675,15.0,36,2,2,39,39,3.492666666666667,12.75,0.29,1,2011-07-08 12:50:00,2011-08-16 11:50:00,116,38,805.075,337.5,19.5,0.0
14920,977.77,17.153859649122808,15.9,30.0,8.5,509,8.929824561403509,48,1,2,57,57,3.765438596491228,16.95,0.29,1,2011-05-11 10:31:00,2011-05-11 10:32:00,213,0,488.885,254.5,28.5,0.0
14921,1316.07,16.872692307692308,15.0,49.5,2.88,953,12.217948717948717,36,2,2,78,78,1.975128205128205,5.45,0.12,1,2011-05-22 12:51:00,2011-11-09 13:17:00,30,171,658.035,476.5,39.0,0.0
14923,749.1,17.025000000000002,17.0,46.8,4.68,418,9.5,48,1,1,44,44,3.445681818181818,12.75,0.29,1,2011-10-20 11:51:00,2011-10-20 11:51:00,51,0,749.1,418.0,44.0,0.0
14924,310.05,31.005000000000003,16.9,125.0,8.75,64,6.4,12,1,1,10,10,15.665000000000001,125.0,1.25,1,2011-04-08 09:25:00,2011-04-08 09:25:00,246,0,310.05,64.0,10.0,0.0
14929,223.88,20.35272727272727,15.0,51.0,10.2,136,12.363636363636363,24,6,1,11,11,2.2572727272727273,8.5,0.55,1,2011-11-07 17:21:00,2011-11-07 17:21:00,32,0,223.88,136.0,11.0,0.0
14930,2372.86,18.53796875,16.5,51.0,5.04,1166,9.109375,48,1,3,116,116,4.16296875,16.95,0.42,1,2011-03-10 14:42:00,2011-08-23 10:31:00,109,165,790.9533333333334,388.6666666666667,38.666666666666664,0.0
14931,1257.68,30.675121951219513,17.700000000000003,293.0,4.5600000000000005,417,10.170731707317072,24,1,5,30,30,12.147804878048781,293.0,0.19,1,2011-04-13 09:32:00,2011-12-05 10:19:00,5,236,251.536,83.4,6.0,0.16666666666666666
14932,363.53,21.384117647058822,15.9,50.0,14.850000000000001,80,4.705882352941177,24,1,1,17,17,9.449411764705882,50.0,1.25,1,2010-12-09 11:48:00,2010-12-09 11:48:00,366,0,363.53,80.0,17.0,0.0
14934,1890.94,21.734942528735633,16.8,81.6,9.899999999999999,1042,11.977011494252874,96,1,2,68,68,3.5809195402298855,16.95,0.42,1,2011-03-02 11:48:00,2011-09-19 10:10:00,82,200,945.47,521.0,34.0,0.3333333333333333
14935,1784.71,178.471,162.72,408.0,111.0,935,93.5,407,48,1,10,10,2.622,4.25,0.65,1,2011-02-15 14:44:00,2011-02-15 14:44:00,297,0,1784.71,935.0,10.0,0.0
14936,8137.02,22.35445054945055,17.4,262.79999999999995,6.959999999999999,4085,11.222527472527473,48,1,8,210,213,3.679093406593407,16.95,0.29,1,2011-03-09 11:53:00,2011-11-06 10:30:00,34,241,1017.1275,510.625,26.25,0.2222222222222222
14937,1621.88,47.70235294117647,40.68,212.4,12.72,484,14.235294117647058,72,12,3,33,33,3.4,10.95,1.06,1,2011-08-01 14:16:00,2011-10-14 12:29:00,57,73,540.6266666666667,161.33333333333334,11.0,0.25
14944,5900.25,34.707352941176474,25.200000000000003,118.80000000000001,7.800000000000001,2815,16.558823529411764,50,1,12,101,101,3.006705882352941,16.95,0.42,1,2011-02-16 12:47:00,2011-11-10 09:10:00,30,266,491.6875,234.58333333333334,8.416666666666666,0.14285714285714285
14946,100.9,33.63333333333333,33.2,34.5,33.2,22,7.333333333333333,8,6,1,3,3,4.683333333333334,5.75,4.15,1,2011-11-25 13:33:00,2011-11-25 13:33:00,14,0,100.9,22.0,3.0,0.0
14947,290.82,20.77285714285714,17.85,49.92,10.2,179,12.785714285714286,24,1,2,14,14,3.084285714285714,15.0,0.85,1,2011-08-01 09:31:00,2011-09-28 15:48:00,72,58,145.41,89.5,7.0,0.0
14948,1101.97,17.491587301587302,15.0,59.699999999999996,6.64,673,10.682539682539682,32,2,6,56,56,2.8057142857142856,9.95,0.55,1,2011-05-04 14:52:00,2011-11-16 17:16:00,23,196,183.66166666666666,112.16666666666667,9.333333333333334,0.14285714285714285
14950,371.2,19.53684210526316,17.0,49.800000000000004,6.959999999999999,136,7.157894736842105,24,2,1,19,19,5.193157894736842,9.95,0.29,1,2011-11-20 13:48:00,2011-11-20 13:48:00,19,0,371.2,136.0,19.0,0.5
14951,311.69,15.5845,16.5,38.25,1.92,311,15.55,48,3,1,20,20,1.895,12.75,0.08,1,2011-09-21 15:15:00,2011-09-21 15:15:00,79,0,311.69,311.0,20.0,0.0
14952,8099.49,58.69195652173913,35.400000000000006,350.4,6.6000000000000005,3355,24.31159420289855,192,1,11,117,117,3.3994202898550725,12.75,0.29,1,2010-12-10 12:48:00,2011-10-11 10:33:00,60,304,736.3172727272727,305.0,10.636363636363637,0.7333333333333333
14953,289.82,5.269454545454545,3.16,19.9,0.39,225,4.090909090909091,72,1,1,54,54,2.348181818181818,9.95,0.19,1,2011-11-14 14:59:00,2011-11-14 14:59:00,25,0,289.82,225.0,54.0,0.0
14954,336.17,3.9549411764705886,2.5,25.5,0.39,127,1.4941176470588236,16,1,1,75,75,3.1749411764705884,19.95,0.39,1,2011-11-27 14:30:00,2011-11-27 14:30:00,12,0,336.17,127.0,75.0,0.0
14957,58.49,4.8741666666666665,4.05,15.299999999999999,0.55,34,2.8333333333333335,6,1,1,12,12,1.7408333333333335,3.25,0.29,1,2011-03-31 17:59:00,2011-03-31 17:59:00,253,0,58.49,34.0,12.0,0.0
14958,499.68,11.897142857142857,9.9,31.9,2.5,129,3.0714285714285716,25,1,3,33,33,5.850714285714285,15.95,0.42,1,2011-04-08 11:28:00,2011-07-15 14:20:00,147,98,166.56,43.0,11.0,0.0
14959,695.42,11.786779661016949,8.5,54.08,1.25,494,8.372881355932204,32,1,4,37,37,1.46,7.95,0.65,1,2011-02-16 13:00:00,2011-10-06 18:23:00,64,232,173.855,123.5,9.25,0.4
14960,221.27,8.195185185185185,4.95,67.5,0.39,221,8.185185185185185,40,1,2,23,23,1.8037037037037038,9.95,0.29,1,2011-06-21 13:38:00,2011-12-01 12:54:00,8,162,110.635,110.5,11.5,0.0
14961,7044.68,22.579102564102566,17.700000000000003,145.0,7.800000000000001,3708,11.884615384615385,100,1,9,193,195,2.8973076923076926,12.75,0.42,1,2010-12-14 11:38:00,2011-11-29 09:42:00,11,349,782.7422222222223,412.0,21.444444444444443,0.4166666666666667
14962,126.7,25.34,15.8,70.2,9.95,44,8.8,36,1,1,5,5,6.540000000000001,9.95,1.95,1,2011-03-14 09:42:00,2011-03-14 09:42:00,271,0,126.7,44.0,5.0,0.0
14963,1487.8,7.514141414141414,4.15,72.0,0.12,1176,5.9393939393939394,100,1,5,149,150,2.2753030303030304,9.95,0.12,1,2011-06-09 12:30:00,2011-11-30 12:16:00,10,173,297.56,235.2,29.8,0.0
14964,206.21,15.862307692307693,7.6499999999999995,101.76,0.95,143,11.0,96,1,1,13,13,3.4046153846153846,12.75,0.85,1,2011-04-06 14:13:00,2011-04-06 14:13:00,247,0,206.21,143.0,13.0,0.0
14965,599.0,7.216867469879518,5.04,75.0,0.55,365,4.397590361445783,24,1,2,80,80,2.3681927710843373,12.5,0.39,1,2011-09-04 13:15:00,2011-09-04 13:20:00,96,0,299.5,182.5,40.0,0.0
14966,191.32,5.034736842105263,3.1500000000000004,16.4,1.1,187,4.921052631578948,36,1,1,35,35,1.9507894736842104,4.95,0.39,1,2011-11-25 12:20:00,2011-11-25 12:20:00,15,0,191.32,187.0,35.0,0.0
14967,463.8,77.3,54.900000000000006,204.0,15.0,140,23.333333333333332,48,12,1,6,6,2.9250000000000003,4.95,1.25,1,2011-10-21 11:06:00,2011-10-21 11:06:00,50,0,463.8,140.0,6.0,0.0
14968,147.59,3.988918918918919,3.4,14.850000000000001,0.29,127,3.4324324324324325,24,1,1,37,37,1.9402702702702705,8.5,0.06,1,2011-11-09 13:58:00,2011-11-09 13:58:00,30,0,147.59,127.0,37.0,0.0
14970,1592.06,46.825294117647054,67.5,70.8,0.83,250,7.352941176470588,12,1,4,24,24,6.174411764705883,8.95,0.83,1,2011-01-27 12:23:00,2011-10-02 13:44:00,68,248,398.015,62.5,6.0,0.0
14971,1116.57,6.9785625,5.175,28.9,0.21,644,4.025,48,1,3,144,144,3.1020624999999997,15.95,0.21,1,2011-10-27 13:33:00,2011-11-04 17:07:00,35,8,372.19,214.66666666666666,48.0,0.0
14972,114.77,6.376111111111111,4.35,19.9,1.26,28,1.5555555555555556,3,1,1,18,18,4.947222222222222,12.75,0.42,1,2011-08-03 14:54:00,2011-08-03 14:54:00,128,0,114.77,28.0,18.0,0.0
14973,1314.45,41.0765625,15.3,295.0,5.04,369,11.53125,24,1,3,29,29,21.259687500000002,295.0,0.42,1,2011-04-28 12:22:00,2011-08-24 15:51:00,107,118,438.15000000000003,123.0,9.666666666666666,0.0
14974,114.39,5.4471428571428575,4.25,12.5,2.08,44,2.0952380952380953,10,1,1,17,17,3.467142857142857,9.95,1.25,1,2011-11-02 13:01:00,2011-11-02 13:01:00,37,0,114.39,44.0,17.0,0.0
14975,279.94,25.44909090909091,20.16,53.55,0.95,380,34.54545454545455,96,1,1,11,11,1.0154545454545454,1.95,0.39,1,2011-10-13 14:08:00,2011-10-13 14:08:00,57,0,279.94,380.0,11.0,0.0
14976,790.86,10.984166666666667,7.925000000000001,51.0,0.42,234,3.25,12,1,7,47,47,3.955416666666667,15.0,0.42,1,2011-01-17 11:09:00,2011-10-13 16:37:00,57,269,112.98,33.42857142857143,6.714285714285714,0.125
14978,1931.42,8.941759259259259,7.9,47.7,1.45,525,2.4305555555555554,25,1,5,136,136,4.517685185185186,12.75,0.29,1,2011-01-13 12:03:00,2011-09-28 13:07:00,72,258,386.284,105.0,27.2,0.0
14981,102.12,12.765,14.100000000000001,16.5,6.959999999999999,97,12.125,24,5,1,8,8,1.46,2.1,0.29,1,2011-04-07 13:45:00,2011-04-07 13:45:00,246,0,102.12,97.0,8.0,0.0
14984,213.27,5.201707317073171,4.15,25.0,0.39,60,1.4634146341463414,5,1,2,37,37,4.340731707317073,12.75,0.19,1,2011-06-12 11:04:00,2011-11-20 14:28:00,19,161,106.635,30.0,18.5,0.0
14985,296.75,3.410919540229885,2.52,19.0,0.42,260,2.9885057471264367,48,1,2,78,78,1.9082758620689657,9.95,0.14,1,2010-12-16 19:51:00,2011-05-25 14:29:00,198,159,148.375,130.0,39.0,0.0
14987,326.4,81.6,81.6,81.6,81.6,128,32.0,32,32,2,2,2,2.55,2.55,2.55,1,2010-12-09 12:13:00,2011-11-24 09:59:00,16,349,163.2,64.0,1.0,0.0
14988,334.54,8.3635,5.824999999999999,45.0,0.85,141,3.525,12,1,1,40,40,2.5467500000000003,12.75,0.83,1,2011-05-12 12:05:00,2011-05-12 12:05:00,212,0,334.54,141.0,40.0,0.0
14995,233.23000000000002,3.82344262295082,3.3,10.65,0.29,103,1.6885245901639345,6,1,2,53,53,2.6029508196721314,10.65,0.29,1,2011-03-04 13:14:00,2011-11-01 11:39:00,39,241,116.61500000000001,51.5,26.5,0.0
14997,546.1999999999999,21.007692307692306,18.72,46.8,4.5600000000000005,1120,43.07692307692308,108,10,3,25,25,0.6265384615384615,1.95,0.06,1,2011-06-14 16:52:00,2011-10-24 13:28:00,46,131,182.06666666666663,373.3333333333333,8.333333333333334,0.25
14998,429.87,5.7316,3.32,43.8,0.42,270,3.6,24,1,2,70,70,2.4524,12.75,0.42,1,2011-04-12 16:28:00,2011-06-22 17:30:00,170,71,214.935,135.0,35.0,0.0
15000,490.52,6.37038961038961,5.1,30.599999999999998,0.85,218,2.831168831168831,36,1,1,76,76,2.8345454545454545,8.25,0.29,1,2011-10-23 11:42:00,2011-10-23 11:42:00,48,0,490.52,218.0,76.0,0.0
15002,1641.76,14.276173913043479,12.600000000000001,61.199999999999996,0.85,862,7.495652173913044,48,1,4,93,94,2.5394782608695654,12.75,0.42,1,2010-12-07 13:16:00,2011-08-16 10:44:00,116,251,410.44,215.5,23.25,0.0
15004,1246.32,7.888101265822784,5.1,112.5,0.39,630,3.9873417721518987,48,1,1,154,154,3.0956962025316455,15.95,0.12,1,2011-07-15 14:05:00,2011-07-15 14:05:00,147,0,1246.32,630.0,154.0,0.0
15005,6316.57,5.6448346738159065,4.949999999999999,30.24,0.39,4247,3.7953529937444146,72,1,28,360,366,2.3211796246648793,16.95,0.12,1,2010-12-08 14:36:00,2011-11-24 12:25:00,16,350,225.5917857142857,151.67857142857142,12.857142857142858,1.1714285714285715
15006,502.09,3.486736111111111,1.95,37.5,0.12,302,2.0972222222222223,12,1,1,121,121,1.9180555555555554,9.95,0.12,1,2011-10-19 15:08:00,2011-10-19 15:08:00,51,0,502.09,302.0,121.0,0.0
15007,156.91,13.075833333333334,12.475,29.700000000000003,3.3,69,5.75,12,1,1,12,12,3.160833333333333,9.95,1.25,1,2011-07-03 16:00:00,2011-07-03 16:00:00,159,0,156.91,69.0,12.0,0.0
15009,1261.78,6.932857142857142,4.25,45.0,0.65,642,3.5274725274725274,16,1,3,148,148,2.458186813186813,16.65,0.19,1,2011-11-14 17:40:00,2011-11-27 13:35:00,12,12,420.5933333333333,214.0,49.333333333333336,0.0
15010,308.94,15.447,15.4,30.0,9.959999999999999,184,9.2,24,1,1,20,20,3.1685000000000003,12.75,0.83,1,2011-11-04 12:42:00,2011-11-04 12:42:00,36,0,308.94,184.0,20.0,0.0
15012,423.04,3.305,2.55,12.75,0.39,231,1.8046875,12,1,2,110,111,2.613515625,12.75,0.39,1,2010-12-01 12:49:00,2011-10-17 12:22:00,54,319,211.52,115.5,55.0,0.0
15014,260.17,7.433428571428572,3.75,82.5,0.85,151,4.314285714285714,50,1,2,29,29,1.7331428571428573,4.95,0.42,1,2011-06-16 19:40:00,2011-10-27 20:07:00,43,133,130.085,75.5,14.5,0.0
15016,170.04,8.501999999999999,8.1,17.0,0.55,76,3.8,24,1,1,20,20,4.573,12.75,0.42,1,2011-06-20 12:06:00,2011-06-20 12:06:00,173,0,170.04,76.0,20.0,0.0
15017,125.58,6.279,4.95,12.48,1.9,63,3.15,10,1,1,20,20,3.2625,9.95,0.39,1,2011-11-06 10:33:00,2011-11-06 10:33:00,34,0,125.58,63.0,20.0,0.0
15018,496.21000000000004,16.006774193548388,14.850000000000001,51.0,2.5,189,6.096774193548387,25,1,3,30,30,6.507419354838709,39.95,0.1,1,2010-12-07 10:47:00,2011-11-01 12:47:00,39,329,165.40333333333334,63.0,10.0,0.25
15019,266.0,3.8,2.95,17.85,0.42,159,2.2714285714285714,12,1,1,64,64,2.228285714285714,9.95,0.29,1,2011-03-18 12:35:00,2011-03-18 12:35:00,267,0,266.0,159.0,64.0,0.0
15021,1914.82,4.056822033898305,2.51,41.5,0.19,847,1.7944915254237288,14,1,9,287,288,2.6127330508474578,19.95,0.06,1,2010-12-08 12:17:00,2011-12-01 11:53:00,9,357,212.75777777777776,94.11111111111111,31.88888888888889,0.5384615384615384
15022,905.04,6.704,4.74,39.95,0.42,543,4.022222222222222,36,1,4,96,96,2.961037037037037,39.95,0.12,1,2011-10-23 15:47:00,2011-11-28 12:35:00,12,35,226.26,135.75,24.0,0.0
15023,6802.76,12.104555160142349,8.850000000000001,250.0,0.42,2871,5.108540925266904,48,1,11,347,348,3.821138790035587,125.0,0.21,1,2010-12-05 13:49:00,2011-12-06 17:23:00,3,366,618.4327272727273,261.0,31.545454545454547,0.08333333333333333
15024,1661.33,10.718258064516128,8.25,46.8,0.42,920,5.935483870967742,25,1,10,105,105,2.826451612903226,12.75,0.29,1,2010-12-07 13:20:00,2011-11-30 12:06:00,10,357,166.13299999999998,92.0,10.5,0.0
15025,377.01,5.23625,4.949999999999999,30.0,0.83,189,2.625,24,1,1,66,66,2.6869444444444444,11.95,0.79,1,2011-11-06 15:20:00,2011-11-06 15:20:00,33,0,377.01,189.0,66.0,0.0
15026,469.0,7.688524590163935,4.949999999999999,76.5,1.25,285,4.672131147540983,60,1,3,57,57,2.1795081967213115,9.95,0.08,1,2011-03-07 13:45:00,2011-09-20 13:52:00,80,197,156.33333333333334,95.0,19.0,0.0
15027,1066.1499999999999,30.461428571428566,19.799999999999997,150.0,8.5,565,16.142857142857142,120,2,4,30,30,3.7800000000000002,14.95,0.42,1,2011-04-15 14:14:00,2011-11-09 10:16:00,31,207,266.53749999999997,141.25,7.5,0.3333333333333333
15028,627.13,13.065208333333333,7.5,59.0,0.39,459,9.5625,48,1,4,35,36,1.9868750000000002,8.25,0.29,1,2010-12-06 12:47:00,2011-12-01 14:06:00,8,360,156.7825,114.75,8.75,0.0
15030,518.28,74.03999999999999,94.80000000000001,101.76,20.4,372,53.142857142857146,120,12,2,7,7,2.9728571428571433,8.25,0.79,1,2011-03-16 15:34:00,2011-09-29 10:50:00,72,196,259.14,186.0,3.5,0.0
15031,668.14,6.019279279279279,4.16,72.0,0.39,401,3.6126126126126126,100,1,4,74,74,3.165135135135135,14.95,0.39,1,2011-03-02 14:46:00,2011-12-05 14:19:00,4,277,167.035,100.25,18.5,0.0
15032,4959.1,95.3673076923077,29.5,330.0,1.65,2968,57.07692307692308,200,1,3,29,31,1.9057692307692307,7.95,1.25,1,2010-12-08 12:57:00,2011-03-28 15:03:00,256,110,1653.0333333333335,989.3333333333334,9.666666666666666,0.6
15033,2586.67,5.071901960784314,3.75,52.02,0.39,1695,3.323529411764706,36,1,10,315,314,2.0848039215686276,15.95,0.21,1,2011-01-14 13:28:00,2011-12-05 12:40:00,5,324,258.66700000000003,169.5,31.5,0.2727272727272727
15034,4308.61,10.935558375634518,7.5,177.60000000000002,0.36,2422,6.147208121827411,100,1,8,299,301,2.9319035532994926,16.95,0.12,1,2010-12-21 09:47:00,2011-11-24 12:11:00,16,338,538.57625,302.75,37.375,0.5454545454545454
15035,252.73000000000002,9.36037037037037,5.1,35.400000000000006,0.83,245,9.074074074074074,96,1,1,26,26,2.1285185185185185,4.95,0.12,1,2011-09-11 11:08:00,2011-09-11 11:08:00,90,0,252.73000000000002,245.0,26.0,0.0
15036,465.55,3.665748031496063,2.1,23.400000000000002,0.19,327,2.574803149606299,60,1,3,107,107,2.1081102362204724,12.75,0.19,1,2011-06-13 12:19:00,2011-09-28 15:42:00,72,107,155.18333333333334,109.0,35.666666666666664,0.0
15038,705.49,5.426846153846154,4.25,49.5,0.65,217,1.6692307692307693,12,1,6,105,105,4.182769230769231,12.75,0.39,1,2010-12-05 10:54:00,2011-10-12 11:33:00,59,311,117.58166666666666,36.166666666666664,17.5,0.42857142857142855
15039,19914.44,13.25861517976032,7.95,249.00000000000003,0.42,9209,6.13115845539281,480,1,47,408,417,3.1675565912117176,19.95,0.12,1,2010-12-06 11:26:00,2011-11-30 11:31:00,10,359,423.7114893617021,195.93617021276594,8.680851063829786,0.11538461538461539
15041,180.35,2.6917910447761195,2.08,16.5,0.42,104,1.5522388059701493,10,1,1,66,65,2.03,11.95,0.19,1,2011-06-22 16:16:00,2011-06-22 16:16:00,170,0,180.35,104.0,66.0,0.0
15042,135.93,27.186,16.8,76.5,6.76,30,6.0,9,1,1,5,5,5.586,12.75,1.69,1,2011-05-24 16:25:00,2011-05-24 16:25:00,199,0,135.93,30.0,5.0,0.0
15043,537.0,179.0,179.0,179.0,179.0,300,100.0,100,100,1,3,3,1.79,1.79,1.79,1,2011-11-08 14:26:00,2011-11-08 14:26:00,31,0,537.0,300.0,3.0,0.0
15044,7700.2300000000005,16.998300220750554,15.0,71.4,0.84,2795,6.169977924944813,80,1,17,233,235,4.632869757174393,19.95,0.06,1,2010-12-12 14:27:00,2011-11-20 13:20:00,19,342,452.954705882353,164.41176470588235,13.705882352941176,0.36363636363636365
15045,735.66,61.305,63.449999999999996,175.2,3.4799999999999995,114,9.5,16,2,2,11,11,6.9191666666666665,12.75,0.29,1,2011-03-27 11:44:00,2011-07-11 11:33:00,152,105,367.83,57.0,5.5,0.3333333333333333
15046,5213.7699999999995,25.309563106796116,13.735,232.0,0.65,3451,16.75242718446602,160,1,15,147,147,2.780728155339806,35.95,0.19,1,2011-01-05 15:30:00,2011-11-30 15:50:00,9,329,347.58466666666664,230.06666666666666,9.8,0.0625
15047,343.62,15.61909090909091,15.0,23.4,10.2,222,10.090909090909092,48,2,1,22,22,2.27,5.95,0.29,1,2011-03-15 10:49:00,2011-03-15 10:49:00,270,0,343.62,222.0,22.0,0.0
15048,384.05,3.959278350515464,2.1,30.0,0.39,195,2.0103092783505154,24,1,4,86,86,2.533917525773196,9.95,0.19,1,2010-12-06 12:15:00,2011-10-05 14:55:00,65,303,96.0125,48.75,21.5,0.2
15049,121.17000000000002,40.39000000000001,38.35,81.12,1.7,63,21.0,48,2,1,3,3,1.83,2.95,0.85,1,2011-03-11 12:13:00,2011-03-11 12:13:00,274,0,121.17000000000002,63.0,3.0,0.0
15050,1782.09,22.84730769230769,15.209999999999999,120.0,0.39,1224,15.692307692307692,96,1,3,68,68,2.5871794871794873,9.95,0.19,1,2011-09-29 13:22:00,2011-11-14 16:17:00,25,46,594.03,408.0,22.666666666666668,0.4
15051,1391.61,9.731538461538461,6.95,85.80000000000001,0.84,1011,7.06993006993007,156,1,3,130,130,2.2487412587412585,9.95,0.21,1,2011-07-12 15:29:00,2011-11-16 15:38:00,23,127,463.86999999999995,337.0,43.333333333333336,0.0
15052,215.78,7.192666666666667,3.75,79.9,0.85,82,2.7333333333333334,12,1,1,27,27,3.5113333333333334,39.95,0.29,1,2011-01-24 15:52:00,2011-01-24 15:52:00,319,0,215.78,82.0,27.0,0.0
15053,697.79,9.828028169014084,5.04,50.0,0.42,986,13.887323943661972,100,1,3,49,49,1.5770422535211268,4.95,0.04,1,2011-03-03 12:06:00,2011-12-05 12:08:00,5,277,232.59666666666666,328.6666666666667,16.333333333333332,0.0
15054,302.1,2.6500000000000004,2.015,15.9,0.19,198,1.736842105263158,16,1,2,105,104,1.7128070175438597,8.25,0.19,1,2011-10-30 14:33:00,2011-11-27 15:02:00,12,28,151.05,99.0,52.5,0.0
15057,1489.5,59.58,50.400000000000006,269.09999999999997,13.200000000000001,668,26.72,75,8,2,25,25,3.5916,14.95,0.42,1,2011-01-28 09:09:00,2011-03-09 15:17:00,275,40,744.75,334.0,12.5,0.0
15058,2124.9900000000002,7.699239130434783,3.75,46.2,0.42,1069,3.8731884057971016,32,1,11,199,199,2.8641666666666667,19.95,0.29,1,2011-01-31 15:35:00,2011-11-14 14:57:00,25,286,193.18090909090913,97.18181818181819,18.09090909090909,0.0
15059,1337.72,5.644388185654009,4.2,35.8,0.39,604,2.548523206751055,48,1,9,161,161,3.1344725738396626,16.95,0.12,1,2011-01-09 11:54:00,2011-10-30 11:35:00,41,293,148.63555555555556,67.11111111111111,17.88888888888889,0.18181818181818182
15060,303.09,2.504876033057851,1.25,14.850000000000001,0.19,263,2.1735537190082646,24,1,4,81,81,1.7283471074380166,12.75,0.12,1,2011-11-30 14:03:00,2011-12-01 13:47:00,8,0,75.7725,65.75,20.25,0.0
15061,54534.14,135.32044665012407,72.0,2978.3999999999996,0.32,28920,71.76178660049628,500,1,48,70,72,2.5737468982630274,10.95,0.07,1,2010-12-02 15:19:00,2011-12-06 12:06:00,4,368,1136.1279166666666,602.5,1.4583333333333333,0.12727272727272726
15062,987.86,17.330877192982456,17.0,39.0,9.120000000000001,763,13.385964912280702,50,2,4,47,47,2.061754385964912,7.95,0.19,1,2010-12-15 15:37:00,2011-09-29 16:51:00,71,288,246.965,190.75,11.75,0.0
15063,370.79999999999995,74.16,30.599999999999998,255.2,19.9,56,11.2,24,2,1,5,5,8.57,15.95,1.65,1,2011-05-10 13:25:00,2011-05-10 13:25:00,213,0,370.79999999999995,56.0,5.0,0.0
15065,3158.13,20.37503225806452,17.4,250.0,5.04,1383,8.92258064516129,36,1,4,148,148,5.0849677419354835,125.0,0.42,1,2011-02-21 12:54:00,2011-11-02 09:45:00,38,253,789.5325,345.75,37.0,0.5
15066,893.59,21.275952380952383,17.4,66.4,5.04,317,7.5476190476190474,24,2,1,42,42,4.46047619047619,12.75,0.39,1,2011-10-17 13:25:00,2011-10-17 13:25:00,53,0,893.59,317.0,42.0,5.5
15067,1744.76,21.277560975609756,17.17,102.0,9.36,954,11.634146341463415,96,2,3,82,82,3.1621951219512194,19.95,0.39,1,2011-03-02 12:10:00,2011-09-22 13:20:00,78,204,581.5866666666667,318.0,27.333333333333332,0.0
15068,553.36,5.320769230769231,4.1,17.9,0.72,364,3.5,48,1,2,96,96,2.555769230769231,14.95,0.12,1,2011-03-28 14:27:00,2011-10-24 14:47:00,46,210,276.68,182.0,48.0,0.0
15069,1109.53,15.850428571428571,15.9,29.700000000000003,8.5,520,7.428571428571429,25,1,1,70,70,4.523428571428571,16.95,0.42,1,2011-06-13 14:16:00,2011-06-13 14:16:00,179,0,1109.53,520.0,70.0,0.0
15070,106.2,106.2,106.2,106.2,106.2,36,36.0,36,36,1,1,1,2.95,2.95,2.95,1,2010-12-02 11:23:00,2010-12-02 11:23:00,373,0,106.2,36.0,1.0,0.0
15071,982.07,37.77192307692308,19.799999999999997,142.8,6.8,269,10.346153846153847,48,1,2,25,25,4.647692307692308,9.95,0.65,1,2011-03-09 10:19:00,2011-09-07 11:43:00,94,182,491.035,134.5,12.5,0.0
15073,1043.41,19.322407407407407,15.0,64.67999999999999,10.2,491,9.092592592592593,12,3,3,31,31,2.6588888888888893,6.65,0.85,1,2011-06-06 09:59:00,2011-11-30 10:44:00,10,177,347.80333333333334,163.66666666666666,10.333333333333334,5.5
15074,748.87,17.830238095238094,15.299999999999999,34.68,12.600000000000001,455,10.833333333333334,24,3,1,41,41,2.2104761904761907,4.95,0.55,1,2011-08-26 14:45:00,2011-08-26 14:45:00,105,0,748.87,455.0,41.0,0.0
15075,773.03,28.63074074074074,17.34,102.0,9.36,447,16.555555555555557,120,1,1,27,27,3.312962962962963,14.95,0.39,1,2011-09-23 12:27:00,2011-09-23 12:27:00,78,0,773.03,447.0,27.0,0.0
15076,880.85,17.976530612244897,15.9,50.400000000000006,6.959999999999999,571,11.653061224489797,24,1,1,49,49,3.0477551020408162,35.95,0.29,1,2011-06-20 08:23:00,2011-06-20 08:23:00,173,0,880.85,571.0,49.0,0.0
15078,9743.11,22.14343181818182,20.8,62.400000000000006,9.36,5105,11.602272727272727,36,2,32,97,107,2.369431818181818,12.75,0.39,1,2010-12-06 12:38:00,2011-12-02 15:41:00,7,361,304.4721875,159.53125,3.03125,0.2894736842105263
15079,895.61,19.055531914893617,15.299999999999999,81.6,5.04,389,8.27659574468085,32,1,4,46,46,4.605957446808511,49.95,0.42,1,2010-12-09 09:25:00,2011-05-11 12:45:00,213,153,223.9025,97.25,11.5,0.2
15081,504.8,15.296969696969697,15.0,35.400000000000006,8.5,190,5.757575757575758,12,1,5,26,26,4.805151515151515,16.65,0.83,1,2010-12-07 16:20:00,2011-11-17 17:08:00,22,345,100.96000000000001,38.0,5.2,0.3333333333333333
15083,88.2,17.64,13.049999999999999,34.8,12.75,38,7.6,24,1,1,5,5,6.67,12.75,1.45,1,2011-03-28 12:18:00,2011-03-28 12:18:00,257,0,88.2,38.0,5.0,0.0
15087,306.94,20.462666666666667,17.4,60.48,11.7,470,31.333333333333332,288,4,1,15,15,2.036,4.25,0.21,1,2011-03-03 10:34:00,2011-03-03 10:34:00,282,0,306.94,470.0,15.0,0.0
15088,1160.07,20.352105263157895,17.4,85.0,5.04,460,8.070175438596491,24,1,2,53,53,5.27,85.0,0.42,1,2011-10-03 14:05:00,2011-11-18 13:14:00,21,45,580.035,230.0,26.5,1.0
15089,2420.84,16.69544827586207,15.0,68.0,5.04,1359,9.372413793103448,36,1,6,139,139,3.3199310344827584,16.95,0.29,1,2011-08-03 14:14:00,2011-11-29 16:31:00,10,118,403.47333333333336,226.5,23.166666666666668,0.0
15090,381.32,16.57913043478261,15.9,31.8,6.72,208,9.043478260869565,36,2,1,23,23,3.5617391304347827,7.95,0.42,1,2011-02-04 14:03:00,2011-02-04 14:03:00,308,0,381.32,208.0,23.0,0.0
15091,480.71,16.023666666666667,15.0,34.0,5.04,346,11.533333333333333,25,3,1,30,30,1.9540000000000002,8.5,0.42,1,2011-10-03 12:47:00,2011-10-03 12:47:00,68,0,480.71,346.0,30.0,0.5
15092,457.81,17.608076923076922,15.9,38.25,9.9,135,5.1923076923076925,12,1,2,23,23,5.378076923076923,12.75,1.25,1,2011-03-01 12:24:00,2011-05-08 14:10:00,215,68,228.905,67.5,11.5,0.0
15093,4597.02,42.565000000000005,22.64,202.79999999999998,5.04,3760,34.81481481481482,288,5,6,52,52,2.7425,12.75,0.21,1,2010-12-02 18:25:00,2011-11-21 13:09:00,18,353,766.1700000000001,626.6666666666666,8.666666666666666,0.4444444444444444
15095,1370.6,29.161702127659574,23.6,60.0,12.5,1079,22.95744680851064,96,1,4,30,30,2.5157446808510637,12.5,0.42,1,2011-05-20 14:27:00,2011-08-28 12:01:00,104,99,342.65,269.75,7.5,0.4
15096,219.39000000000001,19.944545454545455,17.700000000000003,46.8,6.64,120,10.909090909090908,24,1,1,11,11,3.1118181818181814,12.5,0.83,1,2011-10-28 10:27:00,2011-10-28 10:27:00,43,0,219.39000000000001,120.0,11.0,0.0
15097,248.08,9.923200000000001,10.14,23.8,0.79,170,6.8,24,1,1,25,25,2.266,8.25,0.38,1,2011-12-05 14:03:00,2011-12-05 14:03:00,4,0,248.08,170.0,25.0,0.0
15098,39916.5,13305.5,649.5,38970.0,297.0,121,40.333333333333336,60,1,3,1,2,434.65000000000003,649.5,4.95,1,2011-06-10 15:22:00,2011-06-10 15:33:00,182,0,13305.5,40.333333333333336,0.3333333333333333,0.4
15099,410.48,17.84695652173913,13.3,79.67999999999999,6.63,343,14.91304347826087,96,2,1,23,23,2.073478260869565,4.95,0.38,1,2011-09-16 13:13:00,2011-09-16 13:13:00,84,0,410.48,343.0,23.0,0.0
15100,876.0,292.0,350.4,350.4,175.2,80,26.666666666666668,32,16,3,1,1,10.949999999999998,10.95,10.95,1,2010-12-01 09:09:00,2011-01-10 10:35:00,334,40,292.0,26.666666666666668,0.3333333333333333,0.5
15101,317.53,39.69125,27.9,104.39999999999999,12.600000000000001,241,30.125,96,3,2,8,8,2.805,5.95,0.65,1,2010-12-15 12:54:00,2011-12-01 10:18:00,9,350,158.765,120.5,4.0,0.3333333333333333
15103,703.36,20.096,17.34,85.0,6.64,329,9.4,25,1,2,35,35,5.646857142857144,85.0,0.42,1,2011-09-14 13:54:00,2011-11-08 14:53:00,31,55,351.68,164.5,17.5,0.0
15104,1027.44,14.890434782608697,15.9,33.9,2.2800000000000002,637,9.231884057971014,50,1,2,66,66,5.425942028985507,19.95,0.19,1,2011-03-02 14:16:00,2011-05-27 12:29:00,197,85,513.72,318.5,33.0,0.6666666666666666
15105,2298.93,22.76168316831683,16.6,162.72,6.64,1211,11.990099009900991,48,3,7,90,90,2.410792079207921,9.95,0.39,1,2011-07-28 10:09:00,2011-11-21 16:54:00,18,116,328.4185714285714,173.0,12.857142857142858,0.0
15106,1422.52,14.2252,15.0,39.599999999999994,5.04,1181,11.81,36,1,5,90,90,2.4882,16.95,0.19,1,2011-03-15 12:52:00,2011-11-22 09:16:00,18,251,284.504,236.2,18.0,0.2857142857142857
15107,319.5,19.96875,17.35,51.0,7.800000000000001,169,10.5625,48,1,6,12,12,5.584375,14.95,0.65,1,2010-12-02 13:45:00,2011-02-01 14:46:00,311,61,53.25,28.166666666666668,2.0,0.375
15108,1300.25,21.670833333333334,17.700000000000003,60.0,7.800000000000001,499,8.316666666666666,24,1,4,50,50,4.83,18.0,0.55,1,2011-04-26 10:54:00,2011-07-21 10:24:00,142,85,325.0625,124.75,12.5,0.2
15109,484.95,17.319642857142856,17.0,25.5,6.6000000000000005,131,4.678571428571429,12,1,1,28,28,5.880357142857143,16.95,0.55,1,2011-04-08 09:58:00,2011-04-08 09:58:00,246,0,484.95,131.0,28.0,1.5
15110,996.1,28.46,17.0,119.85000000000001,10.2,246,7.0285714285714285,16,1,4,17,18,7.377142857142857,39.95,0.85,1,2011-01-25 11:41:00,2011-11-16 11:16:00,24,294,249.025,61.5,4.25,0.7142857142857143
15111,1567.48,18.660476190476192,16.6,39.6,2.88,710,8.452380952380953,25,2,3,70,70,3.682380952380952,12.5,0.12,1,2010-12-02 11:45:00,2011-11-10 16:58:00,29,343,522.4933333333333,236.66666666666666,23.333333333333332,0.0
15113,3609.33,36.0933,31.200000000000003,244.79999999999998,0.39,2386,23.86,144,1,3,77,77,2.1344,8.5,0.29,1,2011-10-16 15:27:00,2011-11-30 08:23:00,10,44,1203.11,795.3333333333334,25.666666666666668,0.25
15114,2760.56,14.012994923857867,13.200000000000001,51.0,4.5600000000000005,3096,15.715736040609137,48,2,10,136,136,1.5530964467005075,5.95,0.19,1,2011-02-11 08:45:00,2011-11-09 15:05:00,30,271,276.056,309.6,13.6,0.0
15115,340.11,16.195714285714285,12.5,34.0,5.04,157,7.476190476190476,12,2,1,21,21,3.7304761904761907,16.65,0.42,1,2011-11-21 14:59:00,2011-11-21 14:59:00,18,0,340.11,157.0,21.0,0.0
15116,1352.75,30.06111111111111,19.8,157.92000000000002,7.9,648,14.4,50,4,4,37,37,2.7622222222222224,10.95,0.42,1,2011-05-19 08:50:00,2011-11-22 12:25:00,18,187,338.1875,162.0,9.25,0.0
15117,1551.78,19.64278481012658,16.5,192.0,1.65,1948,24.658227848101266,600,1,5,63,66,2.230632911392405,16.65,0.29,1,2011-05-08 12:38:00,2011-11-25 08:12:00,15,200,310.356,389.6,12.6,0.16666666666666666
15118,244.8,244.8,244.8,244.8,244.8,1440,1440.0,1440,1440,1,1,1,0.17,0.17,0.17,1,2011-07-28 14:54:00,2011-07-28 14:54:00,134,0,244.8,1440.0,1.0,0.0
15119,266.4,19.02857142857143,16.15,39.95,12.600000000000001,88,6.285714285714286,24,1,1,14,14,7.728571428571429,39.95,0.55,1,2011-04-08 09:08:00,2011-04-08 09:08:00,246,0,266.4,88.0,14.0,0.0
15120,358.82,17.086666666666666,15.95,39.95,10.2,296,14.095238095238095,48,1,1,21,21,4.91952380952381,39.95,0.39,1,2011-07-29 09:48:00,2011-07-29 09:48:00,134,0,358.82,296.0,21.0,0.5
15121,457.72,16.34714285714286,16.15,25.5,6.64,199,7.107142857142857,24,1,2,28,28,4.226785714285714,25.0,0.83,1,2011-02-24 12:41:00,2011-10-20 14:51:00,50,238,228.86,99.5,14.0,0.0
15122,1633.78,19.924146341463413,17.4,58.5,5.04,800,9.75609756097561,30,1,3,65,65,3.2530487804878048,12.5,0.42,1,2011-02-15 09:59:00,2011-08-17 16:48:00,114,183,544.5933333333334,266.6666666666667,21.666666666666668,0.8333333333333334
15123,2199.31,20.748207547169812,17.0,81.12,5.04,1195,11.273584905660377,72,1,2,93,93,3.053490566037736,12.75,0.39,1,2011-05-17 14:57:00,2011-12-02 13:12:00,7,198,1099.655,597.5,46.5,0.0
15124,184.19,12.279333333333334,9.95,20.4,7.800000000000001,233,15.533333333333333,48,1,2,14,14,2.2046666666666668,9.95,0.29,1,2011-06-01 09:06:00,2011-11-17 10:09:00,23,169,92.095,116.5,7.0,0.0
15125,11528.48,90.77543307086614,69.6,439.20000000000005,8.5,6193,48.76377952755905,176,2,15,102,103,3.3869291338582674,32.95,0.42,1,2011-03-14 09:59:00,2011-11-14 13:57:00,25,245,768.5653333333333,412.8666666666667,6.8,0.5652173913043478
15127,406.53,25.408125,22.335,60.0,15.0,251,15.6875,48,5,1,16,16,1.838125,4.95,0.83,1,2011-10-05 10:30:00,2011-10-05 10:30:00,66,0,406.53,251.0,16.0,0.0
15128,1471.0,14.42156862745098,15.0,49.800000000000004,4.8,1343,13.166666666666666,80,1,4,74,75,2.071470588235294,12.75,0.06,1,2011-05-04 12:32:00,2011-10-10 13:54:00,60,159,367.75,335.75,18.5,1.125
15129,3447.4,41.04047619047619,20.15,408.0,9.899999999999999,1794,21.357142857142858,144,1,11,54,54,2.905238095238095,16.95,0.36,1,2011-02-21 09:09:00,2011-10-20 14:40:00,50,241,313.40000000000003,163.0909090909091,4.909090909090909,0.0
15130,330.11,15.005,15.0,35.400000000000006,6.959999999999999,197,8.954545454545455,24,3,1,22,22,2.42,5.95,0.29,1,2011-06-23 10:15:00,2011-06-23 10:15:00,170,0,330.11,197.0,22.0,0.0
15132,977.9300000000001,18.806346153846157,15.0,102.0,7.800000000000001,679,13.057692307692308,96,2,5,49,49,2.062692307692308,6.75,0.42,1,2011-03-22 12:02:00,2011-11-21 17:10:00,18,244,195.586,135.8,9.8,0.0
15133,982.42,33.87655172413793,19.799999999999997,90.0,4.5600000000000005,680,23.448275862068964,96,2,3,27,27,2.2120689655172416,8.5,0.12,1,2011-02-11 10:38:00,2011-08-04 10:44:00,128,174,327.4733333333333,226.66666666666666,9.0,0.0
15134,1387.99,19.013561643835615,17.700000000000003,53.1,7.08,887,12.150684931506849,96,3,8,44,46,2.300821917808219,5.95,0.19,1,2011-04-13 11:05:00,2011-11-25 08:55:00,15,225,173.49875,110.875,5.5,0.0
15135,139.05,15.450000000000001,15.0,19.5,11.7,43,4.777777777777778,10,3,1,9,9,3.5944444444444446,5.95,1.95,1,2011-04-14 19:16:00,2011-04-14 19:16:00,239,0,139.05,43.0,9.0,0.5
15136,1286.7,18.92205882352941,17.55,52.199999999999996,10.2,776,11.411764705882353,36,3,4,61,61,2.0561764705882353,4.95,0.55,1,2011-09-04 16:05:00,2011-12-07 12:26:00,3,93,321.675,194.0,15.25,0.2
15139,178.96,13.766153846153847,13.200000000000001,23.4,2.34,208,16.0,48,6,2,13,13,1.3546153846153846,3.75,0.19,1,2011-01-07 12:44:00,2011-04-14 11:39:00,240,96,89.48,104.0,6.5,0.0
15140,2354.25,29.428125,23.8,83.4,7.9,1572,19.65,144,3,7,74,74,2.65775,12.5,0.42,1,2011-03-20 14:37:00,2011-10-18 14:07:00,52,211,336.32142857142856,224.57142857142858,10.571428571428571,0.125
15142,498.74,19.182307692307692,16.5,53.1,7.9,365,14.038461538461538,48,2,1,26,26,2.419230769230769,8.25,0.39,1,2011-10-24 12:51:00,2011-10-24 12:51:00,46,0,498.74,365.0,26.0,0.0
15143,259.45,18.532142857142855,19.799999999999997,23.4,10.5,150,10.714285714285714,25,2,1,14,14,2.8335714285714286,9.95,0.42,1,2011-04-28 12:03:00,2011-04-28 12:03:00,226,0,259.45,150.0,14.0,0.0
15144,6580.44,30.324608294930872,20.8,102.0,6.959999999999999,3050,14.055299539170507,48,2,17,132,133,2.9005990783410134,9.95,0.29,1,2011-01-31 13:17:00,2011-12-01 15:12:00,8,304,387.0847058823529,179.41176470588235,7.764705882352941,0.05555555555555555
15145,1194.73,17.83179104477612,15.600000000000001,68.0,6.959999999999999,756,11.283582089552239,36,1,4,54,54,3.413731343283582,15.95,0.29,1,2011-04-05 15:20:00,2011-12-05 17:21:00,4,244,298.6825,189.0,13.5,0.0
15146,1327.16,14.584175824175825,12.600000000000001,81.6,5.04,1473,16.186813186813186,96,1,2,90,90,1.5287912087912088,10.4,0.29,1,2011-02-21 13:07:00,2011-06-28 12:09:00,165,126,663.58,736.5,45.0,1.3333333333333333
15147,623.5,22.267857142857142,19.799999999999997,87.6,10.2,366,13.071428571428571,36,2,1,28,28,2.9839285714285713,12.75,0.55,1,2011-04-13 15:57:00,2011-04-13 15:57:00,240,0,623.5,366.0,28.0,0.5
15148,301.29,15.0645,15.0,23.4,2.88,187,9.35,24,3,1,20,20,2.5355,5.95,0.12,1,2011-11-29 08:21:00,2011-11-29 08:21:00,11,0,301.29,187.0,20.0,0.0
15149,520.8000000000001,22.643478260869568,17.700000000000003,67.5,12.75,128,5.565217391304348,36,1,1,23,23,5.95,12.75,1.25,1,2011-07-29 10:58:00,2011-07-29 10:58:00,134,0,520.8000000000001,128.0,23.0,0.0
15150,5314.47,15.494081632653062,15.0,40.8,4.68,3658,10.66472303206997,48,1,10,282,283,2.928950437317784,24.95,0.21,1,2011-03-15 14:21:00,2011-11-22 12:52:00,17,251,531.447,365.8,28.2,0.09090909090909091
15152,4745.69,17.511771217712177,16.6,44.849999999999994,3.3600000000000003,2704,9.977859778597786,36,1,13,196,196,3.474981549815498,14.95,0.14,1,2011-06-05 15:36:00,2011-11-30 12:32:00,10,177,365.0530769230769,208.0,15.076923076923077,0.4375
15153,329.25,14.965909090909092,15.0,28.080000000000002,8.7,198,9.0,72,1,1,22,22,4.66590909090909,16.95,0.39,1,2011-11-08 17:09:00,2011-11-08 17:09:00,31,0,329.25,198.0,22.0,0.0
15154,296.42,3.487294117647059,2.1,25.0,0.19,104,1.223529411764706,6,1,1,66,66,2.957411764705882,12.75,0.19,1,2011-09-25 16:05:00,2011-09-25 16:05:00,75,0,296.42,104.0,66.0,3.5
15156,961.49,17.481636363636365,15.600000000000001,47.8,5.04,597,10.854545454545455,25,1,3,51,51,2.841090909090909,14.95,0.42,1,2011-11-06 12:41:00,2011-12-08 18:22:00,1,32,320.49666666666667,199.0,17.0,0.0
15157,1936.07,15.48856,14.040000000000001,85.0,2.88,2392,19.136,72,1,3,125,125,1.84528,85.0,0.12,1,2010-12-16 13:44:00,2011-12-06 11:28:00,4,354,645.3566666666667,797.3333333333334,41.666666666666664,1.6
15158,401.40000000000003,57.34285714285715,30.0,135.0,9.36,198,28.285714285714285,36,24,1,7,7,1.85,3.75,0.39,1,2011-10-25 13:53:00,2011-10-25 13:53:00,45,0,401.40000000000003,198.0,7.0,0.0
15159,18641.010000000002,26.254943661971833,18.72,250.0,2.88,11441,16.114084507042254,80,1,30,363,368,2.844718309859155,125.0,0.06,1,2010-12-13 15:44:00,2011-12-08 12:05:00,2,359,621.3670000000001,381.3666666666667,12.1,0.29411764705882354
15160,158.16,39.54,22.5,106.2,6.959999999999999,84,21.0,36,12,1,4,4,1.7475,2.95,0.29,1,2010-12-17 14:15:00,2010-12-17 14:15:00,357,0,158.16,84.0,4.0,0.0
15163,304.47,10.49896551724138,7.5,69.3,1.25,186,6.413793103448276,30,1,2,29,29,2.437241379310345,8.5,0.29,1,2011-05-31 15:22:00,2011-11-21 13:10:00,18,173,152.235,93.0,14.5,0.0
15164,843.05,8.18495145631068,6.8,29.700000000000003,1.25,360,3.495145631067961,16,1,3,79,79,2.9453398058252427,14.95,0.63,1,2011-01-04 14:21:00,2011-10-02 12:05:00,69,270,281.01666666666665,120.0,26.333333333333332,0.0
15165,487.75,18.064814814814813,17.4,26.099999999999998,10.5,160,5.925925925925926,18,1,1,27,27,4.987037037037037,18.95,1.45,1,2010-12-01 14:03:00,2010-12-01 14:03:00,373,0,487.75,160.0,27.0,0.0
15167,163.0,3.975609756097561,3.3,15.9,0.85,67,1.6341463414634145,5,1,1,39,39,2.674390243902439,8.5,0.85,1,2011-01-23 12:41:00,2011-01-23 12:41:00,321,0,163.0,67.0,39.0,0.0
15168,106.56,21.312,17.4,47.7,6.959999999999999,52,10.4,24,4,1,5,5,3.338,7.95,0.29,1,2011-11-14 11:26:00,2011-11-14 11:26:00,26,0,106.56,52.0,5.0,0.0
15171,1289.5,257.9,127.49999999999999,745.0,102.0,290,58.0,100,40,1,5,5,3.7700000000000005,7.45,2.55,1,2011-01-12 15:36:00,2011-01-12 15:36:00,331,0,1289.5,290.0,5.0,1.0
15172,1624.05,14.764090909090909,15.0,40.8,4.5600000000000005,1611,14.645454545454545,48,1,5,106,106,2.087909090909091,15.0,0.19,1,2011-04-17 11:56:00,2011-12-01 11:51:00,9,227,324.81,322.2,21.2,0.0
15174,135.75,12.340909090909092,15.12,19.8,1.55,145,13.181818181818182,36,1,1,11,11,1.549090909090909,4.95,0.21,1,2011-01-21 09:06:00,2011-01-21 09:06:00,323,0,135.75,145.0,11.0,0.0
15175,224.14,9.745217391304347,10.08,19.5,2.88,454,19.73913043478261,80,6,1,23,23,0.7404347826086957,3.25,0.06,1,2011-09-29 11:31:00,2011-09-29 11:31:00,72,0,224.14,454.0,23.0,0.0
15178,40.5,13.5,12.5,19.5,8.5,30,10.0,10,10,1,3,3,1.3499999999999999,1.95,0.85,1,2011-03-24 15:12:00,2011-03-24 15:12:00,260,0,40.5,30.0,3.0,0.0
15179,2206.95,23.73064516129032,17.0,103.67999999999999,4.5600000000000005,1938,20.838709677419356,288,2,5,91,91,2.6174193548387095,9.95,0.19,1,2011-01-24 13:48:00,2011-11-21 12:53:00,18,300,441.39,387.6,18.2,0.2857142857142857
15180,87.5,14.583333333333334,14.925,18.6,10.2,36,6.0,12,3,1,6,6,3.266666666666667,4.95,0.85,1,2010-12-07 14:57:00,2010-12-07 14:57:00,367,0,87.5,36.0,6.0,0.0
15181,689.4799999999999,43.092499999999994,19.259999999999998,238.79999999999998,6.959999999999999,544,34.0,100,12,3,11,11,1.475625,9.95,0.29,1,2011-03-15 12:03:00,2011-10-04 13:58:00,66,203,229.82666666666663,181.33333333333334,3.6666666666666665,0.4
15182,622.85,21.477586206896554,19.8,35.400000000000006,11.6,253,8.724137931034482,16,2,2,24,24,2.9741379310344827,8.5,1.25,1,2011-03-16 12:42:00,2011-07-08 13:37:00,154,114,311.425,126.5,12.0,0.0
15184,406.76,6.456507936507936,4.16,25.5,0.42,223,3.5396825396825395,24,1,2,59,58,3.198888888888889,12.75,0.19,1,2011-06-02 12:06:00,2011-11-10 13:41:00,29,161,203.38,111.5,29.5,0.0
15185,310.62,14.791428571428572,10.08,79.9,4.68,666,31.714285714285715,96,2,1,21,21,2.3276190476190477,39.95,0.19,1,2011-09-30 14:06:00,2011-09-30 14:06:00,70,0,310.62,666.0,21.0,0.0
15186,411.41,21.653157894736843,17.0,35.400000000000006,10.2,215,11.31578947368421,48,2,2,17,17,3.38,12.75,0.42,1,2011-06-24 14:54:00,2011-11-25 14:58:00,14,154,205.705,107.5,8.5,0.0
15187,4777.18,52.49648351648352,23.4,306.0,4.68,1887,20.736263736263737,180,1,16,61,64,3.0318681318681318,15.0,0.36,1,2011-05-11 13:49:00,2011-12-08 11:56:00,2,210,298.57375,117.9375,3.8125,0.1111111111111111
15189,16225.39,76.53485849056604,61.199999999999996,350.4,3.3,6149,29.004716981132077,216,1,41,80,82,4.361933962264151,85.0,0.39,1,2011-01-11 12:29:00,2011-12-08 13:22:00,1,331,395.74121951219513,149.97560975609755,1.951219512195122,0.37735849056603776
15192,1044.32,20.47686274509804,15.600000000000001,69.6,3.3600000000000003,918,18.0,72,2,3,36,36,2.514705882352941,9.95,0.14,1,2010-12-09 14:56:00,2011-08-12 11:41:00,120,245,348.1066666666666,306.0,12.0,0.0
15193,499.32,26.28,19.9,70.8,13.919999999999998,144,7.578947368421052,48,2,1,19,19,6.397368421052631,12.75,0.29,1,2011-10-10 08:23:00,2011-10-10 08:23:00,61,0,499.32,144.0,19.0,0.0
15194,7616.53,24.569451612903226,17.700000000000003,232.0,2.34,5703,18.39677419354839,160,1,15,209,209,2.4091290322580647,39.95,0.19,1,2010-12-06 15:00:00,2011-12-06 15:10:00,3,365,507.76866666666666,380.2,13.933333333333334,0.7272727272727273
15195,3861.0,3861.0,3861.0,3861.0,3861.0,1404,1404.0,1404,1404,1,1,1,2.75,2.75,2.75,1,2011-12-07 12:20:00,2011-12-07 12:20:00,3,0,3861.0,1404.0,1.0,0.0
15197,1079.6100000000001,33.737812500000004,15.149999999999999,419.40000000000003,4.68,469,14.65625,42,2,3,30,30,3.0321875,34.95,0.29,1,2010-12-16 18:01:00,2011-11-29 10:00:00,11,347,359.87000000000006,156.33333333333334,10.0,0.8
15198,193.64,19.363999999999997,17.4,35.400000000000006,5.04,120,12.0,24,4,2,10,10,1.875,4.95,0.42,1,2011-08-07 15:16:00,2011-09-08 14:42:00,92,31,96.82,60.0,5.0,0.0
15199,1268.7,97.5923076923077,65.4,254.99999999999997,16.35,396,30.46153846153846,100,3,4,5,5,4.6,8.5,2.55,1,2011-02-04 14:04:00,2011-10-11 15:12:00,59,249,317.175,99.0,1.25,0.0
15201,1236.54,17.92086956521739,13.200000000000001,120.0,4.68,1210,17.536231884057973,96,3,5,35,36,1.6153623188405797,5.45,0.39,1,2011-04-06 14:02:00,2011-09-13 14:53:00,87,160,247.308,242.0,7.0,2.5454545454545454
15203,1827.8,12.871830985915492,10.5,33.0,3.42,1753,12.345070422535212,50,5,6,82,84,1.258169014084507,2.95,0.1,1,2011-02-01 12:29:00,2011-11-14 08:16:00,26,285,304.6333333333333,292.1666666666667,13.666666666666666,0.0
15204,316.58,35.175555555555555,30.599999999999998,68.0,15.0,258,28.666666666666668,96,8,1,9,9,2.4044444444444446,8.5,0.42,1,2010-12-17 13:49:00,2010-12-17 13:49:00,357,0,316.58,258.0,9.0,0.0
15205,653.24,17.655135135135136,15.0,87.6,5.04,378,10.216216216216216,36,1,2,37,37,3.684594594594594,16.95,0.29,1,2011-08-04 16:07:00,2011-09-15 19:36:00,85,42,326.62,189.0,18.5,0.3333333333333333
15206,420.29999999999995,46.699999999999996,61.199999999999996,61.199999999999996,17.700000000000003,162,18.0,24,6,4,3,3,2.683333333333333,2.95,2.55,1,2011-03-09 08:59:00,2011-11-29 13:41:00,10,265,105.07499999999999,40.5,0.75,0.0
15208,870.12,20.717142857142857,17.0,66.0,6.8,316,7.523809523809524,25,1,5,25,25,4.873333333333333,12.75,0.42,1,2010-12-21 13:03:00,2011-12-08 17:24:00,1,352,174.024,63.2,5.0,0.16666666666666666
15210,331.18,16.559,13.719999999999999,49.95,1.25,228,11.4,48,1,1,20,20,6.341,49.95,0.29,1,2011-04-28 16:11:00,2011-04-28 16:11:00,225,0,331.18,228.0,20.0,0.0
15211,894.4100000000001,17.20019230769231,15.299999999999999,38.25,10.2,240,4.615384615384615,12,1,2,52,52,5.4957692307692305,14.95,0.85,1,2010-12-09 16:08:00,2011-10-10 13:31:00,60,304,447.20500000000004,120.0,26.0,0.0
15212,101.8,20.36,15.299999999999999,39.8,11.6,36,7.2,12,4,1,5,5,3.63,9.95,1.45,1,2011-04-12 13:45:00,2011-04-12 13:45:00,241,0,101.8,36.0,5.0,1.0
15213,328.35,13.68125,13.200000000000001,19.5,2.1,272,11.333333333333334,25,1,2,22,22,1.55375,2.95,0.42,1,2011-01-14 11:05:00,2011-01-25 12:21:00,319,11,164.175,136.0,11.0,0.3333333333333333
15214,1661.44,15.104000000000001,15.0,30.0,3.8,1254,11.4,72,1,8,109,109,2.4215454545454547,12.75,0.19,1,2011-04-11 09:46:00,2011-12-08 12:07:00,2,241,207.68,156.75,13.625,0.0
15215,734.94,20.998285714285714,17.700000000000003,62.400000000000006,13.0,225,6.428571428571429,24,1,3,33,33,5.166857142857143,25.0,1.25,1,2011-09-04 12:24:00,2011-10-24 11:41:00,47,49,244.98000000000002,75.0,11.0,1.3333333333333333
15216,96.6,48.3,48.3,63.6,33.0,28,14.0,20,8,1,2,2,4.8,7.95,1.65,1,2011-09-13 11:41:00,2011-09-13 11:41:00,88,0,96.6,28.0,2.0,0.0
15218,5756.89,34.680060240963854,21.0,232.0,0.42,3329,20.05421686746988,192,1,11,77,78,3.0930120481927714,12.75,0.29,1,2011-01-25 11:20:00,2011-11-29 11:48:00,11,308,523.3536363636364,302.6363636363636,7.0,0.0
15219,305.75,33.97222222222222,12.75,89.2,12.75,45,5.0,12,1,1,9,9,9.883333333333333,12.75,3.45,1,2011-06-16 16:57:00,2011-06-16 16:57:00,176,0,305.75,45.0,9.0,0.0
15220,1778.96,15.204786324786324,15.0,46.800000000000004,2.34,1393,11.905982905982906,120,1,6,110,110,2.559059829059829,12.5,0.12,1,2011-03-04 10:24:00,2011-10-19 12:39:00,52,229,296.49333333333334,232.16666666666666,18.333333333333332,0.2857142857142857
15221,403.25,80.65,83.4,102.0,50.849999999999994,43,8.6,16,3,1,5,5,12.709999999999999,21.95,4.95,1,2010-12-08 13:08:00,2010-12-08 13:08:00,366,0,403.25,43.0,5.0,3.0
15222,585.0,117.0,145.0,165.0,58.0,440,88.0,100,40,1,5,5,1.3439999999999999,1.65,0.72,1,2011-01-25 08:03:00,2011-01-25 08:03:00,319,0,585.0,440.0,5.0,0.0
15223,755.75,37.7875,17.700000000000003,175.2,10.4,213,10.65,24,4,2,14,14,4.0865,12.75,0.55,1,2011-04-04 12:17:00,2011-04-28 11:31:00,226,23,377.875,106.5,7.0,4.0
15224,322.08,23.005714285714284,17.55,68.0,1.65,152,10.857142857142858,24,1,2,13,13,3.2135714285714285,9.95,0.55,1,2010-12-12 12:34:00,2010-12-16 15:02:00,358,4,161.04,76.0,6.5,0.6666666666666666
15225,409.40000000000003,17.8,15.9,35.400000000000006,9.9,226,9.826086956521738,24,2,1,23,23,3.45,8.5,0.65,1,2011-04-19 14:51:00,2011-04-19 14:51:00,234,0,409.40000000000003,226.0,23.0,0.0
15226,154.41,19.30125,15.299999999999999,30.599999999999998,6.959999999999999,71,8.875,24,2,1,8,8,3.8425,12.75,0.29,1,2011-02-02 11:41:00,2011-02-02 11:41:00,311,0,154.41,71.0,8.0,0.0
15227,1219.4,21.024137931034485,17.925,40.56,5.04,750,12.931034482758621,96,1,5,43,43,4.578448275862069,16.95,0.29,1,2011-01-26 15:31:00,2011-11-03 11:59:00,37,280,243.88000000000002,150.0,8.6,0.0
15228,3386.71,27.09368,19.92,102.0,8.5,2255,18.04,120,2,4,110,110,3.18552,16.95,0.39,1,2011-02-18 09:04:00,2011-10-04 13:56:00,66,228,846.6775,563.75,27.5,0.2
15230,429.6,18.678260869565218,15.299999999999999,59.400000000000006,10.2,351,15.26086956521739,25,6,2,23,23,1.7817391304347827,4.95,0.42,1,2011-04-13 11:04:00,2011-04-14 14:39:00,239,1,214.8,175.5,11.5,0.0
15232,612.06,19.743870967741934,25.5,50.0,6.959999999999999,686,22.129032258064516,40,6,2,26,26,1.0306451612903225,4.95,0.29,1,2011-07-22 12:21:00,2011-08-18 16:27:00,113,27,306.03,343.0,13.0,0.0
15234,197.0,14.071428571428571,15.149999999999999,19.799999999999997,1.92,196,14.0,48,4,1,14,14,1.682857142857143,4.25,0.08,1,2011-03-08 08:53:00,2011-03-08 08:53:00,277,0,197.0,196.0,14.0,0.0
15235,2247.51,15.716853146853149,15.600000000000001,35.400000000000006,5.04,1324,9.258741258741258,25,1,12,132,130,2.9905594405594402,16.95,0.29,1,2010-12-01 17:22:00,2011-05-06 09:44:00,218,155,187.29250000000002,110.33333333333333,11.0,0.0
15236,321.05,21.403333333333332,14.850000000000001,90.0,10.5,269,17.933333333333334,25,3,1,15,15,1.6386666666666665,4.95,0.42,1,2011-02-14 10:52:00,2011-02-14 10:52:00,299,0,321.05,269.0,15.0,0.0
15237,1412.32,14.265858585858584,15.0,30.0,5.04,1071,10.818181818181818,36,1,4,94,94,2.5204040404040406,16.95,0.19,1,2011-04-26 15:04:00,2011-12-08 09:46:00,2,225,353.08,267.75,23.5,0.0
15238,1071.99,21.4398,15.55,135.2,4.5600000000000005,692,13.84,80,1,3,49,49,4.8076,125.0,0.19,1,2011-06-08 16:00:00,2011-11-10 14:28:00,29,154,357.33,230.66666666666666,16.333333333333332,0.4
15239,780.59,15.930408163265307,15.0,35.400000000000006,5.04,594,12.122448979591837,48,2,2,48,48,1.9677551020408164,8.5,0.29,1,2011-09-22 09:53:00,2011-11-29 14:14:00,10,68,390.295,297.0,24.0,1.0
15240,1706.57,21.879102564102563,17.700000000000003,60.0,5.25,1369,17.55128205128205,100,1,5,58,58,2.5883333333333334,12.75,0.1,1,2011-02-01 08:23:00,2011-10-26 09:50:00,45,267,341.31399999999996,273.8,11.6,0.7142857142857143
15241,1756.44,15.967636363636364,15.0,85.0,2.88,1818,16.527272727272727,96,1,8,82,82,1.8820000000000001,15.0,0.12,1,2011-03-01 11:02:00,2011-10-04 09:05:00,67,216,219.555,227.25,10.25,0.1111111111111111
15243,316.68,14.394545454545455,15.3,23.4,6.8,185,8.409090909090908,25,3,1,22,22,2.4499999999999997,5.45,0.42,1,2011-09-26 14:12:00,2011-09-26 14:12:00,74,0,316.68,185.0,22.0,0.0
15244,631.57,18.57558823529412,15.6,70.80000000000001,5.04,405,11.911764705882353,25,2,2,31,31,2.3405882352941174,8.5,0.42,1,2011-04-05 15:12:00,2011-10-05 13:19:00,65,182,315.785,202.5,15.5,0.0
15245,2515.84,28.267865168539327,19.799999999999997,244.79999999999998,7.56,1784,20.04494382022472,96,3,3,55,55,1.8764044943820224,8.5,0.21,1,2011-03-23 13:42:00,2011-07-28 18:56:00,134,127,838.6133333333333,594.6666666666666,18.333333333333332,0.0
15246,514.15,15.58030303030303,15.0,23.400000000000002,7.800000000000001,247,7.484848484848484,36,1,2,32,32,2.9833333333333334,12.75,0.65,1,2010-12-16 09:46:00,2011-04-15 14:45:00,238,120,257.075,123.5,16.0,0.0
15247,356.0,59.333333333333336,73.8,81.6,10.4,160,26.666666666666668,32,16,1,6,6,2.0833333333333335,2.75,0.65,1,2011-08-09 12:52:00,2011-08-09 12:52:00,122,0,356.0,160.0,6.0,0.0
15249,6688.46,19.109885714285713,16.5,59.400000000000006,2.5,3577,10.22,48,1,13,211,212,2.8037142857142854,24.95,0.19,1,2011-03-28 12:49:00,2011-11-08 11:45:00,32,224,514.496923076923,275.15384615384613,16.23076923076923,0.5333333333333333
15251,10484.99,94.45936936936937,88.80000000000001,348.0,34.56,6171,55.5945945945946,240,3,11,97,97,3.865765765765766,14.95,0.34,1,2011-04-12 10:38:00,2011-11-30 15:02:00,9,232,953.180909090909,561.0,8.818181818181818,0.6666666666666666
15252,740.78,16.83590909090909,15.0,32.7,6.6000000000000005,522,11.863636363636363,25,3,2,44,44,2.062727272727273,6.95,0.42,1,2011-06-09 14:15:00,2011-11-03 13:30:00,36,146,370.39,261.0,22.0,0.0
15253,918.1999999999999,17.32452830188679,17.4,40.8,6.959999999999999,866,16.339622641509433,48,1,5,52,52,1.6766037735849058,9.95,0.29,1,2011-06-23 12:19:00,2011-11-23 16:22:00,16,153,183.64,173.2,10.4,0.3333333333333333
15254,300.36,16.686666666666667,15.9,30.24,7.800000000000001,275,15.277777777777779,72,3,1,18,18,2.03,4.95,0.42,1,2011-08-04 15:04:00,2011-08-04 15:04:00,127,0,300.36,275.0,18.0,0.0
15255,890.85,18.95425531914894,15.0,83.4,9.959999999999999,489,10.404255319148936,25,2,1,47,47,2.7510638297872343,12.75,0.42,1,2011-10-04 12:43:00,2011-10-04 12:43:00,67,0,890.85,489.0,47.0,0.0
15256,98.45,16.408333333333335,15.625,25.200000000000003,6.8,55,9.166666666666666,12,5,1,6,6,1.8166666666666667,2.95,0.85,1,2011-07-14 11:47:00,2011-07-14 11:47:00,149,0,98.45,55.0,6.0,0.0
15257,317.15,45.30714285714286,30.0,165.0,10.2,46,6.571428571428571,24,1,1,7,7,30.957142857142856,165.0,0.85,1,2011-03-01 12:58:00,2011-03-01 12:58:00,283,0,317.15,46.0,7.0,0.5
15258,623.16,18.328235294117647,15.9,38.25,9.959999999999999,142,4.176470588235294,12,2,2,32,32,5.6376470588235295,15.95,0.83,1,2011-05-06 14:16:00,2011-06-24 12:30:00,169,48,311.58,71.0,16.0,0.0
15260,1810.77,23.516493506493507,19.9,62.5,9.899999999999999,885,11.493506493506494,40,1,7,62,62,3.4683116883116885,15.95,0.42,1,2010-12-02 12:09:00,2011-08-31 13:55:00,100,272,258.68142857142857,126.42857142857143,8.857142857142858,0.125
15261,254.82,13.41157894736842,13.28,29.700000000000003,4.5600000000000005,270,14.210526315789474,24,6,1,19,19,1.1994736842105262,4.95,0.19,1,2011-07-27 15:20:00,2011-07-27 15:20:00,135,0,254.82,270.0,19.0,0.0
15262,178.95000000000002,17.895000000000003,17.700000000000003,23.6,10.2,73,7.3,12,2,1,10,10,3.2950000000000004,8.5,0.85,1,2011-01-20 12:16:00,2011-01-20 12:16:00,324,0,178.95000000000002,73.0,10.0,0.0
15263,156.51,13.042499999999999,12.825,17.4,5.04,89,7.416666666666667,16,2,1,12,12,2.9575,8.5,0.42,1,2011-08-25 10:26:00,2011-08-25 10:26:00,107,0,156.51,89.0,12.0,0.0
15264,393.74,17.11913043478261,17.700000000000003,29.700000000000003,4.68,265,11.521739130434783,24,3,1,23,23,2.31,5.95,0.39,1,2011-10-06 13:49:00,2011-10-06 13:49:00,64,0,393.74,265.0,23.0,0.0
15265,1506.1200000000001,18.36731707317073,16.5,63.75,9.959999999999999,612,7.463414634146342,24,1,2,76,76,4.574390243902439,16.95,0.83,1,2011-04-18 12:16:00,2011-07-11 14:46:00,151,84,753.0600000000001,306.0,38.0,0.0
15266,119.3,19.883333333333333,15.9,39.8,14.850000000000001,18,3.0,4,2,1,6,6,6.75,9.95,3.75,1,2011-01-05 13:40:00,2011-01-05 13:40:00,338,0,119.3,18.0,6.0,0.0
15267,1717.36,156.12363636363636,148.0,306.0,60.0,944,85.81818181818181,144,48,5,8,8,1.8354545454545452,4.25,1.04,1,2011-06-10 10:24:00,2011-11-17 15:59:00,22,160,343.472,188.8,1.6,0.0
15269,408.8,204.4,204.4,290.0,118.80000000000001,26,13.0,24,2,1,2,2,74.975,145.0,4.95,1,2011-11-16 09:32:00,2011-11-16 09:32:00,24,0,408.8,26.0,2.0,0.0
15270,2379.49,58.03634146341463,35.400000000000006,290.0,8.5,1521,37.09756097560975,192,2,7,22,22,6.593658536585365,145.0,0.85,1,2011-02-02 13:25:00,2011-11-24 09:24:00,16,294,339.9271428571428,217.28571428571428,3.142857142857143,0.7777777777777778
15271,2507.07,9.149890510948905,5.95,43.35,0.39,1262,4.605839416058394,24,1,15,184,185,2.7365328467153285,24.95,0.29,1,2010-12-09 13:47:00,2011-12-02 14:11:00,7,358,167.138,84.13333333333334,12.266666666666667,0.0625
15272,721.94,11.45936507936508,9.9,39.8,0.78,310,4.920634920634921,42,1,2,63,63,4.119047619047619,12.75,0.39,1,2011-09-14 16:36:00,2011-10-13 12:59:00,57,28,360.97,155.0,31.5,0.0
15274,716.57,15.246170212765959,15.0,35.400000000000006,4.5600000000000005,619,13.170212765957446,120,3,2,44,44,2.0589361702127658,5.95,0.19,1,2011-11-21 14:17:00,2011-12-05 16:57:00,4,14,358.285,309.5,22.0,0.0
15275,615.14,15.003414634146342,15.0,24.900000000000002,4.5600000000000005,498,12.146341463414634,48,1,1,41,41,3.257073170731707,10.95,0.19,1,2011-11-02 11:20:00,2011-11-02 11:20:00,38,0,615.14,498.0,41.0,0.5
15276,135.31,2.602115384615385,2.09,8.5,0.19,64,1.2307692307692308,4,1,1,49,49,2.4048076923076924,8.5,0.19,1,2011-10-04 16:39:00,2011-10-04 16:39:00,66,0,135.31,64.0,49.0,0.0
15277,255.89999999999998,21.325,16.2,45.0,5.04,205,17.083333333333332,48,4,1,12,12,1.7708333333333333,4.95,0.29,1,2011-10-24 10:08:00,2011-10-24 10:08:00,47,0,255.89999999999998,205.0,12.0,0.0
15279,290.51,15.29,15.0,26.099999999999998,8.4,189,9.947368421052632,48,1,1,19,19,3.8610526315789473,19.95,0.42,1,2010-12-20 10:48:00,2010-12-20 10:48:00,355,0,290.51,189.0,19.0,1.0
15280,113.12,7.07,5.07,25.5,0.39,154,9.625,30,1,1,16,16,0.804375,1.45,0.12,1,2011-06-20 17:14:00,2011-06-20 17:14:00,172,0,113.12,154.0,16.0,0.0
15281,2332.15,16.778057553956835,15.8,39.6,4.5600000000000005,1211,8.712230215827338,48,1,9,121,121,3.9148201438848917,14.95,0.19,1,2011-01-10 15:51:00,2011-10-12 09:10:00,59,274,259.1277777777778,134.55555555555554,13.444444444444445,0.9166666666666666
15286,240.55,80.18333333333334,66.4,114.75,59.400000000000006,55,18.333333333333332,27,12,1,3,3,4.45,4.95,4.15,1,2011-10-21 11:08:00,2011-10-21 11:08:00,50,0,240.55,55.0,3.0,0.0
15287,486.69,24.3345,16.95,90.0,5.04,433,21.65,200,3,2,17,17,2.559,5.95,0.36,1,2011-09-30 12:30:00,2011-11-17 15:34:00,22,48,243.345,216.5,8.5,0.3333333333333333
15288,2306.52,26.210454545454546,15.75,135.0,1.1,775,8.806818181818182,24,1,5,80,80,3.3252272727272727,12.75,0.55,1,2010-12-09 13:59:00,2011-10-27 16:58:00,43,322,461.304,155.0,16.0,0.0
15289,939.78,16.20310344827586,15.0,99.84,5.04,1008,17.379310344827587,96,3,3,43,43,1.2341379310344827,5.95,0.29,1,2011-04-04 12:44:00,2011-11-10 13:49:00,29,220,313.26,336.0,14.333333333333334,0.25
15290,7943.22,38.93735294117647,34.0,149.76,10.08,4501,22.063725490196077,144,1,18,93,94,3.2506862745098037,15.0,0.12,1,2010-12-15 16:03:00,2011-12-05 11:39:00,5,354,441.29,250.05555555555554,5.166666666666667,0.38095238095238093
15291,4668.3,45.32330097087379,20.4,243.35999999999999,9.95,2103,20.41747572815534,144,1,15,62,62,5.093495145631068,45.0,0.29,1,2010-12-01 09:32:00,2011-11-14 11:02:00,26,348,311.22,140.2,4.133333333333334,0.3
15292,180.94,7.2376,7.5,15.95,0.84,56,2.24,16,1,1,24,23,4.6328,15.95,0.42,1,2011-05-22 15:00:00,2011-05-22 15:00:00,201,0,180.94,56.0,24.0,0.0
15296,3672.86,18.932268041237116,17.0,175.2,4.95,1766,9.103092783505154,72,1,6,137,139,3.4776288659793813,12.75,0.21,1,2011-01-17 11:57:00,2011-10-20 11:47:00,51,275,612.1433333333333,294.3333333333333,22.833333333333332,0.6
15297,641.94,16.46,15.8,27.04,9.899999999999999,292,7.487179487179487,16,2,3,30,30,2.7343589743589742,8.5,0.83,1,2011-10-07 09:42:00,2011-11-29 16:32:00,10,53,213.98000000000002,97.33333333333333,10.0,0.5
15298,4799.9,24.999479166666664,17.700000000000003,990.0,4.68,3116,16.229166666666668,360,2,12,115,118,2.3919270833333335,9.95,0.1,1,2010-12-08 13:55:00,2011-12-07 17:17:00,2,364,399.9916666666666,259.6666666666667,9.583333333333334,0.14285714285714285
15299,4507.01,643.8585714285715,600.0,1003.2,303.96,2948,421.14285714285717,1824,1,7,7,7,88.51571428571428,600.0,0.55,1,2010-12-02 16:48:00,2011-10-03 14:19:00,67,304,643.8585714285715,421.14285714285717,1.0,0.45454545454545453
15300,496.44,17.73,17.17,34.8,9.9,292,10.428571428571429,24,2,1,28,28,2.862142857142857,12.5,0.55,1,2011-10-06 17:08:00,2011-10-06 17:08:00,64,0,496.44,292.0,28.0,0.0
15301,5070.35,20.865637860082305,15.9,622.5,5.04,2775,11.419753086419753,150,2,12,167,167,3.0046090534979424,12.75,0.42,1,2010-12-06 12:21:00,2011-10-20 09:57:00,51,317,422.5291666666667,231.25,13.916666666666666,0.2857142857142857
15303,574.02,18.516774193548386,15.6,35.400000000000006,10.2,248,8.0,12,1,1,31,31,3.8406451612903227,15.95,0.85,1,2011-02-22 13:59:00,2011-02-22 13:59:00,290,0,574.02,248.0,31.0,0.0
15304,694.4000000000001,30.19130434782609,19.8,76.5,13.0,104,4.521739130434782,8,2,8,8,8,7.467391304347826,12.75,2.95,1,2010-12-06 11:42:00,2011-10-10 10:23:00,61,307,86.80000000000001,13.0,1.0,0.3
15306,1174.35,20.247413793103448,17.55,102.0,5.04,810,13.96551724137931,72,2,3,57,57,2.6510344827586207,9.95,0.39,1,2011-07-14 15:22:00,2011-10-06 12:56:00,64,83,391.45,270.0,19.0,0.0
15307,205.3,17.108333333333334,17.150000000000002,22.5,12.5,37,3.0833333333333335,6,1,1,12,12,6.745833333333334,12.5,2.95,1,2011-09-05 11:38:00,2011-09-05 11:38:00,96,0,205.3,37.0,12.0,0.0
15308,310.47,16.340526315789475,15.299999999999999,25.5,10.2,175,9.210526315789474,48,2,1,19,19,4.0336842105263155,12.75,0.29,1,2011-03-10 13:08:00,2011-03-10 13:08:00,274,0,310.47,175.0,19.0,1.0
15311,60767.9,25.543463640184953,5.95,408.0,0.21,38194,16.05464480874317,288,1,91,567,576,2.506036149642707,14.95,0.12,1,2010-12-01 09:41:00,2011-12-09 12:00:00,1,373,667.7791208791209,419.7142857142857,6.230769230769231,0.9491525423728814
15312,924.85,19.677659574468084,15.0,81.6,5.04,516,10.97872340425532,32,3,4,42,42,2.3721276595744683,4.95,0.42,1,2010-12-20 12:51:00,2011-09-25 13:10:00,75,279,231.2125,129.0,10.5,0.2
15313,52.0,52.0,52.0,52.0,52.0,25,25.0,25,25,1,1,1,2.08,2.08,2.08,1,2011-08-21 16:02:00,2011-08-21 16:02:00,110,0,52.0,25.0,1.0,0.0
15314,327.97,13.665416666666667,15.0,25.200000000000003,2.2800000000000002,313,13.041666666666666,48,2,1,24,24,1.71375,5.95,0.19,1,2011-05-24 14:39:00,2011-05-24 14:39:00,199,0,327.97,313.0,24.0,0.0
15315,570.5,15.41891891891892,15.0,34.8,4.68,862,23.2972972972973,96,6,2,35,35,0.8824324324324324,2.95,0.19,1,2011-08-15 15:17:00,2011-10-06 12:51:00,64,51,285.25,431.0,17.5,0.3333333333333333
15316,165.0,165.0,165.0,165.0,165.0,100,100.0,100,100,1,1,1,1.65,1.65,1.65,1,2011-01-17 11:34:00,2011-01-17 11:34:00,327,0,165.0,100.0,1.0,0.0
15318,312.62,9.473333333333333,9.36,47.400000000000006,3.4799999999999995,642,19.454545454545453,36,12,1,33,33,0.5857575757575758,3.95,0.19,1,2011-12-06 11:30:00,2011-12-06 11:30:00,4,0,312.62,642.0,33.0,0.0
15319,204.5,12.78125,10.5,25.5,7.800000000000001,175,10.9375,25,2,1,16,16,3.24125,12.75,0.42,1,2011-03-01 12:48:00,2011-03-01 12:48:00,284,0,204.5,175.0,16.0,0.0
15320,267.13,7.420277777777778,5.925000000000001,69.6,1.17,326,9.055555555555555,240,1,1,36,36,3.0636111111111113,8.5,0.29,1,2011-10-26 13:27:00,2011-10-26 13:27:00,44,0,267.13,326.0,36.0,0.0
15321,2748.31,28.92957894736842,25.200000000000003,92.5,10.08,1181,12.43157894736842,50,2,3,83,84,3.425684210526316,14.95,0.29,1,2011-02-21 11:10:00,2011-09-30 09:40:00,71,220,916.1033333333334,393.6666666666667,27.666666666666668,2.75
15322,679.68,16.18285714285714,15.0,40.56,8.5,416,9.904761904761905,48,2,1,42,42,3.1121428571428575,11.95,0.29,1,2011-09-15 09:34:00,2011-09-15 09:34:00,86,0,679.68,416.0,42.0,3.5
15325,162.29,3.3120408163265305,1.65,20.4,0.39,232,4.73469387755102,25,1,1,47,47,1.089591836734694,5.75,0.39,1,2011-08-28 11:55:00,2011-08-28 11:55:00,104,0,162.29,232.0,47.0,0.0
15326,311.71,10.748620689655171,10.5,27.04,5.04,386,13.310344827586206,25,3,1,29,29,1.4520689655172414,4.95,0.29,1,2011-01-10 11:38:00,2011-01-10 11:38:00,334,0,311.71,386.0,29.0,0.0
15327,208.75,20.875,17.4,38.25,10.2,116,11.6,25,2,1,10,10,4.397,12.75,0.42,1,2011-10-18 11:55:00,2011-10-18 11:55:00,53,0,208.75,116.0,10.0,0.0
15329,1049.7,18.41578947368421,16.6,76.5,5.04,486,8.526315789473685,25,2,3,51,52,3.6938596491228073,12.75,0.42,1,2011-06-21 10:37:00,2011-10-31 15:36:00,39,132,349.90000000000003,162.0,17.0,1.0
15330,714.96,54.99692307692308,37.44,254.4,2.88,1312,100.92307692307692,240,24,2,10,10,0.5607692307692308,1.45,0.06,1,2011-10-10 12:30:00,2011-11-07 17:50:00,32,28,357.48,656.0,5.0,0.0
15332,1661.06,47.45885714285714,45.0,122.39999999999999,13.2,652,18.62857142857143,48,6,4,29,29,2.841142857142857,5.95,1.25,1,2010-12-05 12:00:00,2010-12-08 14:43:00,366,3,415.265,163.0,7.25,0.0
15333,1028.56,64.285,26.0,180.0,3.75,344,21.5,48,1,1,16,16,2.96375,3.75,0.85,1,2011-05-15 13:27:00,2011-05-15 13:27:00,208,0,1028.56,344.0,16.0,0.0
15334,351.67,3.5522222222222224,2.5,20.650000000000002,0.29,274,2.7676767676767677,12,1,3,67,67,1.4963636363636361,9.95,0.29,1,2011-06-19 13:51:00,2011-07-06 11:22:00,157,16,117.22333333333334,91.33333333333333,22.333333333333332,0.0
15335,173.97,4.8325,3.75,15.0,0.29,80,2.2222222222222223,12,1,1,34,34,2.816388888888889,8.5,0.29,1,2011-10-17 12:50:00,2011-10-17 12:50:00,54,0,173.97,80.0,34.0,0.0
15339,574.07,6.675232558139536,6.125,23.6,0.39,416,4.837209302325581,64,1,2,77,77,2.373953488372093,8.5,0.19,1,2011-01-25 13:15:00,2011-10-04 12:51:00,66,251,287.035,208.0,38.5,0.6666666666666666
15341,2020.52,118.85411764705883,102.0,180.0,69.36,812,47.76470588235294,100,24,1,17,17,2.9717647058823533,4.25,1.79,1,2011-09-20 09:40:00,2011-09-20 09:40:00,81,0,2020.52,812.0,17.0,0.0
15342,406.09,16.920416666666664,15.149999999999999,30.599999999999998,9.36,283,11.791666666666666,24,1,1,24,24,2.368333333333333,14.95,0.39,1,2011-08-02 10:19:00,2011-08-02 10:19:00,130,0,406.09,283.0,24.0,1.0
15343,364.5,17.357142857142858,16.5,31.8,5.8,84,4.0,12,2,1,21,21,6.39047619047619,12.75,1.25,1,2011-09-13 13:55:00,2011-09-13 13:55:00,87,0,364.5,84.0,21.0,0.0
15344,563.94,21.69,19.275,51.0,6.959999999999999,116,4.461538461538462,24,2,3,21,21,7.559230769230769,14.95,0.29,1,2011-09-26 14:48:00,2011-12-09 10:45:00,1,73,187.98000000000002,38.666666666666664,7.0,1.2
15345,393.54,19.677,18.75,30.0,11.5,81,4.05,12,1,1,20,20,7.730499999999999,19.95,1.25,1,2011-10-25 11:28:00,2011-10-25 11:28:00,46,0,393.54,81.0,20.0,1.5
15346,252.42000000000002,14.848235294117648,15.299999999999999,19.75,5.04,144,8.470588235294118,24,3,1,17,17,2.5700000000000003,5.95,0.42,1,2011-01-11 11:18:00,2011-01-11 11:18:00,333,0,252.42000000000002,144.0,17.0,0.0
15347,201.60000000000002,40.32000000000001,21.0,120.0,17.700000000000003,130,26.0,96,6,1,5,5,2.2700000000000005,2.95,1.25,1,2010-12-08 15:25:00,2010-12-08 15:25:00,366,0,201.60000000000002,130.0,5.0,0.0
15348,158.04,17.56,15.0,30.0,5.04,84,9.333333333333334,12,6,1,9,9,2.1133333333333333,3.75,0.42,1,2011-09-28 13:17:00,2011-09-28 13:17:00,72,0,158.04,84.0,9.0,0.0
15349,473.81,6.580694444444444,5.04,38.25,0.42,327,4.541666666666667,45,1,2,65,66,2.9402777777777778,12.5,0.39,1,2011-06-05 15:46:00,2011-07-04 16:06:00,158,29,236.905,163.5,32.5,0.0
15350,115.65,23.130000000000003,25.200000000000003,25.200000000000003,14.850000000000001,51,10.2,12,3,1,5,5,2.6700000000000004,4.95,2.1,1,2010-12-01 13:33:00,2010-12-01 13:33:00,373,0,115.65,51.0,5.0,0.0
15351,1960.1100000000001,8.7116,4.25,50.400000000000006,0.42,753,3.3466666666666667,24,1,7,157,160,2.8291555555555554,14.95,0.42,1,2010-12-05 11:49:00,2011-11-27 12:52:00,12,357,280.0157142857143,107.57142857142857,22.428571428571427,0.8
15353,777.02,12.333650793650794,8.850000000000001,76.5,0.95,343,5.444444444444445,24,1,2,59,59,3.312857142857143,12.75,0.42,1,2010-12-07 11:49:00,2011-03-30 12:15:00,255,113,388.51,171.5,29.5,0.0
15355,277.05,19.789285714285715,20.825000000000003,47.7,4.95,45,3.2142857142857144,6,1,2,9,9,6.114285714285715,8.25,2.95,1,2011-10-17 15:22:00,2011-11-10 13:44:00,29,23,138.525,22.5,4.5,0.0
15356,2766.5,5.330443159922929,4.2,35.400000000000006,0.29,1673,3.2235067437379574,30,1,10,215,217,1.9985356454720618,9.95,0.29,1,2010-12-06 14:05:00,2011-11-08 13:11:00,31,336,276.65,167.3,21.5,0.0
15358,8347.2,15.149183303085302,15.0,79.0,4.68,7050,12.79491833030853,240,1,22,292,302,1.9899274047186934,12.75,0.21,1,2010-12-09 10:04:00,2011-12-05 09:04:00,5,360,379.41818181818184,320.45454545454544,13.272727272727273,0.3448275862068966
15360,427.93,32.917692307692306,30.0,50.400000000000006,10.08,223,17.153846153846153,24,6,1,13,13,2.3515384615384614,4.95,0.42,1,2011-10-31 09:35:00,2011-10-31 09:35:00,40,0,427.93,223.0,13.0,0.0
15361,418.92,59.84571428571429,30.0,203.52,10.2,336,48.0,192,12,1,7,7,1.3442857142857143,2.1,0.85,1,2010-12-13 09:52:00,2010-12-13 09:52:00,362,0,418.92,336.0,7.0,0.0
15363,326.0,20.375,17.700000000000003,39.599999999999994,10.2,144,9.0,24,2,1,16,16,2.9875000000000003,7.95,0.85,1,2010-12-02 12:28:00,2010-12-02 12:28:00,373,0,326.0,144.0,16.0,0.5
15364,913.19,31.489310344827587,15.299999999999999,237.60000000000002,9.36,493,17.0,48,4,2,29,29,1.9779310344827585,4.95,0.39,1,2011-03-30 13:39:00,2011-09-05 09:46:00,96,158,456.595,246.5,14.5,0.0
15365,2314.32,20.301052631578948,15.299999999999999,99.60000000000001,7.4399999999999995,1084,9.508771929824562,25,2,7,65,65,3.088421052631579,11.95,0.42,1,2011-01-28 13:08:00,2011-11-14 08:29:00,26,289,330.6171428571429,154.85714285714286,9.285714285714286,4.111111111111111
15366,602.51,13.69340909090909,14.25,30.0,5.04,621,14.113636363636363,50,1,2,37,37,2.4736363636363636,12.75,0.42,1,2010-12-16 15:59:00,2011-09-25 15:01:00,75,282,301.255,310.5,18.5,0.0
15367,1877.59,19.764105263157894,17.4,71.4,8.5,1057,11.126315789473685,48,1,4,91,91,2.9531578947368424,12.75,0.29,1,2011-03-09 13:53:00,2011-10-13 14:13:00,57,218,469.3975,264.25,22.75,0.2
15368,446.94000000000005,111.73500000000001,75.60000000000001,279.24,16.5,230,57.5,156,2,1,4,4,3.56,8.25,1.79,1,2011-11-18 14:42:00,2011-11-18 14:42:00,21,0,446.94000000000005,230.0,4.0,0.0
15370,2386.05,25.383510638297874,17.700000000000003,262.79999999999995,5.04,830,8.829787234042554,24,2,7,65,65,3.799255319148936,14.95,0.42,1,2011-01-11 11:32:00,2011-10-30 10:58:00,41,291,340.86428571428576,118.57142857142857,9.285714285714286,0.125
15372,2007.3999999999999,74.34814814814814,60.48,179.0,30.24,2924,108.29629629629629,288,48,1,27,27,0.8248148148148148,1.85,0.21,1,2011-07-25 16:39:00,2011-07-25 16:39:00,137,0,2007.3999999999999,2924.0,27.0,0.0
15373,2415.91,18.302348484848483,15.8,102.0,0.42,500,3.787878787878788,24,1,12,74,75,5.201363636363637,29.95,0.19,1,2010-12-03 14:40:00,2011-12-01 15:05:00,8,363,201.32583333333332,41.666666666666664,6.166666666666667,0.38461538461538464
15374,168.0,56.0,51.0,91.8,25.200000000000003,126,42.0,108,6,1,3,3,3.8166666666666664,8.5,0.85,1,2011-08-03 09:59:00,2011-08-03 09:59:00,129,0,168.0,126.0,3.0,0.0
15376,1233.3600000000001,10.541538461538462,9.95,34.8,1.95,619,5.2905982905982905,24,1,3,100,100,2.8952991452991452,21.95,0.39,1,2011-05-01 13:45:00,2011-10-30 15:04:00,40,182,411.12000000000006,206.33333333333334,33.333333333333336,0.0
15379,3703.29,19.089123711340207,17.4,70.80000000000001,4.5600000000000005,2305,11.881443298969073,100,2,7,145,146,2.5399484536082473,12.75,0.1,1,2010-12-16 13:02:00,2011-06-23 13:13:00,169,189,529.0414285714286,329.2857142857143,20.714285714285715,0.25
15380,1690.2600000000002,46.951666666666675,19.31,230.10000000000002,15.0,376,10.444444444444445,78,2,5,22,22,6.140555555555555,9.95,0.39,1,2010-12-09 15:01:00,2011-12-01 12:13:00,9,356,338.052,75.2,4.4,0.16666666666666666
15381,596.85,74.60625,37.5,314.55,17.700000000000003,171,21.375,48,6,2,8,8,6.2,34.95,1.45,1,2011-03-16 13:44:00,2011-05-10 11:55:00,214,54,298.425,85.5,4.0,0.0
15382,5955.71,19.7208940397351,16.6,71.4,4.9799999999999995,4012,13.28476821192053,144,1,6,193,200,2.4367549668874173,16.95,0.29,1,2011-02-17 12:01:00,2011-11-25 10:58:00,15,280,992.6183333333333,668.6666666666666,32.166666666666664,0.5
15384,642.41,15.668536585365853,14.850000000000001,39.6,5.04,596,14.536585365853659,36,2,2,34,34,1.8617073170731706,9.95,0.29,1,2010-12-15 11:34:00,2011-06-23 10:57:00,170,189,321.205,298.0,17.0,0.6666666666666666
15385,316.88,26.406666666666666,12.48,157.92000000000002,10.2,161,13.416666666666666,48,2,1,12,12,2.22,8.25,0.42,1,2011-10-30 15:11:00,2011-10-30 15:11:00,40,0,316.88,161.0,12.0,0.0
15386,394.14,12.714193548387096,14.850000000000001,23.400000000000002,5.04,446,14.387096774193548,36,3,1,31,31,1.3864516129032256,4.95,0.42,1,2011-06-06 13:47:00,2011-06-06 13:47:00,186,0,394.14,446.0,31.0,0.0
15388,140.54,14.053999999999998,13.06,23.4,9.899999999999999,88,8.8,16,4,1,10,10,2.0629999999999997,4.95,0.65,1,2011-03-14 13:53:00,2011-03-14 13:53:00,270,0,140.54,88.0,10.0,0.0
15389,500.0,500.0,500.0,500.0,500.0,400,400.0,400,400,1,1,1,1.25,1.25,1.25,1,2011-06-20 16:18:00,2011-06-20 16:18:00,172,0,500.0,400.0,1.0,0.0
15392,1535.53,18.280119047619046,15.0,83.4,2.88,1277,15.202380952380953,72,1,4,74,74,2.1430952380952384,16.95,0.12,1,2010-12-14 15:50:00,2011-12-05 11:01:00,5,355,383.8825,319.25,18.5,0.2
15393,231.86,19.32166666666667,21.0,40.56,7.800000000000001,150,12.5,24,6,2,10,10,1.5783333333333334,2.1,0.65,1,2011-03-03 16:58:00,2011-11-23 16:48:00,16,264,115.93,75.0,5.0,0.0
15394,2183.54,25.68870588235294,20.8,76.5,13.0,910,10.705882352941176,40,2,4,54,56,3.2396470588235293,12.75,0.79,1,2010-12-16 12:46:00,2011-11-30 11:49:00,10,348,545.885,227.5,13.5,0.0
15395,107.45,15.35,14.850000000000001,17.85,13.5,17,2.4285714285714284,3,2,1,7,7,6.542857142857143,8.5,4.95,1,2011-01-18 12:40:00,2011-01-18 12:40:00,326,0,107.45,17.0,7.0,0.0
15396,288.18,20.584285714285716,15.0,68.0,5.04,122,8.714285714285714,24,2,1,14,14,3.599285714285714,8.5,0.42,1,2011-08-19 10:56:00,2011-08-19 10:56:00,113,0,288.18,122.0,14.0,0.0
15397,94.0,15.666666666666666,15.4,17.85,13.5,20,3.3333333333333335,4,2,1,6,6,4.933333333333334,6.75,3.75,1,2011-02-23 09:25:00,2011-02-23 09:25:00,290,0,94.0,20.0,6.0,0.0
15398,1345.53,18.43191780821918,17.4,35.7,8.4,769,10.534246575342467,24,2,2,60,60,2.694794520547945,12.75,0.39,1,2011-09-22 14:56:00,2011-11-23 16:47:00,16,62,672.765,384.5,30.0,0.3333333333333333
15399,815.77,16.3154,16.5,49.92,4.68,611,12.22,72,2,3,45,45,1.9098,5.95,0.39,1,2011-09-21 15:57:00,2011-12-08 13:04:00,1,77,271.92333333333335,203.66666666666666,15.0,0.0
15400,716.2,59.68333333333334,62.2,105.0,10.2,390,32.5,72,12,5,10,10,2.1041666666666665,5.95,0.85,1,2011-03-06 11:27:00,2011-09-08 13:57:00,92,186,143.24,78.0,2.0,0.16666666666666666
15402,626.77,14.923095238095238,11.9,45.36,0.42,694,16.523809523809526,216,1,2,35,35,3.5076190476190474,9.95,0.21,1,2011-05-27 13:32:00,2011-07-14 12:17:00,149,47,313.385,347.0,17.5,0.0
15405,349.1,43.6375,29.1,102.0,5.04,193,24.125,96,2,1,8,8,3.6,8.5,0.42,1,2011-06-03 14:44:00,2011-06-03 14:44:00,189,0,349.1,193.0,8.0,0.0
15406,510.71000000000004,9.636037735849058,6.300000000000001,47.7,0.95,254,4.7924528301886795,48,1,2,51,51,3.2645283018867928,9.95,0.19,1,2011-02-11 16:19:00,2011-11-08 13:22:00,31,269,255.35500000000002,127.0,25.5,1.25
15407,1056.44,6.90483660130719,2.89,195.0,0.39,558,3.6470588235294117,48,1,4,142,142,3.8966666666666665,195.0,0.25,1,2011-02-07 13:18:00,2011-11-06 11:55:00,34,271,264.11,139.5,35.5,0.0
15408,267.18,7.858235294117647,5.9,22.5,1.3,106,3.1176470588235294,18,1,1,34,34,4.476176470588236,16.95,0.29,1,2011-03-20 15:02:00,2011-03-20 15:02:00,264,0,267.18,106.0,34.0,0.0
15410,3450.84,28.285573770491805,19.91,118.80000000000001,7.800000000000001,1200,9.836065573770492,40,2,8,48,48,3.8858196721311473,12.75,0.42,1,2011-03-23 10:15:00,2011-09-16 14:47:00,84,177,431.355,150.0,6.0,0.0
15411,1358.88,13.726060606060607,14.75,51.0,2.08,530,5.353535353535354,36,1,4,86,86,4.114242424242424,12.75,0.19,1,2011-06-10 12:30:00,2011-11-13 15:19:00,26,156,339.72,132.5,21.5,0.2
15412,190.53,19.053,9.2,102.0,1.45,108,10.8,72,1,1,10,10,3.471,8.5,0.39,1,2011-06-21 15:24:00,2011-06-21 15:24:00,171,0,190.53,108.0,10.0,0.0
15414,774.9000000000001,19.86923076923077,17.700000000000003,59.400000000000006,2.5,443,11.35897435897436,72,1,3,37,37,3.2115384615384617,15.0,0.12,1,2011-04-11 13:45:00,2011-11-30 09:50:00,10,232,258.3,147.66666666666666,12.333333333333334,0.0
15415,572.8100000000001,11.933541666666668,12.5,31.200000000000003,1.9,575,11.979166666666666,48,1,1,46,46,1.7456250000000002,8.5,0.29,1,2011-01-30 14:13:00,2011-01-30 14:13:00,313,0,572.8100000000001,575.0,46.0,0.0
15416,3984.32,20.75166666666667,17.4,153.0,5.04,2090,10.885416666666666,48,2,4,165,165,3.266666666666667,15.95,0.29,1,2011-03-02 08:41:00,2011-10-06 09:38:00,65,218,996.08,522.5,41.25,0.2
15417,508.8,18.17142857142857,16.5,20.8,13.200000000000001,284,10.142857142857142,24,6,1,28,28,1.8735714285714287,2.95,0.55,1,2011-09-15 15:26:00,2011-09-15 15:26:00,85,0,508.8,284.0,28.0,0.0
15419,135.86,16.9825,15.45,36.0,9.36,230,28.75,100,4,1,8,8,1.3112499999999998,4.25,0.36,1,2011-11-15 09:23:00,2011-11-15 09:23:00,25,0,135.86,230.0,8.0,0.0
15421,950.36,17.93132075471698,17.700000000000003,31.8,5.04,500,9.433962264150944,48,2,4,40,42,2.674150943396226,7.95,0.29,1,2011-02-02 14:36:00,2011-10-12 09:20:00,59,251,237.59,125.0,10.0,0.0
15422,97.7,16.283333333333335,16.15,22.5,10.2,38,6.333333333333333,12,4,2,6,6,3.016666666666667,4.25,0.85,1,2011-01-20 14:17:00,2011-01-20 16:17:00,323,0,48.85,19.0,3.0,0.0
15423,43.5,21.75,21.75,36.0,7.5,101,50.5,100,1,1,2,2,3.93,7.5,0.36,1,2011-11-01 14:01:00,2011-11-01 14:01:00,38,0,43.5,101.0,2.0,0.0
15424,383.34,22.54941176470588,18.72,60.48,4.5600000000000005,554,32.588235294117645,288,4,2,17,17,1.7388235294117649,4.95,0.19,1,2011-03-30 13:00:00,2011-03-30 13:02:00,254,0,191.67,277.0,8.5,0.0
15426,1447.39,4.956815068493151,3.3,81.36,0.14,674,2.308219178082192,24,1,5,217,219,2.6877739726027396,25.0,0.14,1,2010-12-05 13:55:00,2011-11-20 15:36:00,19,350,289.478,134.8,43.4,1.1428571428571428
15427,1483.14,4.84686274509804,3.3899999999999997,34.68,0.19,1013,3.310457516339869,48,1,3,233,233,2.1190522875816993,12.5,0.19,1,2011-10-23 14:47:00,2011-11-06 14:29:00,33,13,494.38000000000005,337.6666666666667,77.66666666666667,0.0
15428,93.78,15.63,17.700000000000003,22.5,6.959999999999999,102,17.0,48,6,1,6,6,1.8633333333333333,3.75,0.29,1,2011-11-24 16:54:00,2011-11-24 16:54:00,15,0,93.78,102.0,6.0,0.0
15429,397.35,4.845731707317073,2.895,35.400000000000006,0.39,380,4.634146341463414,48,1,2,77,77,2.0679268292682926,12.5,0.29,1,2011-09-25 13:42:00,2011-11-13 12:28:00,27,48,198.675,190.0,38.5,0.3333333333333333
15432,171.19,17.119,16.35,30.599999999999998,10.14,65,6.5,12,3,1,10,10,2.909,5.95,1.69,1,2011-11-16 16:30:00,2011-11-16 16:30:00,23,0,171.19,65.0,10.0,0.0
15433,533.3,13.00731707317073,13.200000000000001,16.5,6.959999999999999,534,13.024390243902438,24,5,2,40,40,1.2573170731707317,2.95,0.29,1,2011-03-17 14:12:00,2011-05-10 10:45:00,214,53,266.65,267.0,20.0,4.0
15434,1041.48,18.936,15.299999999999999,60.0,9.959999999999999,647,11.763636363636364,48,1,5,40,40,3.250181818181818,12.5,0.42,1,2011-05-23 14:18:00,2011-12-01 13:33:00,8,191,208.296,129.4,8.0,0.6666666666666666
15435,149.29,5.147931034482759,4.95,12.5,1.58,54,1.8620689655172413,6,1,1,29,29,3.7351724137931037,12.5,0.55,1,2011-11-17 16:39:00,2011-11-17 16:39:00,22,0,149.29,54.0,29.0,0.0
15436,1122.53,3.4119452887537993,2.1,22.5,0.12,613,1.8632218844984803,24,1,3,243,244,2.1387841945288755,10.95,0.12,1,2011-04-19 16:52:00,2011-11-27 16:05:00,12,221,374.1766666666667,204.33333333333334,81.0,0.0
15437,200.16,4.4479999999999995,3.3,22.95,0.39,79,1.7555555555555555,9,1,1,44,44,2.845333333333333,8.5,0.39,1,2011-03-22 13:11:00,2011-03-22 13:11:00,262,0,200.16,79.0,44.0,0.0
15438,156.57999999999998,6.263199999999999,5.1,17.4,1.58,59,2.36,12,1,1,25,25,3.5376,10.95,0.65,1,2011-07-31 14:19:00,2011-07-31 14:19:00,131,0,156.57999999999998,59.0,25.0,0.0
15440,383.68,6.188387096774194,3.4,42.5,0.79,197,3.1774193548387095,16,1,3,50,50,2.338709677419355,8.5,0.42,1,2011-05-15 11:30:00,2011-10-16 12:16:00,55,154,127.89333333333333,65.66666666666667,16.666666666666668,0.0
15442,594.0,297.0,297.0,297.0,297.0,120,60.0,60,60,1,2,2,4.95,4.95,4.95,1,2011-04-05 12:24:00,2011-04-05 12:24:00,249,0,594.0,120.0,2.0,0.0
15443,3236.91,8.473586387434555,6.6,50.150000000000006,0.39,1663,4.353403141361256,36,1,7,237,238,2.966649214659686,16.95,0.29,1,2011-01-23 13:25:00,2011-12-08 10:40:00,2,318,462.4157142857143,237.57142857142858,33.857142857142854,0.375
15444,1418.26,6.476073059360731,5.1,27.04,0.65,764,3.4885844748858448,26,1,2,191,191,2.800821917808219,12.75,0.12,1,2011-10-30 16:12:00,2011-11-30 17:37:00,9,31,709.13,382.0,95.5,0.0
15445,113.5,22.7,20.4,30.0,17.700000000000003,58,11.6,24,2,1,5,5,5.55,12.75,0.85,1,2011-03-20 15:06:00,2011-03-20 15:06:00,264,0,113.5,58.0,5.0,0.0
15447,155.17,17.24111111111111,17.700000000000003,25.5,10.2,85,9.444444444444445,16,2,1,9,9,3.121111111111111,12.75,0.65,1,2011-01-13 11:26:00,2011-01-13 11:26:00,331,0,155.17,85.0,9.0,0.0
15448,494.64,17.665714285714284,15.299999999999999,34.8,10.2,232,8.285714285714286,24,2,1,28,28,3.5778571428571424,14.95,0.85,1,2011-01-31 10:42:00,2011-01-31 10:42:00,313,0,494.64,232.0,28.0,0.0
15449,974.52,16.242,15.0,31.200000000000003,6.72,812,13.533333333333333,48,2,3,47,47,1.901166666666667,9.95,0.29,1,2011-03-23 10:43:00,2011-11-13 15:02:00,26,235,324.84,270.6666666666667,15.666666666666666,0.4
15450,429.84,14.328,13.52,27.0,5.8,376,12.533333333333333,24,2,1,30,30,2.1726666666666667,12.5,0.29,1,2011-11-09 17:11:00,2011-11-09 17:11:00,30,0,429.84,376.0,30.0,0.0
15452,538.73,9.28844827586207,6.6,25.200000000000003,0.42,283,4.879310344827586,12,1,3,47,46,2.589827586206897,14.95,0.19,1,2011-03-20 15:21:00,2011-11-10 12:13:00,30,234,179.57666666666668,94.33333333333333,15.666666666666666,0.0
15453,1388.37,4.854440559440559,3.295,30.0,0.29,845,2.9545454545454546,24,1,7,169,170,2.5453146853146853,14.95,0.29,1,2011-06-05 12:37:00,2011-12-08 10:59:00,2,185,198.3385714285714,120.71428571428571,24.142857142857142,0.0
15454,179.1,7.164,5.9,21.9,0.95,86,3.44,12,1,1,23,23,2.782,10.95,0.85,1,2010-12-12 14:21:00,2010-12-12 14:21:00,362,0,179.1,86.0,23.0,0.0
15456,447.22,7.453666666666667,6.300000000000001,30.24,0.63,660,11.0,144,1,3,48,48,1.605,12.75,0.19,1,2010-12-15 15:34:00,2011-03-01 13:51:00,283,75,149.07333333333335,220.0,16.0,0.0
15457,237.07,4.087413793103448,3.3,19.9,0.58,132,2.2758620689655173,6,1,1,56,56,1.8825862068965518,9.95,0.29,1,2011-03-22 15:31:00,2011-03-22 15:31:00,262,0,237.07,132.0,56.0,0.0
15458,161.64,23.09142857142857,19.919999999999998,39.599999999999994,15.0,156,22.285714285714285,48,12,1,7,7,1.2242857142857144,1.95,0.39,1,2011-11-14 13:08:00,2011-11-14 13:08:00,25,0,161.64,156.0,7.0,0.0
15460,216.76,3.7372413793103445,2.75,13.2,0.55,109,1.8793103448275863,24,1,1,53,53,2.828275862068965,12.75,0.29,1,2010-12-20 16:08:00,2010-12-20 16:08:00,354,0,216.76,109.0,53.0,0.0
15462,234.6,21.327272727272728,15.0,45.0,15.0,172,15.636363636363637,36,4,3,9,9,1.55,3.75,1.25,1,2011-06-05 15:36:00,2011-09-06 13:11:00,94,92,78.2,57.333333333333336,3.0,0.0
15463,126.14,18.02,15.8,30.599999999999998,6.84,106,15.142857142857142,36,4,1,7,7,1.8557142857142856,3.95,0.19,1,2011-11-10 12:57:00,2011-11-10 12:57:00,29,0,126.14,106.0,7.0,0.0
15464,1048.85,6.680573248407643,4.25,59.9,0.65,350,2.229299363057325,20,1,1,155,154,4.210891719745223,39.95,0.65,1,2011-01-05 15:56:00,2011-01-05 15:56:00,338,0,1048.85,350.0,155.0,0.0
15465,7354.62,75.82082474226804,29.849999999999998,525.5999999999999,7.5,1257,12.958762886597938,120,1,18,43,43,6.698762886597938,14.95,1.25,1,2010-12-05 10:12:00,2011-11-20 10:11:00,20,349,408.59,69.83333333333333,2.388888888888889,0.2916666666666667
15466,334.53,5.868947368421052,4.2,19.8,0.42,246,4.315789473684211,12,1,1,56,56,1.9087719298245613,9.95,0.3,1,2011-09-15 14:08:00,2011-09-15 14:08:00,85,0,334.53,246.0,56.0,0.0
15467,524.88,10.093846153846155,7.5,46.8,1.25,310,5.961538461538462,24,1,3,41,41,2.2582692307692307,24.95,0.42,1,2011-07-10 14:42:00,2011-11-30 14:17:00,9,142,174.96,103.33333333333333,13.666666666666666,0.25
15468,467.51,19.479583333333334,19.799999999999997,25.200000000000003,13.28,155,6.458333333333333,16,2,2,24,24,4.485833333333333,10.4,0.83,1,2011-10-19 13:38:00,2011-10-19 13:49:00,51,0,233.755,77.5,12.0,1.0
15469,538.55,22.43958333333333,18.795,83.2,9.959999999999999,153,6.375,24,2,2,24,24,6.004166666666666,20.8,0.55,1,2011-08-11 16:54:00,2011-10-20 16:21:00,50,69,269.275,76.5,12.0,0.75
15471,469.48,6.097142857142857,3.75,81.6,0.55,266,3.4545454545454546,32,1,1,67,67,1.9992207792207792,8.5,0.39,1,2011-12-07 14:12:00,2011-12-07 14:12:00,2,0,469.48,266.0,67.0,0.0
15472,371.56,4.888947368421053,3.9250000000000003,16.6,0.6,251,3.3026315789473686,9,1,1,76,76,2.2892105263157894,9.95,0.12,1,2011-08-18 15:17:00,2011-08-18 15:17:00,113,0,371.56,251.0,76.0,0.0
15473,1771.2,161.01818181818183,163.2,306.0,102.0,672,61.09090909090909,120,40,7,4,4,2.659090909090909,3.75,2.55,1,2011-10-10 11:12:00,2011-11-25 15:15:00,14,46,253.02857142857144,96.0,0.5714285714285714,0.3
15475,454.10999999999996,15.658965517241377,15.0,47.8,9.959999999999999,319,11.0,12,3,1,29,29,1.8268965517241378,11.95,0.83,1,2011-09-23 15:20:00,2011-09-23 15:20:00,77,0,454.10999999999996,319.0,29.0,0.0
15478,1441.42,31.33521739130435,21.65,118.8,1.25,585,12.717391304347826,72,1,2,34,34,3.5232608695652172,12.5,0.39,1,2011-10-14 11:09:00,2011-10-30 14:19:00,40,16,720.71,292.5,17.0,0.0
15480,905.5,20.122222222222224,16.6,89.25,2.2800000000000002,303,6.733333333333333,25,2,1,45,45,4.2637777777777774,15.95,0.19,1,2011-08-15 14:32:00,2011-08-15 14:32:00,116,0,905.5,303.0,45.0,0.0
15482,11054.96,112.80571428571427,90.0,716.4,12.0,5020,51.224489795918366,288,1,12,46,47,3.8308163265306123,40.0,0.4,1,2010-12-16 10:08:00,2011-11-24 10:46:00,16,343,921.2466666666666,418.3333333333333,3.8333333333333335,1.8125
15483,233.81,2.656931818181818,1.9500000000000002,17.4,0.19,295,3.352272727272727,48,1,4,74,74,1.6330681818181818,8.5,0.14,1,2011-03-18 12:26:00,2011-07-01 13:07:00,161,105,58.4525,73.75,18.5,0.0
15484,3594.31,19.118670212765956,13.100000000000001,118.80000000000001,1.25,3152,16.76595744680851,288,1,4,135,135,2.175478723404255,14.95,0.21,1,2011-09-22 13:31:00,2011-12-08 15:03:00,1,77,898.5775,788.0,33.75,0.2
15485,2575.0,29.941860465116278,26.189999999999998,204.0,1.25,1306,15.186046511627907,80,1,3,59,59,3.181627906976744,9.95,0.42,1,2010-12-01 13:23:00,2011-11-09 14:31:00,30,343,858.3333333333334,435.3333333333333,19.666666666666668,0.0
15488,91.32000000000001,45.660000000000004,45.660000000000004,76.32000000000001,15.0,73,36.5,72,1,1,2,2,8.03,15.0,1.06,1,2011-09-08 10:11:00,2011-09-08 10:11:00,93,0,91.32000000000001,73.0,2.0,0.0
15489,1134.28,22.6856,17.700000000000003,60.839999999999996,9.959999999999999,608,12.16,48,1,3,47,47,2.978,12.75,0.42,1,2011-05-12 12:54:00,2011-11-17 08:53:00,23,188,378.0933333333333,202.66666666666666,15.666666666666666,1.25
15491,3100.09,20.130454545454548,16.5,88.80000000000001,2.2800000000000002,1646,10.688311688311689,48,1,6,108,109,3.89538961038961,16.95,0.19,1,2011-04-18 10:04:00,2011-09-05 15:56:00,95,140,516.6816666666667,274.3333333333333,18.0,0.14285714285714285
15492,659.4599999999999,18.841714285714282,17.34,50.0,5.04,483,13.8,48,2,2,32,32,2.5388571428571427,12.5,0.29,1,2011-09-26 14:02:00,2011-11-11 14:53:00,28,46,329.72999999999996,241.5,16.0,0.0
15493,2001.8,6.74006734006734,5.1,51.0,0.58,560,1.8855218855218856,12,1,5,177,176,4.442053872053872,19.95,0.19,1,2011-03-14 11:44:00,2011-11-07 12:04:00,33,238,400.36,112.0,35.4,0.2857142857142857
15494,1299.23,10.39384,7.5,59.400000000000006,0.42,1148,9.184,96,1,2,120,120,2.39016,12.5,0.29,1,2011-08-10 15:29:00,2011-11-18 14:51:00,21,99,649.615,574.0,60.0,0.0
15497,1262.2,84.14666666666668,79.2,232.0,30.0,624,41.6,160,12,2,13,14,3.5933333333333333,10.95,0.65,1,2011-01-24 10:01:00,2011-11-22 11:51:00,18,302,631.1,312.0,6.5,0.3333333333333333
15498,13316.4,26.00859375,17.4,141.6,0.29,6105,11.923828125,100,1,27,360,363,3.17880859375,21.95,0.14,1,2010-12-08 12:29:00,2011-12-07 12:48:00,3,364,493.2,226.11111111111111,13.333333333333334,0.3142857142857143
15500,1131.56,16.640588235294118,16.5,35.400000000000006,5.04,572,8.411764705882353,48,1,4,64,64,4.561323529411765,16.95,0.42,1,2011-09-19 13:47:00,2011-12-01 13:47:00,8,73,282.89,143.0,16.0,0.0
15502,10384.93,48.75553990610329,19.799999999999997,3155.95,5.25,4236,19.887323943661972,384,1,12,164,167,19.689953051643194,3155.95,0.21,1,2010-12-05 15:40:00,2011-11-24 12:48:00,16,353,865.4108333333334,353.0,13.666666666666666,1.6956521739130435
15503,147.09,2.1012857142857144,1.65,9.95,0.42,74,1.0571428571428572,2,1,1,66,66,2.053142857142857,9.95,0.42,1,2010-12-12 10:57:00,2010-12-12 10:57:00,363,0,147.09,74.0,66.0,0.0
15504,52.83,4.063846153846153,3.75,7.5,0.75,33,2.5384615384615383,6,1,1,13,13,2.2315384615384617,4.95,0.39,1,2011-09-19 13:45:00,2011-09-19 13:45:00,81,0,52.83,33.0,13.0,0.0
15505,3610.96,37.22639175257732,17.700000000000003,177.0,2.88,2390,24.63917525773196,72,2,5,90,90,2.352061855670103,7.95,0.12,1,2011-07-07 13:33:00,2011-10-18 07:56:00,53,102,722.192,478.0,18.0,0.2857142857142857
15506,979.26,5.971097560975609,4.025,60.0,0.29,848,5.170731707317073,48,1,3,121,121,1.7823170731707318,9.95,0.19,1,2011-07-24 11:45:00,2011-11-17 12:11:00,23,116,326.42,282.6666666666667,40.333333333333336,0.0
15507,492.36,10.703478260869565,7.925000000000001,29.849999999999998,1.65,162,3.5217391304347827,16,1,1,41,41,4.053260869565217,12.75,0.42,1,2011-06-21 11:19:00,2011-06-21 11:19:00,172,0,492.36,162.0,41.0,0.0
15508,1000.27,10.8725,8.3,45.0,0.38,440,4.782608695652174,36,1,6,78,78,3.392608695652174,12.75,0.29,1,2011-04-18 15:31:00,2011-06-03 15:43:00,189,46,166.71166666666667,73.33333333333333,13.0,0.0
15510,250.0,250.0,250.0,250.0,250.0,2,2.0,2,2,1,1,1,125.0,125.0,125.0,1,2011-01-13 12:10:00,2011-01-13 12:10:00,331,0,250.0,2.0,1.0,0.0
15511,909.23,5.6826875,4.15,38.25,0.29,271,1.69375,12,1,5,117,117,3.9933750000000003,12.75,0.29,1,2011-09-15 15:05:00,2011-11-28 09:43:00,12,73,181.846,54.2,23.4,0.0
15512,121.0,17.285714285714285,15.299999999999999,23.4,10.0,68,9.714285714285714,12,6,2,7,7,1.95,3.75,1.25,1,2010-12-15 12:01:00,2011-07-07 10:20:00,156,203,60.5,34.0,3.5,0.0
15513,14758.220000000001,47.91629870129871,20.4,267.6,5.04,5709,18.535714285714285,160,1,19,183,190,4.107370129870129,165.0,0.39,1,2010-12-01 11:22:00,2011-11-06 14:36:00,33,340,776.7484210526317,300.4736842105263,9.631578947368421,0.2727272727272727
15514,4139.46,23.255393258426967,10.14,734.4000000000001,0.42,2160,12.134831460674157,192,1,11,96,96,2.3592134831460676,8.95,0.14,1,2010-12-10 13:50:00,2011-11-27 14:40:00,12,352,376.31454545454545,196.36363636363637,8.727272727272727,3.076923076923077
15516,62.43,4.162,4.15,8.67,0.78,27,1.8,6,1,3,15,15,2.7786666666666666,8.5,0.39,1,2011-10-24 11:33:00,2011-10-26 10:51:00,45,1,20.81,9.0,5.0,0.0
15517,267.03,9.889999999999999,7.8,30.599999999999998,1.25,293,10.851851851851851,36,1,1,27,27,1.807777777777778,12.75,0.14,1,2011-04-20 14:02:00,2011-04-20 14:02:00,233,0,267.03,293.0,27.0,0.0
15518,1942.45,9.076869158878505,6.6,37.5,0.84,1273,5.9485981308411215,72,1,8,135,137,2.4641588785046733,12.75,0.29,1,2011-01-11 12:55:00,2011-10-06 13:05:00,64,268,242.80625,159.125,16.875,0.46153846153846156
15520,343.5,19.083333333333332,20.04,34.68,9.48,314,17.444444444444443,120,2,1,18,18,1.7244444444444444,4.95,0.19,1,2011-12-08 10:58:00,2011-12-08 10:58:00,2,0,343.5,314.0,18.0,0.0
15521,3000.2,16.217297297297296,10.5,250.0,0.84,1836,9.924324324324324,96,1,8,116,119,3.418594594594594,125.0,0.39,1,2011-03-30 09:15:00,2011-10-30 13:42:00,40,214,375.025,229.5,14.5,1.1538461538461537
15522,398.84,6.99719298245614,3.3,39.839999999999996,0.12,573,10.052631578947368,75,1,2,47,47,0.9498245614035088,2.95,0.12,1,2011-09-13 12:26:00,2011-11-07 11:26:00,33,54,199.42,286.5,23.5,0.0
15523,412.01000000000005,41.20100000000001,10.0,232.50000000000003,2.08,132,13.2,50,1,1,10,10,3.6310000000000002,8.5,1.25,1,2011-09-16 16:29:00,2011-09-16 16:29:00,84,0,412.01000000000005,132.0,10.0,0.0
15524,440.0,440.0,440.0,440.0,440.0,4,4.0,4,4,1,1,1,110.0,110.0,110.0,1,2011-11-15 12:09:00,2011-11-15 12:09:00,25,0,440.0,4.0,1.0,0.0
15525,825.92,4.64,2.95,29.849999999999998,0.29,416,2.337078651685393,24,1,3,133,133,2.703258426966292,14.95,0.12,1,2010-12-01 13:17:00,2011-12-07 14:43:00,2,371,275.3066666666667,138.66666666666666,44.333333333333336,0.5
15526,148.44,37.11,13.27,119.39999999999999,2.5,24,6.0,12,2,2,4,4,5.494999999999999,9.95,0.83,1,2011-11-06 15:01:00,2011-11-06 15:04:00,33,0,74.22,12.0,2.0,0.0
15527,2429.78,14.906625766871167,8.5,91.80000000000001,0.42,992,6.085889570552148,48,1,8,127,129,3.3190797546012267,12.75,0.42,1,2010-12-20 14:15:00,2011-11-21 12:17:00,19,335,303.7225,124.0,15.875,0.3
15528,229.33,8.820384615384615,4.16,58.0,0.65,123,4.730769230769231,40,1,1,26,26,2.6076923076923078,9.95,0.65,1,2011-03-30 16:14:00,2011-03-30 16:14:00,254,0,229.33,123.0,26.0,0.0
15529,3995.23,5.945282738095238,4.25,59.400000000000006,0.39,3496,5.2023809523809526,60,1,11,415,423,1.7170982142857145,8.95,0.12,1,2010-12-08 12:24:00,2011-11-17 11:29:00,23,343,363.20272727272726,317.8181818181818,37.72727272727273,0.16666666666666666
15530,1502.35,13.910648148148148,12.2,51.0,1.65,950,8.796296296296296,48,1,4,90,91,2.843518518518519,12.75,0.12,1,2011-04-07 11:16:00,2011-11-18 12:25:00,22,225,375.5875,237.5,22.5,0.0
15531,2007.44,8.804561403508773,6.555,54.75,0.39,1105,4.8464912280701755,36,1,2,196,196,3.037982456140351,14.95,0.19,1,2011-11-09 17:47:00,2011-12-01 18:43:00,8,22,1003.72,552.5,98.0,0.0
15532,1580.93,6.1755078125,4.25,35.400000000000006,0.75,521,2.03515625,36,1,4,205,208,3.8781640625,21.95,0.21,1,2010-12-16 16:45:00,2011-11-14 14:51:00,25,332,395.2325,130.25,51.25,1.1666666666666667
15533,807.57,9.729759036144578,7.95,79.19999999999999,0.5700000000000001,289,3.4819277108433737,48,1,3,73,73,4.041927710843374,19.95,0.19,1,2011-09-11 15:41:00,2011-11-20 15:35:00,19,69,269.19,96.33333333333333,24.333333333333332,0.6
15535,536.4,7.152,4.95,30.0,1.69,143,1.9066666666666667,24,1,4,55,55,4.692666666666667,12.75,1.25,1,2011-01-16 12:35:00,2011-06-19 16:02:00,173,154,134.1,35.75,13.75,0.42857142857142855
15537,110.92,4.621666666666667,3.75,19.8,0.75,29,1.2083333333333333,4,1,1,24,24,3.862083333333333,16.95,0.75,1,2011-06-29 13:10:00,2011-06-29 13:10:00,163,0,110.92,29.0,24.0,0.0
15539,538.46,13.133170731707319,10.2,61.199999999999996,1.26,410,10.0,48,3,1,41,41,1.343658536585366,4.25,0.39,1,2011-12-02 13:36:00,2011-12-02 13:36:00,7,0,538.46,410.0,41.0,0.0
15540,213.3,14.22,14.850000000000001,30.0,2.52,200,13.333333333333334,72,3,1,15,15,1.7133333333333334,4.95,0.39,1,2011-11-28 13:51:00,2011-11-28 13:51:00,11,0,213.3,200.0,15.0,0.0
15541,85.13000000000001,2.9355172413793107,2.08,8.850000000000001,0.84,49,1.6896551724137931,3,1,1,29,29,2.0941379310344828,5.95,0.42,1,2011-08-17 14:58:00,2011-08-17 14:58:00,114,0,85.13000000000001,49.0,29.0,0.0
15543,127.86,4.566428571428571,3.4,11.8,0.85,86,3.0714285714285716,12,1,1,26,26,2.1992857142857143,9.95,0.29,1,2011-02-24 15:26:00,2011-02-24 15:26:00,288,0,127.86,86.0,26.0,0.0
15544,3546.71,13.693861003861004,13.2,33.2,5.04,3109,12.003861003861005,50,2,9,122,127,1.5977992277992277,12.75,0.42,1,2010-12-02 12:47:00,2011-11-30 16:43:00,9,363,394.0788888888889,345.44444444444446,13.555555555555555,0.18181818181818182
15545,292.71999999999997,3.613827160493827,2.55,23.25,0.55,163,2.0123456790123457,12,1,2,78,78,2.6919753086419753,9.95,0.29,1,2010-12-03 17:28:00,2011-10-16 13:24:00,54,316,146.35999999999999,81.5,39.0,0.0
15547,4954.84,7.058176638176638,5.0,201.6,0.39,4032,5.743589743589744,480,1,14,441,441,2.6033048433048434,19.95,0.14,1,2010-12-12 13:26:00,2011-12-02 12:52:00,7,354,353.9171428571429,288.0,31.5,0.0
15549,1693.26,14.724,10.5,124.80000000000001,0.78,698,6.069565217391304,40,1,3,104,104,3.284173913043478,15.95,0.29,1,2011-01-27 15:38:00,2011-09-23 16:22:00,77,239,564.42,232.66666666666666,34.666666666666664,0.25
15550,575.63,9.43655737704918,7.5,39.6,0.78,295,4.836065573770492,24,1,4,43,44,2.803934426229508,12.75,0.39,1,2011-02-11 12:49:00,2011-12-05 15:38:00,4,297,143.9075,73.75,10.75,0.0
15551,436.06,15.036551724137931,15.0,40.56,2.73,218,7.517241379310345,36,1,1,29,29,3.9306896551724138,9.95,0.19,1,2011-11-03 12:37:00,2011-11-03 12:37:00,37,0,436.06,218.0,29.0,0.0
15552,90.12,5.301176470588236,2.95,15.0,0.95,60,3.5294117647058822,12,1,1,17,17,1.7841176470588236,3.75,0.19,1,2011-05-06 14:47:00,2011-05-06 14:47:00,217,0,90.12,60.0,17.0,0.0
15553,437.23,7.807678571428572,6.53,26.55,0.42,451,8.053571428571429,25,1,1,51,51,2.4103571428571433,9.95,0.19,1,2011-10-10 14:02:00,2011-10-10 14:02:00,60,0,437.23,451.0,51.0,0.0
15554,217.2,15.514285714285714,15.6,19.9,10.2,74,5.285714285714286,12,2,1,14,14,4.810714285714285,9.95,0.85,1,2011-03-07 09:00:00,2011-03-07 09:00:00,278,0,217.2,74.0,14.0,0.0
15555,4805.17,5.345016685205784,3.8,76.5,0.3,4439,4.9377085650723025,48,1,16,401,406,1.6966740823136819,19.95,0.06,1,2010-12-05 14:45:00,2011-11-27 16:19:00,12,357,300.323125,277.4375,25.0625,1.3
15556,279.77,9.024838709677418,6.0,50.0,0.78,236,7.612903225806452,40,1,1,31,31,1.7899999999999998,9.95,0.14,1,2011-11-15 16:08:00,2011-11-15 16:08:00,24,0,279.77,236.0,31.0,0.0
15557,473.65000000000003,23.6825,20.73,90.0,2.08,219,10.95,72,1,1,16,16,3.5595,10.4,0.79,1,2011-11-11 12:46:00,2011-11-11 12:46:00,29,0,473.65000000000003,219.0,16.0,0.0
15561,800.59,29.651481481481483,20.0,118.80000000000001,5.1,267,9.88888888888889,24,2,4,27,27,4.274814814814815,14.95,0.42,1,2011-05-08 11:38:00,2011-11-28 11:07:00,12,203,200.1475,66.75,6.75,0.8
15562,134.55,134.55,134.55,134.55,134.55,39,39.0,39,39,1,1,1,3.45,3.45,3.45,1,2010-12-23 09:55:00,2010-12-23 09:55:00,352,0,134.55,39.0,1.0,0.0
15563,1400.44,12.393274336283186,8.7,59.400000000000006,1.3,1501,13.283185840707965,120,1,4,88,88,1.883362831858407,12.75,0.12,1,2010-12-16 11:27:00,2011-11-17 14:50:00,22,336,350.11,375.25,22.0,0.5714285714285714
15565,173.16,21.645,21.330000000000002,30.599999999999998,16.5,60,7.5,12,2,2,8,8,4.56625,8.25,2.08,1,2011-09-30 10:44:00,2011-10-20 14:33:00,50,20,86.58,30.0,4.0,0.0
15567,186.01,26.572857142857142,17.34,99.84,5.76,223,31.857142857142858,96,1,1,7,7,3.2357142857142853,14.95,0.12,1,2011-11-21 10:48:00,2011-11-21 10:48:00,19,0,186.01,223.0,7.0,0.0
15568,758.29,14.307358490566036,10.08,99.60000000000001,0.85,461,8.69811320754717,24,1,3,27,27,2.5564150943396227,16.95,0.39,1,2011-09-27 14:37:00,2011-12-07 11:27:00,3,70,252.76333333333332,153.66666666666666,9.0,0.0
15569,1375.71,44.377741935483876,3.75,244.79999999999998,0.5700000000000001,666,21.483870967741936,96,1,5,27,27,2.165161290322581,12.75,0.19,1,2011-01-11 13:26:00,2011-08-28 10:15:00,104,228,275.142,133.2,5.4,0.0
15570,4165.52,12.896346749226007,12.600000000000001,45.0,0.42,2067,6.3993808049535605,48,1,12,231,233,3.6973993808049537,16.95,0.12,1,2010-12-05 12:57:00,2011-12-02 14:47:00,7,362,347.1266666666667,172.25,19.25,0.5384615384615384
15571,650.4300000000001,11.411052631578949,4.95,89.25,0.39,264,4.631578947368421,48,1,4,47,47,2.701578947368421,8.5,0.39,1,2011-09-22 13:15:00,2011-11-28 10:02:00,12,66,162.60750000000002,66.0,11.75,0.0
15572,2552.86,11.873767441860466,7.5,195.0,0.58,1229,5.716279069767442,32,1,7,166,166,3.6436279069767443,195.0,0.19,1,2011-03-06 14:44:00,2011-12-05 10:09:00,5,273,364.69428571428574,175.57142857142858,23.714285714285715,0.0
15573,607.45,5.840865384615385,3.525,38.25,0.21,363,3.4903846153846154,36,1,2,88,88,2.8558653846153845,12.75,0.19,1,2011-09-15 12:16:00,2011-11-08 11:38:00,32,53,303.725,181.5,44.0,0.0
15574,702.25,4.180059523809524,2.1,38.25,0.29,349,2.0773809523809526,36,1,4,131,131,2.5163690476190474,14.95,0.12,1,2010-12-02 15:46:00,2011-06-15 12:01:00,178,194,175.5625,87.25,32.75,0.0
15576,940.6700000000001,20.90377777777778,11.7,239.04000000000002,5.9,404,8.977777777777778,96,1,1,43,43,3.5811111111111114,14.95,0.65,1,2011-11-02 12:03:00,2011-11-02 12:03:00,38,0,940.6700000000001,404.0,43.0,0.0
15577,258.88,6.637948717948718,4.949999999999999,24.900000000000002,0.39,89,2.282051282051282,6,1,3,39,39,3.0605128205128205,12.75,0.39,1,2011-02-07 13:32:00,2011-07-11 17:03:00,151,154,86.29333333333334,29.666666666666668,13.0,0.0
15578,127.1,9.776923076923076,2.1,39.6,0.55,52,4.0,24,1,1,13,13,2.3884615384615384,7.95,0.55,1,2011-06-30 13:03:00,2011-06-30 13:03:00,162,0,127.1,52.0,13.0,0.0
15579,348.6,6.835294117647059,5.9,25.0,0.85,120,2.3529411764705883,20,1,2,45,45,4.046666666666667,10.95,0.42,1,2011-01-30 12:09:00,2011-10-02 12:45:00,69,245,174.3,60.0,22.5,0.0
15581,3679.9700000000003,24.69778523489933,2.95,2500.0,0.39,286,1.919463087248322,24,1,13,134,134,22.55167785234899,2500.0,0.29,1,2010-12-08 14:38:00,2011-08-11 09:38:00,121,245,283.0746153846154,22.0,10.307692307692308,0.07142857142857142
15582,682.9100000000001,15.52068181818182,15.0,35.400000000000006,5.04,453,10.295454545454545,25,2,3,39,39,2.3970454545454545,9.95,0.42,1,2011-05-03 13:36:00,2011-11-15 09:55:00,25,195,227.63666666666668,151.0,13.0,0.0
15584,725.11,5.895203252032521,4.25,45.0,0.85,314,2.5528455284552845,36,1,4,89,88,3.0995121951219513,16.65,0.39,1,2011-06-30 16:39:00,2011-11-16 10:55:00,24,138,181.2775,78.5,22.25,0.4
15585,455.3,14.687096774193549,14.850000000000001,39.599999999999994,4.5600000000000005,320,10.32258064516129,24,2,1,31,31,2.2641935483870967,7.95,0.19,1,2011-06-16 08:38:00,2011-06-16 08:38:00,177,0,455.3,320.0,31.0,0.0
15587,913.6800000000001,101.52000000000001,81.36,244.08,30.599999999999998,312,34.666666666666664,72,12,4,3,3,2.9166666666666665,3.39,2.1,1,2010-12-23 09:59:00,2011-10-20 13:37:00,50,301,228.42000000000002,78.0,0.75,0.0
15589,478.53000000000003,16.501034482758623,15.6,30.0,9.95,243,8.379310344827585,24,1,3,28,28,3.6893103448275864,21.95,0.55,1,2011-02-02 10:46:00,2011-03-29 09:54:00,256,54,159.51000000000002,81.0,9.333333333333334,0.25
15592,388.58,16.190833333333334,14.385,60.0,6.64,354,14.75,48,3,1,24,24,1.5645833333333334,4.95,0.29,1,2011-10-24 08:59:00,2011-10-24 08:59:00,47,0,388.58,354.0,24.0,0.0
15593,199.8,39.96,19.799999999999997,83.4,10.2,60,12.0,12,12,1,5,5,3.3299999999999996,6.95,0.85,1,2011-09-30 11:46:00,2011-09-30 11:46:00,71,0,199.8,60.0,5.0,0.0
15594,1771.78,17.201747572815535,17.0,39.599999999999994,5.88,983,9.54368932038835,28,2,5,85,85,3.1589320388349513,9.95,0.21,1,2011-04-19 10:08:00,2011-11-24 08:53:00,16,218,354.356,196.6,17.0,0.16666666666666666
15596,1406.59,18.267402597402597,15.9,39.8,5.95,561,7.285714285714286,24,1,5,51,51,4.183246753246753,10.95,0.55,1,2010-12-09 16:10:00,2011-08-31 10:55:00,101,264,281.318,112.2,10.2,0.7777777777777778
15597,324.57,14.753181818181817,15.0,30.599999999999998,4.5600000000000005,279,12.681818181818182,24,3,1,22,22,1.6090909090909091,5.95,0.19,1,2011-11-04 13:26:00,2011-11-04 13:26:00,35,0,324.57,279.0,22.0,0.5
15598,240.68,17.19142857142857,17.700000000000003,24.96,6.959999999999999,160,11.428571428571429,24,2,1,14,14,2.5564285714285715,8.5,0.29,1,2011-10-17 16:04:00,2011-10-17 16:04:00,53,0,240.68,160.0,14.0,0.6666666666666666
15599,761.74,14.648846153846154,13.200000000000001,35.400000000000006,5.04,718,13.807692307692308,48,1,2,50,50,1.8890384615384617,12.75,0.42,1,2011-05-19 13:05:00,2011-11-13 11:44:00,27,177,380.87,359.0,25.0,0.0
15601,6776.56,16.52819512195122,15.0,71.4,4.5600000000000005,4983,12.153658536585366,100,1,14,230,230,2.6858536585365855,14.95,0.1,1,2010-12-02 10:39:00,2011-11-28 15:15:00,11,361,484.04,355.92857142857144,16.428571428571427,0.23529411764705882
15602,1297.8700000000001,28.214565217391307,19.259999999999998,93.6,2.9,1137,24.717391304347824,72,1,9,30,31,2.409782608695652,12.75,0.39,1,2010-12-06 15:35:00,2011-12-01 14:14:00,8,359,144.20777777777778,126.33333333333333,3.3333333333333335,0.4666666666666667
15603,48.480000000000004,24.240000000000002,24.240000000000002,34.56,13.919999999999998,96,48.0,48,48,1,2,2,0.505,0.72,0.29,1,2011-09-22 10:04:00,2011-09-22 10:04:00,79,0,48.480000000000004,96.0,2.0,0.0
15604,216.39,12.728823529411764,11.7,29.880000000000003,6.64,159,9.352941176470589,12,3,1,17,17,1.543529411764706,4.95,0.65,1,2011-10-18 14:47:00,2011-10-18 14:47:00,52,0,216.39,159.0,17.0,0.0
15605,1198.23,17.88402985074627,16.5,50.400000000000006,10.08,441,6.582089552238806,24,1,5,61,61,4.588358208955224,19.95,0.42,1,2010-12-01 13:38:00,2011-11-03 14:17:00,36,337,239.64600000000002,88.2,12.2,0.0
15606,2920.16,37.92415584415584,30.599999999999998,90.0,10.08,892,11.584415584415584,48,3,9,48,48,3.7179220779220774,8.5,0.42,1,2011-01-19 12:07:00,2011-10-09 15:47:00,61,263,324.4622222222222,99.11111111111111,5.333333333333333,1.2727272727272727
15607,104.76,8.05846153846154,4.5600000000000005,17.0,2.2800000000000002,202,15.538461538461538,24,2,1,13,13,1.1753846153846153,8.5,0.19,1,2011-01-07 12:44:00,2011-01-07 12:44:00,337,0,104.76,202.0,13.0,0.0
15608,1093.68,18.228,16.15,107.28,9.95,714,11.9,72,1,4,59,59,3.255666666666667,14.95,0.42,1,2011-08-11 09:56:00,2011-11-11 13:20:00,28,92,273.42,178.5,14.75,0.0
15609,298.48,18.655,15.975,30.0,11.5,148,9.25,24,1,1,16,16,4.44625,16.95,1.25,1,2011-06-08 13:00:00,2011-06-08 13:00:00,184,0,298.48,148.0,16.0,1.0
15610,112.46000000000001,18.743333333333336,19.07,25.0,13.52,66,11.0,20,6,1,6,6,1.8733333333333333,2.89,1.25,1,2011-10-19 10:36:00,2011-10-19 10:36:00,52,0,112.46000000000001,66.0,6.0,0.0
15611,1591.45,37.01046511627907,25.200000000000003,214.8,6.0,504,11.720930232558139,120,1,13,23,23,5.777674418604651,15.0,0.42,1,2011-01-09 11:32:00,2011-11-30 12:36:00,10,325,122.41923076923078,38.76923076923077,1.7692307692307692,0.13333333333333333
15612,195.15,32.525,19.55,89.25,15.0,52,8.666666666666666,24,1,2,4,4,6.141666666666667,15.0,1.45,1,2011-10-09 12:49:00,2011-11-03 14:52:00,36,25,97.575,26.0,2.0,0.0
15615,10399.74,24.585673758865248,17.700000000000003,122.04,6.64,5508,13.02127659574468,72,1,23,184,187,2.562931442080378,14.95,0.42,1,2010-12-15 16:21:00,2011-11-29 14:42:00,10,348,452.1626086956522,239.47826086956522,8.0,0.2222222222222222
15618,776.851,17.263355555555556,17.25,30.0,0.001,454,10.088888888888889,24,1,4,39,39,2.550911111111111,9.95,0.001,1,2011-07-26 10:13:00,2011-11-07 08:34:00,33,103,194.21275,113.5,9.75,0.8
15619,336.40000000000003,112.13333333333334,99.60000000000001,145.0,91.80000000000001,136,45.333333333333336,100,12,1,3,3,4.416666666666667,7.65,1.45,1,2011-11-29 08:14:00,2011-11-29 08:14:00,11,0,336.40000000000003,136.0,3.0,0.0
15620,1553.18,15.5318,15.0,31.6,2.52,915,9.15,28,1,3,92,92,3.7297000000000002,29.95,0.18,1,2010-12-16 14:34:00,2011-10-14 12:41:00,57,301,517.7266666666667,305.0,30.666666666666668,0.6666666666666666
15621,1293.03,80.814375,70.08,236.88,1.95,501,31.3125,72,1,4,11,12,2.06625,3.29,0.79,1,2011-11-18 11:49:00,2011-12-05 14:01:00,4,17,323.2575,125.25,2.75,0.3333333333333333
15622,3709.56,20.051675675675675,17.700000000000003,49.95,6.6000000000000005,1674,9.04864864864865,48,1,9,169,170,4.08372972972973,49.95,0.29,1,2011-03-02 13:42:00,2011-10-27 16:44:00,43,239,412.17333333333335,186.0,18.77777777777778,1.8125
15623,301.03,15.843684210526314,15.8,19.9,9.899999999999999,125,6.578947368421052,24,2,1,19,19,4.2905263157894735,9.95,0.42,1,2011-07-21 17:26:00,2011-07-21 17:26:00,141,0,301.03,125.0,19.0,0.0
15624,588.13,17.297941176470587,17.700000000000003,35.400000000000006,6.24,357,10.5,64,1,4,26,26,3.6561764705882354,12.75,0.19,1,2011-03-28 13:32:00,2011-08-15 11:38:00,117,139,147.0325,89.25,6.5,0.0
15625,1534.26,23.9728125,19.799999999999997,69.6,10.2,1188,18.5625,48,3,4,44,44,1.62359375,4.95,0.42,1,2011-04-18 14:01:00,2011-08-28 10:21:00,104,131,383.565,297.0,11.0,0.5
15626,675.8,13.791836734693877,13.5,39.8,5.76,766,15.63265306122449,72,2,2,49,49,1.646938775510204,9.95,0.12,1,2011-01-14 10:10:00,2011-09-26 10:03:00,75,254,337.9,383.0,24.5,0.0
15628,2870.2400000000002,18.51767741935484,15.299999999999999,66.0,6.959999999999999,1894,12.219354838709677,48,2,9,85,85,2.3046451612903227,8.25,0.29,1,2010-12-08 09:51:00,2011-12-05 10:24:00,5,362,318.91555555555556,210.44444444444446,9.444444444444445,0.2
15630,1186.35,19.772499999999997,19.86,59.8,6.959999999999999,800,13.333333333333334,36,2,2,57,57,2.8271666666666664,14.95,0.29,1,2011-05-19 10:16:00,2011-10-25 15:36:00,45,159,593.175,400.0,28.5,0.3333333333333333
15632,3285.31,19.67251497005988,15.9,79.19999999999999,2.88,2109,12.62874251497006,96,2,8,107,107,2.695928143712575,8.25,0.12,1,2011-03-10 08:29:00,2011-11-24 09:51:00,16,259,410.66375,263.625,13.375,1.0
15634,243.55,16.236666666666668,15.0,29.700000000000003,10.2,99,6.6,12,2,1,15,15,3.7266666666666666,7.95,0.85,1,2011-11-22 16:28:00,2011-11-22 16:28:00,17,0,243.55,99.0,15.0,0.0
15636,724.76,28.9904,20.4,71.6,11.5,284,11.36,24,2,2,20,21,3.1712000000000002,8.95,0.85,1,2011-03-02 14:50:00,2011-09-11 11:17:00,90,192,362.38,142.0,10.0,0.0
15637,223.36,14.890666666666668,14.850000000000001,30.0,6.64,128,8.533333333333333,24,2,1,15,15,3.026666666666667,5.95,0.29,1,2011-10-18 08:28:00,2011-10-18 08:28:00,53,0,223.36,128.0,15.0,0.0
15639,425.32,17.0128,10.5,39.8,5.04,323,12.92,25,1,1,25,25,4.3084,16.95,0.42,1,2011-07-28 14:30:00,2011-07-28 14:30:00,134,0,425.32,323.0,25.0,0.0
15640,12515.66,25.858801652892563,19.65,238.79999999999998,0.55,6607,13.650826446280991,160,1,15,240,242,2.7894628099173553,29.95,0.14,1,2010-12-02 15:40:00,2011-12-05 14:35:00,4,367,834.3773333333334,440.46666666666664,16.0,0.6470588235294118
15641,1887.2,15.858823529411765,15.0,59.400000000000006,2.88,1562,13.126050420168067,72,2,4,102,101,1.9095798319327733,7.95,0.12,1,2010-12-15 14:45:00,2011-08-26 14:04:00,105,253,471.8,390.5,25.5,0.0
15643,664.0,20.12121212121212,15.3,66.4,6.6000000000000005,246,7.454545454545454,25,1,3,31,31,5.933030303030303,16.95,0.42,1,2011-03-02 14:34:00,2011-06-01 07:38:00,192,90,221.33333333333334,82.0,10.333333333333334,0.5
15644,813.0,3.4159663865546217,2.9,22.950000000000003,0.42,557,2.3403361344537816,16,1,4,166,166,1.7819327731092438,8.95,0.19,1,2011-03-23 15:37:00,2011-06-26 14:54:00,166,94,203.25,139.25,41.5,0.0
15645,612.01,11.769423076923077,9.1,81.6,0.39,256,4.923076923076923,32,1,1,50,50,2.9526923076923075,8.15,0.39,1,2011-11-21 11:55:00,2011-11-21 11:55:00,19,0,612.01,256.0,50.0,0.0
15646,447.64000000000004,12.789714285714288,13.0,22.5,2.88,394,11.257142857142858,48,1,3,35,35,2.914285714285714,12.75,0.12,1,2010-12-02 16:59:00,2011-07-05 09:53:00,158,214,149.21333333333334,131.33333333333334,11.666666666666666,0.25
15648,657.35,26.294,19.9,58.0,15.0,221,8.84,40,2,2,23,23,4.58,12.75,0.85,1,2011-03-17 18:59:00,2011-05-19 15:53:00,204,62,328.675,110.5,11.5,0.75
15649,816.0,408.0,408.0,510.0,306.0,192,96.0,120,72,2,1,1,4.25,4.25,4.25,1,2010-12-07 10:06:00,2011-01-07 13:34:00,336,31,408.0,96.0,0.5,0.0
15651,646.3,20.196875,15.299999999999999,85.92,5.04,479,14.96875,48,4,3,27,27,2.1584375,4.95,0.29,1,2011-03-24 08:56:00,2011-11-03 08:41:00,37,223,215.4333333333333,159.66666666666666,9.0,0.0
15652,337.74,16.082857142857144,9.9,49.800000000000004,7.0200000000000005,208,9.904761904761905,24,1,1,21,21,3.8533333333333335,9.95,0.39,1,2011-09-09 14:22:00,2011-09-09 14:22:00,91,0,337.74,208.0,21.0,0.0
15653,877.4399999999999,146.23999999999998,13.799999999999999,414.71999999999997,10.2,1200,200.0,576,12,2,4,4,0.9066666666666666,1.45,0.72,1,2011-08-16 09:50:00,2011-09-08 10:49:00,93,23,438.71999999999997,600.0,2.0,0.0
15654,922.53,43.93,33.0,111.30000000000001,14.850000000000001,475,22.61904761904762,72,1,2,15,15,3.070952380952381,15.0,1.06,1,2011-11-13 15:15:00,2011-11-30 13:08:00,9,16,461.265,237.5,7.5,0.0
15655,560.67,16.490294117647057,15.0,25.5,10.2,324,9.529411764705882,25,2,1,34,34,3.0920588235294115,12.75,0.42,1,2011-04-10 15:25:00,2011-04-10 15:25:00,243,0,560.67,324.0,34.0,1.5
15656,748.5,15.925531914893616,15.299999999999999,30.0,6.959999999999999,343,7.297872340425532,24,1,4,46,46,4.41127659574468,12.75,0.29,1,2011-02-28 15:32:00,2011-10-25 14:56:00,45,238,187.125,85.75,11.5,0.0
15657,30.0,30.0,30.0,30.0,30.0,24,24.0,24,24,1,1,1,1.25,1.25,1.25,1,2011-11-17 12:19:00,2011-11-17 12:19:00,23,0,30.0,24.0,1.0,0.0
15658,1024.1000000000001,21.33541666666667,17.55,76.5,7.5,242,5.041666666666667,12,1,5,40,40,6.244791666666667,19.95,1.25,1,2010-12-02 10:53:00,2011-06-02 15:22:00,190,182,204.82000000000002,48.4,8.0,1.0
15659,306.45,27.85909090909091,30.599999999999998,49.5,15.0,111,10.090909090909092,36,2,1,11,11,5.459090909090909,8.25,0.85,1,2011-10-27 09:23:00,2011-10-27 09:23:00,44,0,306.45,111.0,11.0,0.0
15660,1600.86,17.787333333333333,16.5,47.2,4.5600000000000005,1050,11.666666666666666,48,1,9,55,58,2.3347777777777776,12.75,0.19,1,2010-12-09 09:49:00,2011-11-14 16:58:00,25,340,177.87333333333333,116.66666666666667,6.111111111111111,0.3333333333333333
15661,309.8,61.96,6.6000000000000005,174.0,6.6000000000000005,236,47.2,120,12,2,4,4,0.9099999999999999,1.45,0.55,1,2011-01-05 12:32:00,2011-01-26 13:56:00,317,21,154.9,118.0,2.0,0.0
15663,138.14,15.348888888888887,15.0,23.4,11.9,106,11.777777777777779,36,2,1,9,9,2.51,6.75,0.39,1,2011-08-25 15:50:00,2011-08-25 15:50:00,106,0,138.14,106.0,9.0,0.0
15664,386.43,22.731176470588235,18.75,40.56,9.959999999999999,157,9.235294117647058,24,2,1,17,17,4.165294117647059,12.5,0.83,1,2011-10-20 10:57:00,2011-10-20 10:57:00,51,0,386.43,157.0,17.0,1.0
15665,2242.01,19.327672413793106,16.5,71.4,2.55,1666,14.362068965517242,96,1,2,92,92,2.2631896551724138,24.95,0.29,1,2011-04-10 15:09:00,2011-06-24 14:57:00,168,74,1121.005,833.0,46.0,0.0
15667,301.32,23.178461538461537,19.799999999999997,41.400000000000006,9.36,240,18.46153846153846,24,12,1,13,13,1.5553846153846154,3.45,0.39,1,2011-10-31 10:56:00,2011-10-31 10:56:00,40,0,301.32,240.0,13.0,0.0
15668,76.32000000000001,76.32000000000001,76.32000000000001,76.32000000000001,76.32000000000001,72,72.0,72,72,1,1,1,1.06,1.06,1.06,1,2011-05-06 10:39:00,2011-05-06 10:39:00,218,0,76.32000000000001,72.0,1.0,0.0
15669,684.34,20.737575757575758,16.6,85.92,2.88,342,10.363636363636363,48,2,4,31,31,3.212121212121212,12.75,0.12,1,2011-03-21 09:13:00,2011-10-30 16:03:00,40,223,171.085,85.5,7.75,0.4
15670,173.05,14.420833333333334,15.0,19.8,10.0,91,7.583333333333333,12,2,1,12,12,3.15,7.95,0.85,1,2011-02-16 10:50:00,2011-02-16 10:50:00,297,0,173.05,91.0,12.0,0.0
15671,2657.13,34.065769230769234,17.775000000000002,306.0,6.959999999999999,1699,21.78205128205128,144,1,7,52,52,2.4162820512820513,15.0,0.29,1,2011-03-14 09:37:00,2011-11-21 12:43:00,19,252,379.59000000000003,242.71428571428572,7.428571428571429,0.3
15673,2881.02,18.587225806451613,15.0,110.5,2.8499999999999996,1514,9.76774193548387,48,1,4,107,108,2.949225806451613,16.95,0.29,1,2011-01-16 16:25:00,2011-09-12 16:12:00,88,238,720.255,378.5,26.75,0.0
15674,2446.6,21.46140350877193,17.700000000000003,334.71,4.5600000000000005,1275,11.18421052631579,96,1,5,88,88,5.779999999999999,334.71,0.19,1,2011-03-30 09:19:00,2011-09-27 15:17:00,73,181,489.32,255.0,17.6,2.625
15675,323.69,15.413809523809524,16.5,27.36,4.0,527,25.095238095238095,108,1,3,20,20,2.8790476190476193,16.95,0.04,1,2011-03-04 14:21:00,2011-09-19 13:48:00,81,198,107.89666666666666,175.66666666666666,6.666666666666667,0.0
15676,3435.76,17.00871287128713,15.149999999999999,63.6,5.04,2252,11.148514851485148,96,1,3,191,190,3.1958415841584156,39.95,0.19,1,2011-03-01 10:19:00,2011-11-21 12:40:00,19,265,1145.2533333333333,750.6666666666666,63.666666666666664,2.8
15677,657.23,19.916060606060608,17.34,44.550000000000004,9.959999999999999,319,9.666666666666666,24,2,1,33,33,3.582121212121212,14.95,0.55,1,2011-10-21 15:36:00,2011-10-21 15:36:00,49,0,657.23,319.0,33.0,0.0
15678,352.7,29.391666666666666,21.65,62.400000000000006,10.2,184,15.333333333333334,30,6,1,12,12,2.04,3.75,0.85,1,2011-10-18 09:25:00,2011-10-18 09:25:00,53,0,352.7,184.0,12.0,0.0
15679,781.28,7.102545454545455,4.975,33.0,0.48,1170,10.636363636363637,48,1,4,98,98,1.1043636363636364,7.5,0.08,1,2011-06-10 08:24:00,2011-11-15 16:19:00,24,158,195.32,292.5,24.5,0.0
15680,1333.68,17.09846153846154,15.0,62.400000000000006,4.68,952,12.205128205128204,50,1,3,61,62,2.42,9.95,0.39,1,2010-12-08 14:43:00,2011-11-30 13:46:00,9,356,444.56,317.3333333333333,20.333333333333332,0.0
15681,1426.16,26.90867924528302,23.6,68.0,7.800000000000001,816,15.39622641509434,24,6,5,32,32,1.9690566037735848,8.5,0.65,1,2011-03-04 13:46:00,2011-11-14 16:30:00,25,255,285.232,163.2,6.4,2.3333333333333335
15683,193.75,19.375,17.55,40.8,10.2,131,13.1,48,3,1,10,10,2.163,4.95,0.85,1,2011-08-14 12:56:00,2011-08-14 12:56:00,117,0,193.75,131.0,10.0,0.0
15687,2993.1,18.030722891566263,17.0,51.0,10.0,1310,7.891566265060241,48,1,9,119,120,4.248253012048193,14.95,0.29,1,2011-01-13 15:13:00,2011-12-01 08:33:00,9,321,332.56666666666666,145.55555555555554,13.222222222222221,0.18181818181818182
15689,254.1,28.233333333333334,15.3,81.0,12.600000000000001,84,9.333333333333334,12,2,2,8,8,3.5,7.65,1.25,1,2010-12-13 09:57:00,2011-08-12 09:37:00,120,241,127.05,42.0,4.0,0.0
15690,239.76,12.618947368421052,10.08,46.8,4.5600000000000005,408,21.473684210526315,48,12,2,19,19,0.6831578947368421,1.95,0.19,1,2011-08-31 11:40:00,2011-12-05 15:59:00,4,96,119.88,204.0,9.5,0.0
15691,136.8,68.4,68.4,91.8,45.0,72,36.0,36,36,1,2,2,1.9,2.55,1.25,1,2011-04-01 15:13:00,2011-04-01 15:13:00,252,0,136.8,72.0,2.0,0.0
15692,191.04,15.92,17.55,24.900000000000002,6.959999999999999,138,11.5,24,6,1,12,12,1.9041666666666668,4.15,0.29,1,2011-11-11 14:12:00,2011-11-11 14:12:00,28,0,191.04,138.0,12.0,0.0
15694,6479.4,83.06923076923077,60.6,406.8,12.5,1677,21.5,192,1,14,42,42,4.71076923076923,15.0,0.72,1,2010-12-02 07:49:00,2011-12-09 09:44:00,1,372,462.8142857142857,119.78571428571429,3.0,0.06666666666666667
15695,409.98,18.635454545454547,17.700000000000003,38.25,11.7,212,9.636363636363637,48,3,2,22,22,2.887272727272727,12.75,0.29,1,2011-03-18 08:31:00,2011-03-18 08:32:00,267,0,204.99,106.0,11.0,0.0
15696,2736.46,16.002690058479534,15.0,59.95,0.85,1028,6.011695906432749,24,1,8,140,141,4.26625730994152,59.95,0.42,1,2011-01-17 11:24:00,2011-11-06 14:02:00,33,293,342.0575,128.5,17.5,0.5
15699,309.65,17.202777777777776,16.65,29.95,10.08,113,6.277777777777778,24,1,1,18,18,6.181111111111111,29.95,0.42,1,2011-11-22 08:26:00,2011-11-22 08:26:00,18,0,309.65,113.0,18.0,0.0
15700,696.68,8.10093023255814,6.52,40.8,1.26,357,4.151162790697675,48,1,2,85,85,2.933488372093023,16.95,0.42,1,2011-06-19 15:36:00,2011-06-20 16:53:00,172,1,348.34,178.5,42.5,1.0
15701,1542.14,6.506919831223629,4.95,29.95,0.19,923,3.8945147679324896,36,1,4,193,193,2.94168776371308,29.95,0.12,1,2011-08-21 12:36:00,2011-12-07 14:39:00,2,108,385.535,230.75,48.25,0.0
15703,211.5,42.3,30.599999999999998,107.10000000000001,15.0,66,13.2,18,12,1,5,5,2.93,5.95,1.25,1,2011-03-20 10:51:00,2011-03-20 10:51:00,265,0,211.5,66.0,5.0,0.0
15704,2293.62,19.603589743589744,15.9,118.80000000000001,0.42,1028,8.786324786324787,36,1,4,79,79,3.227008547008547,9.95,0.29,1,2011-05-08 12:42:00,2011-07-22 13:35:00,140,75,573.405,257.0,19.75,0.0
15705,143.1,23.849999999999998,15.9,60.0,15.9,62,10.333333333333334,48,2,1,6,6,6.05,7.95,1.25,1,2011-05-22 15:37:00,2011-05-22 15:37:00,201,0,143.1,62.0,6.0,0.0
15706,1060.56,19.28290909090909,15.9,102.0,9.95,321,5.836363636363636,24,1,4,50,50,5.126181818181818,12.75,0.85,1,2011-08-15 14:32:00,2011-10-07 10:09:00,64,52,265.14,80.25,12.5,0.5714285714285714
15707,945.58,4.418598130841121,3.36,45.0,0.29,605,2.8271028037383177,36,1,4,126,127,2.2814953271028036,12.75,0.29,1,2011-09-14 14:19:00,2011-11-04 14:35:00,35,51,236.395,151.25,31.5,0.0
15708,3364.2400000000002,11.68138888888889,8.5,65.4,0.39,1267,4.399305555555555,32,1,7,124,125,4.0928125,12.75,0.39,1,2010-12-05 11:12:00,2011-10-30 10:54:00,41,328,480.6057142857143,181.0,17.714285714285715,0.8181818181818182
15709,133.25,22.208333333333332,18.4,38.160000000000004,16.35,121,20.166666666666668,48,3,1,6,6,2.415,5.45,0.53,1,2011-03-01 10:38:00,2011-03-01 10:38:00,284,0,133.25,121.0,6.0,0.0
15712,1072.3600000000001,20.233207547169815,16.5,101.76,9.95,486,9.169811320754716,96,1,5,41,41,3.666792452830189,12.75,0.85,1,2011-02-25 11:32:00,2011-11-30 14:09:00,9,278,214.47200000000004,97.2,8.2,0.0
15713,356.7,18.773684210526316,15.8,53.1,6.959999999999999,150,7.894736842105263,24,1,2,18,18,5.338421052631579,14.95,0.29,1,2010-12-08 15:16:00,2011-07-19 13:34:00,143,222,178.35,75.0,9.0,0.3333333333333333
15714,330.88,9.453714285714286,5.04,41.6,0.85,187,5.3428571428571425,25,1,2,34,34,3.0614285714285714,9.95,0.42,1,2011-09-23 11:25:00,2011-11-28 11:26:00,12,66,165.44,93.5,17.0,0.0
15716,1118.81,9.481440677966102,5.925000000000001,81.6,0.55,744,6.305084745762712,96,1,4,101,101,2.288728813559322,8.5,0.42,1,2010-12-05 12:26:00,2011-07-17 11:59:00,146,223,279.7025,186.0,25.25,0.0
15717,150.3,21.47142857142857,19.8,35.400000000000006,10.2,70,10.0,12,4,1,7,7,2.4714285714285715,4.95,0.85,1,2011-04-19 13:21:00,2011-04-19 13:21:00,234,0,150.3,70.0,7.0,0.0
15719,5045.61,5.384855923159018,4.16,39.0,0.55,2725,2.9082177161152614,25,1,13,299,307,2.200554962646745,14.95,0.19,1,2011-01-06 12:31:00,2011-11-07 12:29:00,33,304,388.1238461538461,209.6153846153846,23.0,0.07142857142857142
15720,598.73,4.677578125,2.95,62.400000000000006,0.39,281,2.1953125,30,1,1,128,128,2.46609375,16.95,0.38,1,2011-11-15 14:48:00,2011-11-15 14:48:00,24,0,598.73,281.0,128.0,0.0
15721,507.08,5.572307692307692,3.75,70.80000000000001,0.65,409,4.4945054945054945,100,1,1,80,80,2.0571428571428574,8.5,0.04,1,2011-11-28 12:14:00,2011-11-28 12:14:00,12,0,507.08,409.0,80.0,0.0
15722,2222.56,32.21101449275362,23.700000000000003,231.0,1.45,1026,14.869565217391305,132,1,5,45,45,3.047536231884058,9.95,0.95,1,2011-02-22 12:24:00,2011-11-04 11:43:00,36,254,444.512,205.2,9.0,0.5
15723,203.1,4.953658536585365,2.95,29.849999999999998,0.65,87,2.1219512195121952,12,1,1,37,37,2.5853658536585367,9.95,0.65,1,2010-12-10 11:12:00,2010-12-10 11:12:00,365,0,203.1,87.0,37.0,0.0
15724,218.25,19.84090909090909,17.700000000000003,35.7,10.5,73,6.636363636363637,12,3,2,11,11,3.4136363636363636,5.95,1.25,1,2011-02-28 10:40:00,2011-05-22 14:40:00,201,83,109.125,36.5,5.5,0.3333333333333333
15725,415.25,12.9765625,11.68,33.0,4.68,221,6.90625,24,2,1,32,32,2.65125,8.25,0.39,1,2011-11-24 14:51:00,2011-11-24 14:51:00,15,0,415.25,221.0,32.0,0.0
15727,5178.96,17.14887417218543,13.200000000000001,250.0,0.55,3065,10.149006622516556,50,1,7,213,216,3.2481456953642387,125.0,0.29,1,2010-12-15 15:47:00,2011-11-23 12:36:00,17,342,739.8514285714285,437.85714285714283,30.428571428571427,0.0
15729,85.0,17.0,15.0,23.0,15.0,28,5.6,12,4,1,5,5,3.75,5.75,1.25,1,2011-05-11 12:36:00,2011-05-11 12:36:00,213,0,85.0,28.0,5.0,0.5
15730,1120.88,16.01257142857143,15.0,33.0,6.24,689,9.842857142857143,48,1,3,68,68,2.9675714285714285,12.75,0.29,1,2011-05-17 12:43:00,2011-10-05 12:31:00,66,140,373.6266666666667,229.66666666666666,22.666666666666668,0.75
15732,294.12,21.00857142857143,17.1,39.0,10.5,215,15.357142857142858,48,6,2,13,13,1.8907142857142856,4.25,0.29,1,2010-12-02 15:00:00,2011-05-11 14:24:00,212,159,147.06,107.5,6.5,0.0
15733,162.3,16.23,16.45,19.799999999999997,11.9,62,6.2,12,2,1,10,10,4.35,8.5,1.25,1,2011-03-02 09:05:00,2011-03-02 09:05:00,283,0,162.3,62.0,10.0,0.0
15734,1339.45,51.517307692307696,33.1,207.50000000000003,9.959999999999999,346,13.307692307692308,50,4,2,25,25,4.843846153846154,12.5,0.42,1,2011-05-23 14:59:00,2011-08-17 10:50:00,115,85,669.725,173.0,12.5,0.0
15737,1205.1200000000001,16.73777777777778,16.5,41.6,6.2,599,8.319444444444445,36,1,8,60,60,3.910416666666667,16.95,0.39,1,2011-04-11 10:01:00,2011-11-25 11:21:00,15,228,150.64000000000001,74.875,7.5,0.75
15738,4812.42,27.817456647398846,19.799999999999997,98.10000000000001,6.8,2982,17.23699421965318,60,2,16,46,48,2.12121387283237,16.95,0.42,1,2010-12-02 12:50:00,2011-11-21 08:26:00,19,353,300.77625,186.375,2.875,0.15789473684210525
15739,449.12,56.14,50.81999999999999,107.28,23.8,472,59.0,192,4,1,8,8,2.52375,5.95,0.55,1,2011-10-04 13:42:00,2011-10-04 13:42:00,66,0,449.12,472.0,8.0,0.0
15740,154.88,17.20888888888889,17.34,28.080000000000002,6.959999999999999,152,16.88888888888889,72,4,1,9,9,2.4722222222222223,4.15,0.29,1,2011-10-21 14:29:00,2011-10-21 14:29:00,49,0,154.88,152.0,9.0,0.0
15743,784.46,8.914318181818182,7.5,35.7,0.42,216,2.4545454545454546,12,1,4,59,59,4.683863636363636,12.75,0.42,1,2011-06-08 10:14:00,2011-11-23 17:19:00,16,168,196.115,54.0,14.75,0.0
15744,34.8,11.6,13.919999999999998,13.919999999999998,6.959999999999999,120,40.0,48,24,1,3,3,0.29,0.29,0.29,1,2011-09-23 09:52:00,2011-09-23 09:52:00,78,0,34.8,120.0,3.0,0.0
15745,1094.59,17.654677419354837,17.55,59.400000000000006,4.68,421,6.790322580645161,24,1,4,57,57,4.3022580645161295,12.75,0.39,1,2011-04-17 13:04:00,2011-11-20 13:45:00,19,217,273.6475,105.25,14.25,0.5
15746,196.88,7.031428571428571,5.475,18.75,1.25,178,6.357142857142857,48,1,1,28,28,1.4835714285714285,3.75,0.29,1,2011-07-28 15:21:00,2011-07-28 15:21:00,134,0,196.88,178.0,28.0,0.5
15747,974.04,10.473548387096773,6.24,69.6,1.65,480,5.161290322580645,48,1,3,52,53,2.459569892473118,12.5,1.25,1,2011-06-20 11:30:00,2011-11-27 12:26:00,13,160,324.68,160.0,17.333333333333332,0.0
15748,149.31,7.11,6.25,19.5,1.25,51,2.4285714285714284,6,1,1,19,19,3.7361904761904765,9.95,1.06,1,2011-10-30 12:51:00,2011-10-30 12:51:00,40,0,149.31,51.0,19.0,0.0
15749,44534.3,4453.43,4388.5,6539.400000000001,2730.0,18028,1802.8,3114,670,3,5,5,3.0439999999999996,6.75,1.69,1,2011-01-11 12:55:00,2011-04-18 13:20:00,235,97,14844.766666666668,6009.333333333333,1.6666666666666667,1.25
15750,2465.48,8.414607508532423,6.24,40.8,0.78,1786,6.09556313993174,48,1,8,214,215,2.4343003412969284,12.75,0.21,1,2010-12-08 10:36:00,2011-12-07 12:34:00,3,364,308.185,223.25,26.75,0.2222222222222222
15752,2637.38,6.41698296836983,4.95,50.400000000000006,0.38,1978,4.81265206812652,30,1,7,236,236,1.752676399026764,19.95,0.19,1,2010-12-02 09:43:00,2011-10-31 11:37:00,40,333,376.7685714285714,282.57142857142856,33.714285714285715,0.125
15753,79.2,79.2,79.2,79.2,79.2,144,144.0,144,144,1,1,1,0.55,0.55,0.55,1,2011-02-08 12:41:00,2011-02-08 12:41:00,305,0,79.2,144.0,1.0,0.0
15754,458.57,16.3775,16.5,25.200000000000003,11.7,199,7.107142857142857,12,3,3,24,24,2.7239285714285715,5.95,1.25,1,2011-04-07 12:24:00,2011-10-19 14:40:00,51,195,152.85666666666665,66.33333333333333,8.0,0.25
15755,2364.25,16.7677304964539,16.3,35.400000000000006,1.45,1427,10.120567375886525,36,1,6,127,127,3.1785106382978725,12.5,0.39,1,2011-02-18 11:53:00,2011-11-29 14:57:00,10,284,394.0416666666667,237.83333333333334,21.166666666666668,1.0
15756,532.96,2.7758333333333334,2.08,12.75,0.39,242,1.2604166666666667,6,1,4,160,160,2.477239583333333,12.75,0.3,1,2011-04-04 14:00:00,2011-10-09 13:30:00,61,187,133.24,60.5,40.0,0.0
15757,714.42,15.876,15.0,35.7,5.04,491,10.911111111111111,48,1,2,43,43,2.7295555555555557,12.5,0.29,1,2011-05-06 11:40:00,2011-10-05 12:14:00,66,152,357.21,245.5,21.5,0.0
15758,205.25,22.805555555555557,17.85,34.0,15.0,47,5.222222222222222,8,3,1,9,9,4.427777777777778,5.95,2.55,1,2011-11-15 10:48:00,2011-11-15 10:48:00,25,0,205.25,47.0,9.0,0.0
15759,253.04,36.14857142857143,35.400000000000006,68.0,5.04,60,8.571428571428571,12,4,3,5,5,5.174285714285714,9.95,0.42,1,2010-12-16 15:29:00,2011-05-05 15:13:00,218,139,84.34666666666666,20.0,1.6666666666666667,0.0
15762,583.75,15.777027027027026,16.95,25.5,6.64,251,6.783783783783784,24,1,2,37,37,4.0018918918918915,16.95,0.55,1,2011-09-23 15:17:00,2011-10-05 16:15:00,65,12,291.875,125.5,18.5,0.0
15763,1086.92,17.818360655737706,16.5,79.9,9.95,271,4.442622950819672,12,1,2,58,58,6.6593442622950825,39.95,0.85,1,2011-09-23 12:10:00,2011-11-08 09:44:00,32,45,543.46,135.5,29.0,0.6666666666666666
15764,3279.97,18.222055555555553,15.9,178.75,1.25,2050,11.38888888888889,96,1,6,150,150,2.836666666666667,35.75,0.29,1,2011-03-08 09:23:00,2011-09-12 17:58:00,88,188,546.6616666666666,341.6666666666667,25.0,0.8
15766,315.06,28.64181818181818,16.5,61.199999999999996,10.08,170,15.454545454545455,24,2,1,11,11,3.208181818181818,12.75,0.42,1,2011-10-06 17:03:00,2011-10-06 17:03:00,64,0,315.06,170.0,11.0,0.0
15768,621.8299999999999,23.03074074074074,14.850000000000001,250.0,8.5,244,9.037037037037036,25,1,3,23,23,7.899259259259259,125.0,0.42,1,2011-04-28 09:20:00,2011-08-16 10:48:00,116,110,207.27666666666664,81.33333333333333,7.666666666666667,0.25
15769,56252.72,432.7132307692308,358.0,1980.0,40.68,29672,228.24615384615385,1200,12,26,26,29,2.050769230769231,6.35,1.65,1,2010-12-03 15:16:00,2011-12-02 13:52:00,7,363,2163.566153846154,1141.2307692307693,1.0,0.5862068965517241
15773,635.6800000000001,63.568000000000005,19.5,488.16,7.08,311,31.1,144,10,1,10,10,1.334,3.39,0.39,1,2011-12-04 12:48:00,2011-12-04 12:48:00,6,0,635.6800000000001,311.0,10.0,0.0
15774,270.8,10.832,8.5,25.5,1.65,87,3.48,20,1,1,25,25,4.802,12.75,0.85,1,2011-10-02 12:04:00,2011-10-02 12:04:00,69,0,270.8,87.0,25.0,0.0
15775,104.9,14.985714285714286,15.0,17.700000000000003,10.2,68,9.714285714285714,12,2,1,7,7,2.4714285714285715,8.5,0.85,1,2011-04-08 12:56:00,2011-04-08 12:56:00,245,0,104.9,68.0,7.0,0.0
15776,241.62,13.423333333333334,12.2,25.5,6.84,138,7.666666666666667,36,1,1,18,18,4.183888888888889,12.75,0.19,1,2011-07-29 13:46:00,2011-07-29 13:46:00,133,0,241.62,138.0,18.0,0.0
15777,1047.11,49.862380952380946,17.700000000000003,285.59999999999997,9.95,378,18.0,112,1,4,18,18,3.823333333333333,12.75,0.79,1,2010-12-13 16:38:00,2011-04-12 16:43:00,241,120,261.7775,94.5,4.5,0.2
15780,475.28000000000003,16.38896551724138,15.9,30.599999999999998,6.6000000000000005,220,7.586206896551724,24,1,3,26,26,4.157586206896552,12.75,0.55,1,2010-12-17 11:43:00,2011-06-09 12:01:00,184,174,158.42666666666668,73.33333333333333,8.666666666666666,0.0
15781,345.46,17.273,15.45,35.400000000000006,9.36,180,9.0,24,1,3,20,20,3.9675,12.75,0.39,1,2011-02-07 09:15:00,2011-11-14 14:57:00,25,280,115.15333333333332,60.0,6.666666666666667,0.25
15782,2614.7400000000002,60.80790697674419,59.400000000000006,149.76,17.34,864,20.093023255813954,144,2,3,34,34,6.1141860465116284,20.8,1.04,1,2011-09-11 14:29:00,2011-11-30 10:49:00,10,79,871.58,288.0,11.333333333333334,0.25
15783,246.3,17.592857142857145,15.35,30.240000000000002,10.2,212,15.142857142857142,96,2,1,14,14,3.4364285714285714,8.25,0.19,1,2011-11-29 09:50:00,2011-11-29 09:50:00,11,0,246.3,212.0,14.0,0.0
15785,2328.9700000000003,28.059879518072293,16.5,175.2,6.64,1612,19.42168674698795,100,1,5,58,60,3.2433734939759034,39.95,0.42,1,2011-02-17 14:17:00,2011-11-07 11:33:00,33,262,465.79400000000004,322.4,11.6,0.5
15786,4932.2,18.47265917602996,16.5,59.400000000000006,5.04,3364,12.599250936329588,48,1,3,257,257,2.732322097378277,16.65,0.29,1,2011-08-17 13:33:00,2011-10-24 14:13:00,46,68,1644.0666666666666,1121.3333333333333,85.66666666666667,2.6
15787,948.05,4.602184466019417,3.3,25.0,0.39,540,2.621359223300971,24,1,3,156,157,2.164708737864078,12.5,0.19,1,2011-10-09 13:11:00,2011-11-13 14:55:00,26,35,316.01666666666665,180.0,52.0,0.0
15789,351.3,14.052,15.0,23.400000000000002,5.04,438,17.52,36,6,1,25,25,0.9984000000000001,2.55,0.21,1,2010-12-16 14:35:00,2010-12-16 14:35:00,358,0,351.3,438.0,25.0,0.0
15790,220.85,6.31,4.949999999999999,24.75,0.39,114,3.257142857142857,36,1,1,34,34,3.424285714285714,9.95,0.39,1,2011-11-29 14:53:00,2011-11-29 14:53:00,10,0,220.85,114.0,34.0,0.0
15791,1612.69,21.502533333333336,17.700000000000003,81.0,5.04,731,9.746666666666666,48,2,2,66,67,3.256266666666667,12.75,0.29,1,2011-05-19 15:15:00,2011-10-27 10:14:00,44,160,806.345,365.5,33.0,0.3333333333333333
15793,965.61,80.4675,76.32000000000001,214.8,16.65,553,46.083333333333336,120,1,3,6,7,3.0975,16.65,1.06,1,2011-03-16 10:45:00,2011-11-25 09:31:00,15,253,321.87,184.33333333333334,2.0,0.25
15795,610.01,14.524047619047618,16.6,23.4,5.04,581,13.833333333333334,36,1,1,42,42,3.058095238095238,16.95,0.19,1,2011-07-13 10:43:00,2011-07-13 10:43:00,150,0,610.01,581.0,42.0,0.0
15796,2711.56,20.38766917293233,17.700000000000003,91.80000000000001,0.84,861,6.473684210526316,24,1,8,70,70,3.9022556390977443,14.95,0.42,1,2011-02-10 15:40:00,2011-12-08 19:55:00,1,301,338.945,107.625,8.75,0.2
15797,2207.4,275.925,298.20000000000005,408.0,15.0,873,109.125,200,1,4,8,8,4.23125,15.0,1.65,1,2011-01-24 15:47:00,2011-08-18 17:04:00,113,206,551.85,218.25,2.0,0.0
15799,884.14,9.021836734693878,6.734999999999999,51.0,0.55,955,9.744897959183673,100,1,3,94,94,2.267448979591837,12.75,0.04,1,2011-01-09 15:13:00,2011-09-25 12:46:00,76,258,294.7133333333333,318.3333333333333,31.333333333333332,0.0
15800,699.08,5.874621848739496,4.2,30.0,0.29,335,2.8151260504201683,24,1,2,116,116,2.712689075630252,12.75,0.29,1,2011-04-07 12:39:00,2011-08-24 14:23:00,107,139,349.54,167.5,58.0,0.0
15801,1063.95,16.62421875,17.17,39.6,6.959999999999999,570,8.90625,24,1,3,61,61,2.96421875,10.4,0.29,1,2011-08-22 09:53:00,2011-10-24 13:52:00,46,63,354.65000000000003,190.0,20.333333333333332,1.25
15802,451.42,451.42,451.42,451.42,451.42,1,1.0,1,1,1,1,1,451.42,451.42,451.42,1,2011-07-20 11:38:00,2011-07-20 11:38:00,143,0,451.42,1.0,1.0,0.6666666666666666
15803,415.82000000000005,51.977500000000006,50.61000000000001,94.64,17.0,290,36.25,72,6,1,8,8,1.74875,4.15,0.85,1,2011-10-19 14:56:00,2011-10-19 14:56:00,51,0,415.82000000000005,290.0,8.0,0.0
15804,4206.39,16.05492366412214,15.0,250.0,3.3600000000000003,2565,9.790076335877863,48,1,13,170,170,3.7104961832061067,125.0,0.14,1,2011-05-25 10:12:00,2011-12-09 12:31:00,1,198,323.5684615384616,197.30769230769232,13.076923076923077,0.5789473684210527
15805,5528.4800000000005,18.367043189368772,15.9,102.0,4.5600000000000005,3387,11.252491694352159,48,1,17,220,221,2.7423920265780732,16.95,0.19,1,2010-12-10 09:33:00,2011-11-16 16:32:00,23,341,325.204705882353,199.23529411764707,12.941176470588236,0.3
15806,784.58,25.309032258064516,14.850000000000001,118.80000000000001,10.08,602,19.419354838709676,48,3,3,24,24,2.004193548387097,5.45,0.29,1,2011-03-08 09:24:00,2011-10-24 14:35:00,46,230,261.5266666666667,200.66666666666666,8.0,0.0
15807,903.9,18.83125,16.5,49.5,6.8,430,8.958333333333334,12,2,3,48,48,2.5812500000000003,9.95,0.85,1,2011-09-23 14:43:00,2011-10-20 14:10:00,50,26,301.3,143.33333333333334,16.0,0.0
15808,3734.9700000000003,17.95658653846154,13.375,83.7,0.85,1343,6.456730769230769,36,1,4,142,142,3.5788461538461536,12.75,0.42,1,2010-12-05 13:05:00,2011-02-06 14:33:00,306,63,933.7425000000001,335.75,35.5,0.4
15809,515.77,14.736285714285714,15.3,20.4,4.5600000000000005,301,8.6,48,1,5,31,31,4.123142857142857,12.75,0.19,1,2011-02-10 11:16:00,2011-11-03 16:40:00,36,266,103.154,60.2,6.2,1.3333333333333333
15810,1391.98,15.640224719101123,16.5,33.2,2.99,861,9.674157303370787,24,1,4,66,69,2.6612359550561795,16.95,0.42,1,2011-02-16 09:11:00,2011-09-22 09:38:00,79,218,347.995,215.25,16.5,3.2857142857142856
15811,2218.62,16.681353383458646,15.299999999999999,47.7,5.04,1071,8.052631578947368,48,1,6,117,117,3.487669172932331,12.75,0.29,1,2010-12-09 15:29:00,2011-11-17 15:31:00,22,343,369.77,178.5,19.5,0.6666666666666666
15812,1801.14,43.930243902439024,12.75,297.0,1.7,922,22.48780487804878,288,1,5,36,37,5.051707317073171,35.95,0.42,1,2011-01-26 12:12:00,2011-08-24 14:19:00,107,210,360.228,184.4,7.2,0.0
15813,1303.9099999999999,32.59775,17.0,175.2,9.959999999999999,603,15.075,48,1,2,40,40,3.775,14.95,0.42,1,2011-04-14 09:09:00,2011-05-16 08:13:00,208,31,651.9549999999999,301.5,20.0,0.0
15814,1945.33,27.018472222222222,18.240000000000002,156.6,4.68,1271,17.65277777777778,108,1,4,63,63,3.284861111111111,35.95,0.19,1,2011-10-20 09:04:00,2011-11-23 08:17:00,17,33,486.3325,317.75,15.75,0.3333333333333333
15815,2100.6,42.86938775510204,35.400000000000006,254.4,5.04,1856,37.87755102040816,240,2,5,33,33,2.160408163265306,8.25,0.21,1,2011-03-25 08:43:00,2011-10-07 12:42:00,64,196,420.12,371.2,6.6,0.0
15819,1905.45,15.491463414634147,15.0,51.0,5.04,1357,11.032520325203253,60,2,4,96,96,2.0016260162601625,11.95,0.21,1,2011-03-08 09:45:00,2011-10-21 14:50:00,49,227,476.3625,339.25,24.0,0.0
15820,206.98,12.175294117647057,5.9,90.0,1.25,128,7.529411764705882,72,1,1,17,17,2.2494117647058824,5.45,0.95,1,2011-01-24 12:00:00,2011-01-24 12:00:00,320,0,206.98,128.0,17.0,0.0
15821,570.96,9.209032258064516,8.275,29.849999999999998,1.25,202,3.2580645161290325,12,1,2,57,57,3.696451612903226,16.95,0.42,1,2011-10-09 13:28:00,2011-10-26 15:48:00,44,17,285.48,101.0,28.5,0.0
15822,885.47,26.832424242424242,20.4,70.8,2.8499999999999996,375,11.363636363636363,24,2,2,28,28,3.369393939393939,9.95,0.83,1,2010-12-15 13:38:00,2011-12-06 14:50:00,3,356,442.735,187.5,14.0,0.0
15823,15.0,15.0,15.0,15.0,15.0,1,1.0,1,1,1,1,1,15.0,15.0,15.0,1,2010-12-02 15:08:00,2010-12-02 15:08:00,372,0,15.0,1.0,1.0,8.0
15825,532.94,26.647000000000002,9.9,250.0,2.2800000000000002,220,11.0,40,2,1,20,20,8.8395,125.0,0.19,1,2011-06-20 13:27:00,2011-06-20 13:27:00,172,0,532.94,220.0,20.0,0.0
15826,1654.31,24.328088235294118,19.85,104.04,10.2,963,14.161764705882353,48,2,3,64,64,3.2094117647058824,12.75,0.55,1,2011-05-13 10:44:00,2011-10-14 16:05:00,56,154,551.4366666666666,321.0,21.333333333333332,0.25
15827,1836.0900000000001,15.966000000000001,15.8,31.6,6.64,882,7.6695652173913045,24,1,14,72,73,4.353130434782609,14.95,0.42,1,2010-12-02 13:06:00,2011-09-27 15:35:00,73,299,131.14928571428572,63.0,5.142857142857143,0.95
15829,636.14,12.473333333333333,10.2,34.8,2.88,996,19.529411764705884,48,2,2,44,44,1.0527450980392157,12.75,0.06,1,2011-07-22 10:23:00,2011-09-01 16:45:00,99,41,318.07,498.0,22.0,0.0
15830,576.0,14.76923076923077,15.0,33.0,5.04,415,10.64102564102564,25,2,1,39,39,2.913846153846154,8.5,0.39,1,2011-11-02 10:40:00,2011-11-02 10:40:00,38,0,576.0,415.0,39.0,1.0
15831,801.76,11.790588235294118,5.5,64.35,0.39,1105,16.25,288,1,3,63,63,2.6416176470588235,50.0,0.12,1,2011-01-19 14:52:00,2011-10-12 13:14:00,58,265,267.25333333333333,368.3333333333333,21.0,0.25
15832,836.79,15.49611111111111,15.299999999999999,31.6,8.5,465,8.61111111111111,24,2,1,54,54,2.310185185185185,7.65,0.42,1,2011-03-30 15:29:00,2011-03-30 15:29:00,254,0,836.79,465.0,54.0,0.0
15834,2233.75,8.182234432234432,4.55,125.0,0.42,965,3.5347985347985347,60,1,4,242,242,4.069487179487179,125.0,0.19,1,2011-03-07 17:52:00,2011-09-30 14:41:00,70,206,558.4375,241.25,60.5,0.5
15835,954.09,19.0818,17.700000000000003,50.849999999999994,6.64,439,8.78,24,2,4,47,47,3.073,16.95,0.42,1,2011-01-13 10:35:00,2011-10-26 15:47:00,44,286,238.5225,109.75,11.75,0.0
15836,137.37,13.737,12.75,25.0,9.9,26,2.6,8,1,1,10,10,9.244,25.0,1.69,1,2011-10-20 17:13:00,2011-10-20 17:13:00,50,0,137.37,26.0,10.0,1.0
15837,391.98,16.3325,16.55,30.0,6.8,189,7.875,24,1,1,24,24,4.09125,12.5,0.29,1,2011-10-06 09:01:00,2011-10-06 09:01:00,65,0,391.98,189.0,24.0,0.0
15838,33643.08,201.45556886227547,127.49999999999999,1790.0,17.28,18368,109.9880239520958,1000,16,19,54,54,1.9419760479041916,4.65,0.36,1,2010-12-07 11:26:00,2011-11-28 14:00:00,11,356,1770.6884210526316,966.7368421052631,2.8421052631578947,0.09523809523809523
15839,1048.49,16.911129032258064,16.5,44.550000000000004,2.88,675,10.887096774193548,48,2,3,56,56,2.1283870967741936,5.95,0.06,1,2011-07-14 16:35:00,2011-11-06 13:54:00,33,114,349.49666666666667,225.0,18.666666666666668,0.6
15840,355.56,13.168888888888889,13.919999999999998,23.4,5.04,396,14.666666666666666,48,2,2,26,26,1.961111111111111,8.5,0.19,1,2011-06-20 11:42:00,2011-10-12 09:08:00,59,113,177.78,198.0,13.0,0.3333333333333333
15841,1224.06,26.043829787234042,15.0,187.5,9.36,942,20.04255319148936,50,2,4,36,36,1.416808510638298,4.95,0.29,1,2011-01-05 11:25:00,2011-09-28 12:15:00,73,266,306.015,235.5,9.0,0.5
15843,118.95000000000002,14.868750000000002,13.8,17.85,12.600000000000001,27,3.375,6,1,1,8,8,7.14375,12.75,2.1,1,2011-02-09 10:19:00,2011-02-09 10:19:00,304,0,118.95000000000002,27.0,8.0,0.0
15844,130.73999999999998,11.885454545454543,10.2,21.9,6.959999999999999,134,12.181818181818182,24,2,1,11,11,1.7936363636363637,10.95,0.29,1,2011-10-24 15:19:00,2011-10-24 15:19:00,46,0,130.73999999999998,134.0,11.0,0.0
15845,3711.77,26.896884057971015,24.300000000000004,81.12,6.6000000000000005,1926,13.956521739130435,48,1,8,97,98,2.730144927536232,12.5,0.29,1,2011-01-06 17:19:00,2011-11-22 09:42:00,18,319,463.97125,240.75,12.125,0.2
15847,389.27,17.694090909090907,15.0,60.48,8.5,449,20.40909090909091,288,1,2,22,22,3.35,14.95,0.21,1,2011-02-24 16:46:00,2011-11-01 14:41:00,38,249,194.635,224.5,11.0,0.0
15850,238.85,2.4623711340206187,1.65,15.12,0.19,302,3.11340206185567,36,1,2,87,87,1.5638144329896908,9.95,0.19,1,2011-06-24 14:16:00,2011-11-20 14:14:00,19,148,119.425,151.0,43.5,0.0
15852,160.71,7.305000000000001,3.3,57.5,0.42,48,2.1818181818181817,10,1,2,22,22,3.355,12.75,0.42,1,2011-05-26 13:26:00,2011-06-06 11:22:00,187,10,80.355,24.0,11.0,0.0
15853,110.8,3.6933333333333334,3.35,10.5,0.55,135,4.5,25,1,1,29,29,1.4693333333333334,4.15,0.42,1,2011-10-19 10:38:00,2011-10-19 10:38:00,52,0,110.8,135.0,29.0,0.0
15854,2974.65,21.247500000000002,4.65,214.20000000000002,0.21,939,6.707142857142857,96,1,12,105,105,2.9360714285714287,8.5,0.14,1,2010-12-13 11:47:00,2011-12-05 13:39:00,4,357,247.88750000000002,78.25,8.75,0.0
15855,712.24,8.903,7.8,39.6,0.95,470,5.875,24,1,5,59,59,1.886,4.95,0.29,1,2011-03-21 12:32:00,2011-07-26 10:20:00,137,126,142.448,94.0,11.8,0.0
15856,16387.57,25.40708527131783,10.5,408.0,0.29,11005,17.06201550387597,200,1,27,295,300,1.7719379844961243,10.95,0.12,1,2010-12-09 13:34:00,2011-12-05 17:09:00,4,361,606.947037037037,407.5925925925926,10.925925925925926,0.25806451612903225
15857,297.0,21.214285714285715,15.299999999999999,81.6,13.200000000000001,308,22.0,48,12,1,14,14,0.9428571428571428,2.55,0.55,1,2011-11-21 12:18:00,2011-11-21 12:18:00,19,0,297.0,308.0,14.0,0.0
15858,1438.85,7.533246073298429,5.04,102.0,0.1,1167,6.109947643979058,36,1,5,145,146,2.3072774869109947,12.75,0.1,1,2010-12-07 14:31:00,2011-11-24 12:48:00,16,351,287.77,233.4,29.0,0.0
15860,977.21,6.881760563380282,4.68,33.9,0.84,440,3.0985915492957745,36,1,8,105,106,3.4395070422535214,16.95,0.21,1,2010-12-06 11:38:00,2011-10-30 11:25:00,41,327,122.15125,55.0,13.125,0.0
15861,3165.36,5.797362637362638,4.2,165.0,0.42,2544,4.65934065934066,72,1,8,339,343,1.871190476190476,165.0,0.12,1,2011-03-17 20:12:00,2011-11-27 15:59:00,12,254,395.67,318.0,42.375,0.1111111111111111
15862,832.88,5.665850340136054,3.75,40.56,0.42,585,3.979591836734694,108,1,4,142,142,2.7378911564625854,16.95,0.16,1,2010-12-01 11:21:00,2011-12-01 13:28:00,8,365,208.22,146.25,35.5,0.0
15863,68.84,3.8244444444444445,3.35,9.95,0.39,19,1.0555555555555556,2,1,2,18,18,3.708888888888889,9.95,0.39,1,2011-05-31 11:36:00,2011-11-14 12:49:00,26,167,34.42,9.5,9.0,0.0
15864,1936.3200000000002,96.816,103.62,225.0,9.899999999999999,1192,59.6,144,4,6,16,16,2.7265,8.95,1.04,1,2011-01-27 16:43:00,2011-11-17 13:32:00,22,293,322.72,198.66666666666666,2.6666666666666665,0.5
15865,895.13,22.37825,17.0,83.2,5.04,368,9.2,36,1,3,37,37,5.611,20.8,0.42,1,2011-05-10 11:44:00,2011-10-30 12:43:00,41,173,298.37666666666667,122.66666666666667,12.333333333333334,0.0
15866,230.53,5.122888888888889,2.95,16.95,1.25,126,2.8,25,1,1,43,43,3.8722222222222222,16.95,0.42,1,2011-08-30 14:09:00,2011-08-30 14:09:00,101,0,230.53,126.0,43.0,0.0
15867,3812.64,8.270368763557483,4.95,52.199999999999996,0.42,2054,4.455531453362256,96,1,15,302,304,3.4156399132321043,19.95,0.1,1,2010-12-05 14:17:00,2011-12-04 13:32:00,5,363,254.176,136.93333333333334,20.133333333333333,0.125
15869,149.64,9.975999999999999,8.850000000000001,30.24,1.45,175,11.666666666666666,84,1,2,13,13,2.1420000000000003,4.95,0.36,1,2011-03-07 17:19:00,2011-03-07 17:23:00,277,0,74.82,87.5,6.5,0.0
15870,354.09000000000003,4.659078947368421,4.05,24.96,0.55,335,4.407894736842105,25,1,1,68,68,1.801842105263158,8.5,0.42,1,2011-11-07 10:58:00,2011-11-07 10:58:00,33,0,354.09000000000003,335.0,68.0,0.0
15872,360.93,2.819765625,1.7,19.9,0.19,212,1.65625,12,1,2,101,101,2.07296875,9.95,0.19,1,2011-11-25 11:54:00,2011-11-25 11:55:00,15,0,180.465,106.0,50.5,0.0
15874,4405.88,36.71566666666667,15.45,306.0,0.65,2534,21.116666666666667,180,1,7,110,110,5.8974166666666665,125.0,0.29,1,2011-02-28 13:28:00,2011-10-07 12:31:00,64,220,629.4114285714286,362.0,15.714285714285714,1.8888888888888888
15877,493.28,3.823875968992248,1.65,42.0,0.21,371,2.875968992248062,100,1,2,122,122,1.8717829457364341,11.95,0.19,1,2011-11-22 11:18:00,2011-12-08 11:53:00,2,16,246.64,185.5,61.0,0.6666666666666666
15880,343.28000000000003,3.2693333333333334,2.1,30.0,0.42,211,2.0095238095238095,24,1,1,95,95,2.1701904761904762,16.95,0.29,1,2010-12-05 13:00:00,2010-12-05 13:00:00,369,0,343.28000000000003,211.0,95.0,0.5
15881,501.39000000000004,17.289310344827587,5.699999999999999,100.80000000000001,0.29,260,8.96551724137931,48,1,5,26,26,3.3168965517241378,9.95,0.29,1,2010-12-10 13:32:00,2011-01-31 16:59:00,312,52,100.278,52.0,5.2,0.375
15882,516.36,22.450434782608696,21.0,60.0,0.42,276,12.0,48,1,4,23,23,1.9078260869565218,4.95,0.19,1,2010-12-06 13:01:00,2011-05-25 11:35:00,199,169,129.09,69.0,5.75,0.2
15883,396.48,8.091428571428573,5.04,30.599999999999998,0.95,223,4.551020408163265,18,1,2,42,42,2.9546938775510205,12.75,0.42,1,2011-11-06 14:50:00,2011-12-07 17:05:00,2,31,198.24,111.5,21.0,0.0
15885,379.35,21.075000000000003,18.825,51.0,15.0,111,6.166666666666667,12,1,3,18,18,5.686111111111111,15.0,1.25,1,2011-02-03 15:28:00,2011-09-08 10:43:00,93,216,126.45,37.0,6.0,0.0
15886,181.09,15.090833333333334,9.295,58.0,0.95,147,12.25,72,1,1,12,12,2.9975,9.95,0.12,1,2011-10-10 14:25:00,2011-10-10 14:25:00,60,0,181.09,147.0,12.0,0.0
15888,168.31,14.025833333333333,5.025,76.5,0.55,76,6.333333333333333,20,1,1,11,11,2.464166666666667,12.75,0.19,1,2011-09-20 12:30:00,2011-09-20 12:30:00,81,0,168.31,76.0,11.0,1.0
15889,446.87,4.80505376344086,2.95,21.95,0.42,215,2.3118279569892475,24,1,2,79,79,2.8899999999999997,21.95,0.42,1,2010-12-05 15:12:00,2011-07-06 11:10:00,157,212,223.435,107.5,39.5,0.0
15891,524.52,8.459999999999999,5.1,26.4,0.76,442,7.129032258064516,48,1,1,60,60,2.651774193548387,12.75,0.21,1,2011-04-27 12:35:00,2011-04-27 12:35:00,227,0,524.52,442.0,60.0,0.0
15894,263.55,6.4280487804878055,2.95,74.25,0.55,168,4.097560975609756,20,1,2,35,35,2.0119512195121954,7.95,0.29,1,2010-12-05 14:06:00,2011-03-31 13:50:00,253,115,131.775,84.0,17.5,0.0
15895,179.17,16.288181818181815,2.08,137.16,0.42,94,8.545454545454545,48,1,1,11,11,1.9845454545454544,4.25,0.42,1,2011-07-13 10:27:00,2011-07-13 10:27:00,150,0,179.17,94.0,11.0,0.0
15897,222.05,9.252083333333333,3.75,110.5,0.85,261,10.875,130,1,2,17,17,2.0920833333333335,4.95,0.21,1,2011-05-29 13:32:00,2011-05-29 13:50:00,194,0,111.025,130.5,8.5,0.0
15898,1388.88,16.149767441860465,8.1,275.0,0.65,570,6.627906976744186,100,1,5,70,71,3.322674418604651,15.95,0.42,1,2010-12-06 11:01:00,2011-12-08 15:23:00,1,367,277.776,114.0,14.0,0.16666666666666666
15899,56.25,14.0625,13.175,20.0,9.899999999999999,39,9.75,16,1,1,4,4,4.125,12.75,0.85,1,2010-12-06 10:36:00,2010-12-06 10:36:00,369,0,56.25,39.0,4.0,0.0
15900,351.11,6.884509803921569,4.949999999999999,22.5,0.39,221,4.333333333333333,24,1,1,44,44,2.0315686274509805,4.95,0.39,1,2011-11-16 12:19:00,2011-11-16 12:19:00,24,0,351.11,221.0,44.0,0.0
15901,363.88,3.136896551724138,2.1,16.95,0.21,384,3.310344827586207,58,1,3,102,102,2.0995689655172414,16.95,0.08,1,2011-07-08 12:18:00,2011-11-23 12:43:00,17,138,121.29333333333334,128.0,34.0,0.0
15903,5126.76,69.28054054054054,32.7,237.60000000000002,5.04,2410,32.567567567567565,96,6,7,46,46,2.245135135135135,12.5,0.42,1,2011-02-17 14:04:00,2011-11-30 08:08:00,10,285,732.3942857142857,344.2857142857143,6.571428571428571,0.125
15904,164.68,5.489333333333334,3.9,28.75,0.55,84,2.8,12,1,1,30,30,2.953333333333333,19.95,0.39,1,2011-12-01 14:50:00,2011-12-01 14:50:00,8,0,164.68,84.0,30.0,0.0
15906,1567.69,10.451266666666667,7.5,51.0,0.65,544,3.6266666666666665,24,1,7,113,114,3.3830666666666667,16.95,0.29,1,2011-03-29 13:28:00,2011-11-20 12:24:00,20,235,223.9557142857143,77.71428571428571,16.142857142857142,0.125
15907,967.45,3.8853413654618474,2.6,34.65,0.12,509,2.0441767068273093,24,1,3,175,176,2.590240963855422,14.95,0.12,1,2011-05-13 13:01:00,2011-12-06 12:21:00,4,206,322.48333333333335,169.66666666666666,58.333333333333336,0.0
15909,191.94,27.419999999999998,19.799999999999997,61.199999999999996,5.04,98,14.0,24,2,1,7,7,1.8599999999999999,2.55,0.42,1,2011-06-19 10:38:00,2011-06-19 10:38:00,174,0,191.94,98.0,7.0,0.0
15910,1232.18,4.614906367041199,3.32,19.8,0.39,1015,3.801498127340824,24,1,8,215,216,1.8127340823970037,12.75,0.12,1,2011-01-27 11:55:00,2011-12-09 10:51:00,1,315,154.0225,126.875,26.875,0.0
15912,264.62,13.927368421052632,10.5,35.400000000000006,0.42,185,9.736842105263158,25,1,2,19,19,2.0957894736842104,9.95,0.42,1,2011-04-20 17:10:00,2011-06-14 14:29:00,178,54,132.31,92.5,9.5,0.0
15916,1528.09,9.858645161290323,7.8,44.75,0.78,757,4.883870967741935,36,1,8,124,124,3.7222580645161294,16.95,0.06,1,2010-12-08 13:07:00,2011-11-23 13:46:00,16,350,191.01125,94.625,15.5,0.5
15917,123.1,10.258333333333333,9.525,29.9,1.25,42,3.5,12,1,1,12,12,5.1499999999999995,14.95,0.85,1,2011-04-06 10:40:00,2011-04-06 10:40:00,248,0,123.1,42.0,12.0,0.0
15918,334.23,8.35575,6.425,35.699999999999996,1.25,153,3.825,14,1,2,33,33,2.5142499999999997,6.35,0.65,1,2011-03-13 15:55:00,2011-06-02 11:42:00,191,80,167.115,76.5,16.5,0.0
15919,639.89,4.4747552447552446,3.75,25.5,0.39,545,3.8111888111888113,25,1,2,103,104,2.4646153846153847,12.75,0.39,1,2010-12-06 11:26:00,2011-11-20 11:28:00,20,349,319.945,272.5,51.5,0.0
15920,167.5,2.7916666666666665,2.435,8.95,0.1,99,1.65,12,1,4,53,53,2.1593333333333335,8.95,0.1,1,2011-07-08 15:16:00,2011-07-08 15:31:00,154,0,41.875,24.75,13.25,0.0
15921,336.03000000000003,13.441200000000002,8.5,81.12,1.25,166,6.64,48,1,1,24,24,3.7872000000000003,16.95,0.39,1,2011-06-20 11:03:00,2011-06-20 11:03:00,173,0,336.03000000000003,166.0,24.0,0.0
15922,369.5,33.59090909090909,30.0,75.60000000000001,13.2,138,12.545454545454545,36,2,1,11,11,4.409090909090909,12.75,1.25,1,2010-12-01 13:51:00,2010-12-01 13:51:00,373,0,369.5,138.0,11.0,0.5
15923,127.08,6.051428571428572,5.0,20.8,0.85,122,5.809523809523809,48,1,1,21,21,2.814761904761905,9.95,0.21,1,2010-12-02 12:16:00,2010-12-02 12:16:00,373,0,127.08,122.0,21.0,0.0
15925,207.15,17.2625,15.95,38.25,5.8,93,7.75,12,3,1,12,12,2.8958333333333335,12.75,0.85,1,2011-05-29 15:35:00,2011-05-29 15:35:00,194,0,207.15,93.0,12.0,0.0
15930,426.63,20.315714285714286,16.5,35.400000000000006,14.850000000000001,139,6.619047619047619,12,2,1,21,21,4.022857142857143,8.25,1.65,1,2011-10-03 14:52:00,2011-10-03 14:52:00,67,0,426.63,139.0,21.0,0.0
15932,2495.87,21.703217391304346,15.6,122.04,4.5600000000000005,2325,20.217391304347824,72,2,8,93,92,1.4927826086956522,9.95,0.19,1,2011-02-23 14:50:00,2011-12-05 17:13:00,4,285,311.98375,290.625,11.625,0.36363636363636365
15933,1107.46,14.965675675675676,14.925,45.0,4.5600000000000005,885,11.95945945945946,96,1,3,63,63,2.1356756756756754,9.95,0.19,1,2011-09-14 12:05:00,2011-11-18 13:14:00,21,65,369.15333333333336,295.0,21.0,0.0
15935,416.86,34.73833333333334,10.02,308.82,5.04,115,9.583333333333334,12,1,2,12,12,27.295,308.82,0.42,1,2011-04-12 09:35:00,2011-04-14 13:27:00,239,2,208.43,57.5,6.0,0.0
15937,145.35,20.764285714285712,19.799999999999997,33.6,14.850000000000001,73,10.428571428571429,16,3,1,7,7,2.3714285714285714,4.95,1.65,1,2011-10-06 15:48:00,2011-10-06 15:48:00,64,0,145.35,73.0,7.0,0.0
15938,404.58,22.476666666666667,16.4,60.0,9.899999999999999,240,13.333333333333334,36,2,5,13,13,2.320555555555556,8.5,0.83,1,2011-01-20 10:11:00,2011-08-19 12:56:00,112,211,80.916,48.0,2.6,0.0
15939,6115.01,80.46065789473684,46.5,306.0,10.08,4728,62.21052631578947,600,1,15,28,29,1.7944736842105262,15.0,0.42,1,2011-01-12 12:43:00,2011-09-11 11:30:00,90,241,407.6673333333334,315.2,1.8666666666666667,0.0625
15940,35.8,35.8,35.8,35.8,35.8,4,4.0,4,4,1,1,1,8.95,8.95,8.95,1,2011-02-01 16:18:00,2011-02-01 16:18:00,311,0,35.8,4.0,1.0,0.5
15942,337.44,24.102857142857143,19.7,45.0,10.08,232,16.571428571428573,36,2,1,14,14,2.657857142857143,9.95,0.42,1,2011-07-29 09:01:00,2011-07-29 09:01:00,134,0,337.44,232.0,14.0,0.0
15944,325.1,54.18333333333334,17.700000000000003,175.2,15.8,50,8.333333333333334,16,4,1,6,6,5.083333333333333,10.95,2.95,1,2011-03-08 10:33:00,2011-03-08 10:33:00,277,0,325.1,50.0,6.0,0.0
15945,181.0,90.5,90.5,167.4,13.6,52,26.0,36,16,1,2,2,2.75,4.65,0.85,1,2010-12-09 13:14:00,2010-12-09 13:14:00,365,0,181.0,52.0,2.0,0.0
15947,1708.24,58.9048275862069,31.8,179.0,13.28,898,30.96551724137931,100,2,1,29,29,4.022068965517241,9.95,0.83,1,2011-09-18 10:46:00,2011-09-18 10:46:00,83,0,1708.24,898.0,29.0,0.0
15948,955.24,15.920666666666667,15.0,23.400000000000002,10.2,567,9.45,36,3,2,51,51,2.5215,5.95,0.42,1,2011-10-27 08:35:00,2011-12-01 15:32:00,8,35,477.62,283.5,25.5,0.0
15949,364.72,19.19578947368421,16.5,35.400000000000006,9.36,284,14.947368421052632,36,6,2,12,12,1.8247368421052632,4.15,0.39,1,2011-09-29 17:34:00,2011-11-23 09:09:00,17,54,182.36,142.0,6.0,0.0
15950,1765.51,18.015408163265306,17.0,67.85000000000001,0.85,729,7.438775510204081,24,1,4,86,87,3.335,12.75,0.42,1,2010-12-15 11:56:00,2011-11-08 11:09:00,32,327,441.3775,182.25,21.5,1.0
15951,708.22,17.273658536585366,16.8,31.6,9.959999999999999,313,7.634146341463414,16,1,2,36,36,3.700731707317073,14.95,0.65,1,2011-02-27 11:57:00,2011-12-01 08:34:00,9,276,354.11,156.5,18.0,0.6666666666666666
15952,806.57,8.863406593406594,6.24,35.400000000000006,0.65,399,4.384615384615385,48,1,4,65,66,3.2756043956043954,12.75,0.39,1,2011-04-28 12:55:00,2011-11-06 11:18:00,34,191,201.6425,99.75,16.25,0.0
15953,1659.3799999999999,16.932448979591836,12.75,81.6,0.42,892,9.10204081632653,36,1,8,63,63,2.719795918367347,12.75,0.29,1,2010-12-05 15:15:00,2011-11-24 15:32:00,15,354,207.42249999999999,111.5,7.875,0.5
15955,4416.26,24.13256830601093,19.799999999999997,179.0,6.64,2135,11.666666666666666,100,2,14,137,137,2.833169398907104,12.5,0.55,1,2010-12-02 11:22:00,2011-11-15 14:15:00,24,348,315.44714285714286,152.5,9.785714285714286,0.125
15957,428.89,10.211666666666666,7.5,50.400000000000006,0.84,211,5.023809523809524,24,1,1,40,40,2.787857142857143,9.95,0.42,1,2011-11-08 12:14:00,2011-11-08 12:14:00,32,0,428.89,211.0,40.0,0.0
15958,104.35,14.907142857142857,8.25,43.45,1.7,33,4.714285714285714,11,1,1,7,7,3.9842857142857144,8.25,0.79,1,2011-09-26 13:41:00,2011-09-26 13:41:00,74,0,104.35,33.0,7.0,0.0
15963,470.76,16.812857142857144,15.0,39.599999999999994,7.800000000000001,298,10.642857142857142,24,2,2,26,26,2.41,9.95,0.65,1,2011-10-25 13:05:00,2011-11-20 11:33:00,20,25,235.38,149.0,13.0,0.0
15965,845.64,6.931475409836065,4.4399999999999995,59.0,0.55,453,3.7131147540983607,36,1,4,88,89,2.287704918032787,8.5,0.39,1,2010-12-07 13:18:00,2011-11-22 16:44:00,17,350,211.41,113.25,22.0,0.0
15967,418.83,4.986071428571428,4.949999999999999,24.75,0.65,211,2.511904761904762,20,1,2,73,73,2.8676190476190477,12.5,0.39,1,2011-01-25 11:57:00,2011-11-16 15:41:00,23,295,209.415,105.5,36.5,0.0
15969,666.1,33.305,30.9,83.2,10.2,124,6.2,12,2,3,20,20,7.0825000000000005,20.8,0.85,1,2011-06-07 12:19:00,2011-12-07 11:06:00,3,182,222.03333333333333,41.333333333333336,6.666666666666667,0.25
15970,314.1,28.55454545454546,16.5,49.800000000000004,12.600000000000001,116,10.545454545454545,12,6,1,11,11,2.6,4.15,1.65,1,2011-02-09 12:08:00,2011-02-09 12:08:00,304,0,314.1,116.0,11.0,0.0
15971,4199.85,119.9957142857143,63.0,708.0,4.95,1717,49.05714285714286,240,1,12,10,10,2.3254285714285716,4.95,1.85,1,2011-02-01 16:47:00,2011-11-22 12:50:00,18,293,349.9875,143.08333333333334,0.8333333333333334,0.0
15973,307.82000000000005,76.95500000000001,46.86,197.1,17.0,106,26.5,72,4,1,4,4,4.4275,10.95,1.06,1,2010-12-08 11:42:00,2010-12-08 11:42:00,367,0,307.82000000000005,106.0,4.0,0.6666666666666666
15974,3442.15,19.557670454545455,17.4,175.2,4.5600000000000005,2262,12.852272727272727,100,1,7,141,141,2.819545454545455,12.75,0.1,1,2011-02-24 10:10:00,2011-10-31 13:13:00,39,249,491.7357142857143,323.14285714285717,20.142857142857142,0.125
15975,371.01,15.45875,15.4,23.4,9.36,243,10.125,24,2,1,24,24,2.1433333333333335,4.95,0.39,1,2011-09-16 13:33:00,2011-09-16 13:33:00,84,0,371.01,243.0,24.0,0.0
15976,430.94,4.39734693877551,3.37,23.4,0.84,277,2.826530612244898,36,1,2,83,83,2.4076530612244897,9.95,0.21,1,2011-05-03 17:12:00,2011-06-27 13:00:00,165,54,215.47,138.5,41.5,0.0
15977,1054.73,16.226615384615386,12.600000000000001,56.160000000000004,1.9,1016,15.63076923076923,144,1,2,48,48,2.9993846153846153,16.95,0.29,1,2011-10-31 16:24:00,2011-11-22 13:29:00,17,21,527.365,508.0,24.0,0.0
15978,1098.78,22.42408163265306,17.4,70.80000000000001,9.36,888,18.122448979591837,48,4,1,49,49,1.9628571428571426,9.95,0.29,1,2011-09-23 15:21:00,2011-09-23 15:21:00,77,0,1098.78,888.0,49.0,0.0
15980,2398.86,55.78744186046512,46.24,199.20000000000002,18.75,1560,36.27906976744186,288,12,3,40,40,2.072558139534884,5.39,0.29,1,2011-03-30 15:05:00,2011-09-12 09:41:00,89,165,799.62,520.0,13.333333333333334,0.0
15981,3408.48,35.13896907216495,23.4,102.0,12.600000000000001,1866,19.237113402061855,48,4,8,53,56,2.2077319587628867,6.75,0.55,1,2011-02-01 13:50:00,2011-11-15 08:00:00,25,286,426.06,233.25,6.625,0.0
15983,1475.02,13.053274336283186,7.8,91.8,0.84,892,7.893805309734513,48,1,4,82,82,2.1008849557522122,10.4,0.42,1,2010-12-01 12:15:00,2011-11-17 17:34:00,22,351,368.755,223.0,20.5,0.0
15984,2837.67,10.50988888888889,5.04,183.06,0.42,1843,6.825925925925926,240,1,10,217,218,2.730962962962963,29.95,0.29,1,2010-12-06 13:21:00,2011-12-07 12:16:00,3,365,283.767,184.3,21.7,0.45454545454545453
15985,1142.42,30.876216216216218,23.400000000000002,122.39999999999999,12.600000000000001,1086,29.35135135135135,250,2,2,29,29,1.8202702702702702,8.5,0.42,1,2011-04-17 11:04:00,2011-08-08 16:31:00,123,113,571.21,543.0,14.5,0.3333333333333333
15986,168.12,12.008571428571429,13.52,19.799999999999997,6.24,268,19.142857142857142,48,8,1,14,14,0.897142857142857,1.69,0.29,1,2011-11-09 15:17:00,2011-11-09 15:17:00,30,0,168.12,268.0,14.0,0.0
15987,1451.28,10.366285714285715,2.95,353.34000000000003,0.21,1556,11.114285714285714,906,1,7,110,110,2.154642857142857,12.5,0.21,1,2010-12-06 08:34:00,2011-11-27 15:38:00,12,356,207.32571428571427,222.28571428571428,15.714285714285714,0.0
15988,158.03,5.852962962962963,3.75,22.5,1.25,181,6.703703703703703,100,1,1,26,26,3.451851851851852,19.95,0.04,1,2011-11-20 13:23:00,2011-11-20 13:23:00,19,0,158.03,181.0,26.0,0.0
15990,792.11,15.232884615384616,12.600000000000001,51.0,2.9,443,8.51923076923077,60,1,2,52,52,3.0548076923076923,12.75,0.42,1,2011-02-25 15:35:00,2011-10-26 15:58:00,44,243,396.055,221.5,26.0,0.0
15992,41.989999999999995,13.996666666666664,13.52,14.95,13.52,17,5.666666666666667,8,1,1,3,3,6.109999999999999,14.95,1.69,1,2011-12-06 11:00:00,2011-12-06 11:00:00,4,0,41.989999999999995,17.0,3.0,0.0
15993,2797.57,5.068061594202899,3.63,30.0,0.29,2051,3.7155797101449277,48,1,7,335,335,2.233713768115942,12.75,0.19,1,2011-10-26 16:21:00,2011-12-01 10:45:00,9,35,399.65285714285716,293.0,47.857142857142854,0.8
15994,427.07,12.202,8.3,49.92,2.25,177,5.057142857142857,36,1,1,31,31,3.388,16.95,0.85,1,2011-10-16 12:28:00,2011-10-16 12:28:00,55,0,427.07,177.0,31.0,0.0
15996,1060.68,8.159076923076924,7.5,35.95,1.25,384,2.953846153846154,25,1,6,103,103,3.9843076923076928,35.95,0.42,1,2010-12-08 15:59:00,2011-09-12 15:14:00,88,277,176.78,64.0,17.166666666666668,0.14285714285714285
15998,3089.97,6.106660079051383,5.04,47.7,0.55,2041,4.033596837944664,36,1,5,370,373,2.5529446640316205,16.95,0.21,1,2010-12-12 13:32:00,2011-11-03 12:45:00,37,325,617.9939999999999,408.2,74.0,0.5
16000,12393.7,1377.0777777777778,1190.3999999999999,2046.0,855.5999999999999,5110,567.7777777777778,620,150,3,9,9,3.3455555555555554,13.35,1.38,1,2011-12-07 12:14:00,2011-12-07 12:17:00,3,0,4131.233333333334,1703.3333333333333,3.0,0.0
16003,2735.37,26.556990291262135,15.0,250.0,2.55,1185,11.504854368932039,40,1,5,82,82,5.018446601941747,125.0,0.42,1,2010-12-15 12:09:00,2011-11-10 09:57:00,30,329,547.074,237.0,16.4,0.0
16005,615.39,2.822889908256881,1.95,9.95,0.39,300,1.3761467889908257,12,1,4,173,173,2.3735779816513762,9.95,0.29,1,2011-03-14 11:46:00,2011-11-27 13:47:00,12,258,153.8475,75.0,43.25,0.0
16006,101.4,12.675,9.105,33.2,3.4799999999999995,84,10.5,24,4,1,8,8,1.5775000000000001,4.15,0.29,1,2011-05-12 13:12:00,2011-05-12 13:12:00,211,0,101.4,84.0,8.0,0.0
16007,1701.94,4.420623376623377,2.52,30.0,0.55,1393,3.618181818181818,48,1,4,221,224,1.78612987012987,12.75,0.19,1,2011-05-08 13:32:00,2011-10-23 11:05:00,48,167,425.485,348.25,55.25,0.0
16008,478.78,14.508484848484848,16.5,31.8,0.85,323,9.787878787878787,48,1,3,29,29,2.111515151515152,7.95,0.39,1,2011-05-19 10:54:00,2011-11-16 10:32:00,24,180,159.59333333333333,107.66666666666667,9.666666666666666,0.0
16009,992.71,11.030111111111111,6.2700000000000005,59.0,0.85,378,4.2,24,1,4,68,68,3.313888888888889,9.95,0.65,1,2011-07-03 11:26:00,2011-11-17 16:51:00,22,137,248.1775,94.5,17.0,0.0
16010,407.5,4.738372093023256,3.25,38.35,0.29,210,2.441860465116279,13,1,3,62,61,2.2238372093023258,6.75,0.29,1,2010-12-12 12:18:00,2011-04-08 10:14:00,246,116,135.83333333333334,70.0,20.666666666666668,0.0
16011,3362.71,15.86183962264151,15.0,70.80000000000001,0.42,2042,9.632075471698114,72,1,16,99,100,2.1162735849056604,14.95,0.29,1,2010-12-08 16:34:00,2011-12-01 16:31:00,8,357,210.169375,127.625,6.1875,0.0
16012,1415.29,15.05627659574468,8.25,127.5,1.45,799,8.5,50,1,3,87,87,2.5875531914893615,15.95,0.29,1,2011-07-07 18:02:00,2011-11-04 13:25:00,35,119,471.7633333333333,266.3333333333333,29.0,0.0
16013,37130.6,267.126618705036,204.0,1815.0,11.899999999999999,15536,111.76978417266187,960,10,47,30,31,2.803669064748201,10.95,0.52,1,2010-12-03 13:09:00,2011-12-06 10:36:00,4,367,790.0127659574467,330.5531914893617,0.6382978723404256,0.2222222222222222
16014,662.38,4.5681379310344825,3.3,22.5,0.55,265,1.8275862068965518,7,1,3,123,123,2.8024137931034483,15.0,0.42,1,2011-02-21 17:42:00,2011-11-02 12:04:00,38,253,220.79333333333332,88.33333333333333,41.0,0.75
16015,705.39,3.875769230769231,2.9,85.32000000000001,0.29,909,4.9945054945054945,108,1,3,146,146,1.2462637362637363,8.25,0.08,1,2011-10-21 12:56:00,2011-12-06 10:58:00,4,45,235.13,303.0,48.666666666666664,0.5
16016,1508.76,6.420255319148936,4.16,33.9,0.29,620,2.6382978723404253,20,1,8,156,157,2.9934468085106385,16.95,0.29,1,2010-12-08 12:36:00,2011-12-06 14:35:00,3,363,188.595,77.5,19.5,0.2
16017,211.88,6.62125,5.8149999999999995,19.95,1.25,102,3.1875,10,1,1,26,26,2.675625,19.95,1.25,1,2011-10-23 12:56:00,2011-10-23 12:56:00,47,0,211.88,102.0,26.0,0.0
16018,408.90000000000003,14.60357142857143,11.9,49.92,1.25,190,6.785714285714286,36,1,2,26,26,3.3039285714285715,9.95,0.39,1,2011-06-12 13:52:00,2011-10-31 14:13:00,39,141,204.45000000000002,95.0,13.0,0.0
16019,3786.2400000000002,23.664,15.9,175.2,0.95,1733,10.83125,36,1,9,133,134,3.3305,12.75,0.29,1,2010-12-10 12:29:00,2011-10-24 11:51:00,47,317,420.6933333333334,192.55555555555554,14.777777777777779,0.5
16020,851.01,18.500217391304346,17.17,102.0,8.2,487,10.58695652173913,40,2,3,42,42,2.4445652173913044,12.5,0.39,1,2011-10-05 13:54:00,2011-11-23 11:18:00,17,48,283.67,162.33333333333334,14.0,0.0
16022,628.28,8.266842105263157,6.55,42.5,0.55,261,3.4342105263157894,12,1,1,68,68,3.3089473684210526,12.75,0.29,1,2011-03-24 13:16:00,2011-03-24 13:16:00,260,0,628.28,261.0,68.0,0.0
16023,719.81,7.126831683168317,5.85,20.85,0.42,358,3.5445544554455446,25,1,3,90,90,3.1293069306930694,14.95,0.19,1,2011-03-18 13:32:00,2011-10-24 16:34:00,46,220,239.93666666666664,119.33333333333333,30.0,0.0
16024,251.24,3.925625,2.9450000000000003,15.120000000000001,0.21,398,6.21875,48,1,1,61,61,1.11484375,4.95,0.12,1,2011-11-27 13:26:00,2011-11-27 13:26:00,12,0,251.24,398.0,61.0,0.0
16025,439.65999999999997,15.702142857142857,16.5,23.4,9.36,338,12.071428571428571,24,2,1,28,28,1.9764285714285712,8.25,0.39,1,2011-11-10 11:45:00,2011-11-10 11:45:00,30,0,439.65999999999997,338.0,28.0,0.0
16026,236.09,7.3778125,7.125,15.600000000000001,1.25,243,7.59375,24,1,1,30,30,1.285625,3.25,0.42,1,2011-10-27 13:53:00,2011-10-27 13:53:00,43,0,236.09,243.0,30.0,0.0
16027,934.62,58.41375,49.86000000000001,165.0,14.75,1147,71.6875,288,1,6,11,11,13.510000000000002,165.0,0.55,1,2011-02-10 12:19:00,2011-09-09 10:47:00,92,210,155.77,191.16666666666666,1.8333333333333333,0.14285714285714285
16029,81024.84,334.813388429752,174.0,8142.75,30.599999999999998,40208,166.1487603305785,2400,1,63,44,45,36.04293388429752,8142.75,0.94,1,2010-12-01 09:57:00,2011-11-01 10:27:00,39,335,1286.1085714285714,638.2222222222222,0.6984126984126984,0.42105263157894735
16030,331.24,11.422068965517242,10.2,27.900000000000002,2.95,283,9.758620689655173,36,1,1,28,28,2.3137931034482757,7.95,0.29,1,2011-02-03 11:28:00,2011-02-03 11:28:00,310,0,331.24,283.0,28.0,0.0
16031,548.94,5.489400000000001,3.575,39.95,0.19,423,4.23,25,1,2,91,91,2.7897000000000003,39.95,0.19,1,2011-04-06 14:23:00,2011-09-08 13:07:00,92,154,274.47,211.5,45.5,0.0
16033,8816.4,7.754089709762533,5.8,85.0,0.42,3539,3.1125769569041335,25,1,20,538,540,3.34532981530343,24.95,0.19,1,2010-12-05 10:36:00,2011-12-04 12:44:00,6,364,440.82,176.95,26.9,0.5555555555555556
16034,437.7,19.895454545454545,18.075,71.4,1.25,242,11.0,36,1,3,18,18,2.5545454545454547,6.75,0.65,1,2011-01-11 11:54:00,2011-05-27 16:17:00,196,136,145.9,80.66666666666667,6.0,0.0
16036,758.92,13.798545454545454,8.5,60.839999999999996,1.65,716,13.018181818181818,144,1,2,55,55,2.1336363636363638,7.95,0.21,1,2011-03-21 13:01:00,2011-09-13 14:53:00,87,176,379.46,358.0,27.5,0.0
16037,855.02,21.923589743589744,16.5,139.8,6.959999999999999,428,10.974358974358974,24,2,3,37,37,3.1225641025641027,34.95,0.29,1,2010-12-16 10:18:00,2011-03-15 09:13:00,270,88,285.00666666666666,142.66666666666666,12.333333333333334,0.0
16038,471.78000000000003,18.145384615384618,16.2,35.7,3.9,244,9.384615384615385,24,2,3,24,24,3.19,9.95,0.65,1,2011-05-22 11:29:00,2011-12-02 12:40:00,8,194,157.26000000000002,81.33333333333333,8.0,0.5
16040,1313.55,20.20846153846154,17.700000000000003,48.900000000000006,7.56,684,10.523076923076923,48,1,3,57,57,3.9113846153846157,12.75,0.21,1,2011-03-16 09:58:00,2011-10-05 13:47:00,65,203,437.84999999999997,228.0,19.0,0.0
16041,3166.4,527.7333333333333,452.5,1044.0,208.79999999999998,1584,264.0,720,32,3,6,6,5.39,14.95,0.79,1,2011-07-21 16:27:00,2011-11-09 12:25:00,31,110,1055.4666666666667,528.0,2.0,0.0
16042,1197.27,16.862957746478873,16.6,34.68,7.95,755,10.633802816901408,36,1,5,68,68,2.9728169014084505,16.95,0.39,1,2011-01-11 13:25:00,2011-11-17 17:50:00,22,310,239.454,151.0,13.6,0.5714285714285714
16043,773.99,19.845897435897434,16.95,70.80000000000001,5.04,503,12.897435897435898,84,1,4,30,30,4.506923076923077,16.95,0.42,1,2011-01-26 11:14:00,2011-11-02 12:50:00,38,280,193.4975,125.75,7.5,0.0
16045,1340.7,16.15301204819277,15.0,45.0,5.04,897,10.80722891566265,25,2,4,71,71,2.8589156626506025,14.95,0.29,1,2011-02-22 14:55:00,2011-08-12 12:41:00,120,170,335.175,224.25,17.75,0.0
16048,256.44,32.055,33.900000000000006,50.400000000000006,5.04,144,18.0,24,12,2,8,8,1.62125,2.1,0.42,1,2010-12-01 15:27:00,2010-12-01 15:28:00,373,0,128.22,72.0,4.0,0.3333333333333333
16049,1111.79,3.563429487179487,2.355,30.0,0.21,793,2.5416666666666665,36,1,3,248,248,2.019967948717949,14.95,0.1,1,2011-09-25 14:33:00,2011-10-30 13:19:00,40,34,370.59666666666664,264.3333333333333,82.66666666666667,0.0
16050,137.9,13.790000000000001,14.52,24.900000000000002,2.88,278,27.8,108,2,1,10,10,2.585,7.95,0.08,1,2011-06-19 11:44:00,2011-06-19 11:44:00,174,0,137.9,278.0,10.0,0.0
16052,362.06,10.648823529411764,6.699999999999999,40.56,0.65,282,8.294117647058824,48,1,1,34,34,2.4885294117647057,9.95,0.21,1,2011-10-16 15:13:00,2011-10-16 15:13:00,54,0,362.06,282.0,34.0,0.0
16053,1511.95,17.999404761904763,16.5,57.6,6.8,1793,21.345238095238095,576,1,2,81,81,2.883809523809524,14.95,0.1,1,2011-08-09 14:57:00,2011-11-07 11:21:00,33,89,755.975,896.5,40.5,0.0
16054,783.9,11.198571428571428,8.5,31.9,1.7399999999999998,380,5.428571428571429,32,1,1,70,70,3.998142857142857,15.95,0.29,1,2011-07-17 13:08:00,2011-07-17 13:08:00,145,0,783.9,380.0,70.0,0.0
16055,134.8,16.85,16.825000000000003,24.95,9.9,22,2.75,6,1,1,8,8,8.9875,24.95,2.95,1,2011-05-03 09:26:00,2011-05-03 09:26:00,221,0,134.8,22.0,8.0,0.0
16056,664.85,9.777205882352941,6.6,40.8,1.25,347,5.102941176470588,48,1,1,66,66,3.7658823529411762,12.75,0.39,1,2011-10-25 15:19:00,2011-10-25 15:19:00,45,0,664.85,347.0,66.0,0.0
16057,2263.12,18.703471074380165,17.4,39.599999999999994,9.95,863,7.132231404958677,24,1,7,109,109,4.028181818181818,14.95,0.85,1,2011-02-28 10:35:00,2011-11-23 15:23:00,16,268,323.30285714285714,123.28571428571429,15.571428571428571,1.3
16059,1459.8600000000001,8.110333333333333,7.5,30.0,0.85,643,3.5722222222222224,12,1,6,126,126,3.109333333333333,12.75,0.55,1,2010-12-07 10:36:00,2011-10-05 09:56:00,66,301,243.31000000000003,107.16666666666667,21.0,0.0
16062,1153.62,18.0253125,10.5,102.0,5.04,800,12.5,40,2,4,50,51,2.7225,15.95,0.42,1,2010-12-10 12:00:00,2011-11-30 12:15:00,10,355,288.405,200.0,12.5,0.0
16063,335.32,14.57913043478261,15.0,20.4,10.08,262,11.391304347826088,24,3,1,23,23,2.242608695652174,4.95,0.42,1,2011-03-24 14:55:00,2011-03-24 14:56:00,260,0,335.32,262.0,23.0,0.0
16065,372.09,5.028243243243243,3.75,40.8,0.55,231,3.1216216216216215,48,1,1,71,71,1.8732432432432433,8.5,0.21,1,2010-12-09 13:03:00,2010-12-09 13:03:00,365,0,372.09,231.0,71.0,0.0
16066,1521.87,14.920294117647058,10.02,103.67999999999999,0.39,936,9.176470588235293,144,1,5,77,77,3.1003921568627453,12.5,0.19,1,2011-08-07 14:33:00,2011-11-23 11:54:00,17,107,304.37399999999997,187.2,15.4,0.0
16070,852.15,25.82272727272727,15.299999999999999,102.0,2.88,457,13.848484848484848,24,3,2,32,32,2.1045454545454545,5.95,0.12,1,2011-11-07 16:36:00,2011-11-17 15:50:00,22,9,426.075,228.5,16.0,0.0
16071,326.24,15.535238095238096,15.8,23.4,5.04,180,8.571428571428571,12,1,1,21,21,2.737142857142857,9.95,0.42,1,2011-10-26 11:14:00,2011-10-26 11:14:00,45,0,326.24,180.0,21.0,0.0
16072,584.3199999999999,25.405217391304344,17.0,102.0,6.720000000000001,140,6.086956521739131,48,1,1,23,23,8.399565217391304,16.95,0.14,1,2011-02-24 14:32:00,2011-02-24 14:32:00,288,0,584.3199999999999,140.0,23.0,0.0
16073,122.39999999999999,122.39999999999999,122.39999999999999,122.39999999999999,122.39999999999999,48,48.0,48,48,1,1,1,2.55,2.55,2.55,1,2011-02-15 15:41:00,2011-02-15 15:41:00,297,0,122.39999999999999,48.0,1.0,0.5
16076,2234.73,17.323488372093024,15.0,59.400000000000006,1.1,1435,11.124031007751938,96,1,10,71,71,2.541007751937985,8.5,0.12,1,2011-05-15 12:31:00,2011-12-06 14:59:00,3,205,223.473,143.5,7.1,0.18181818181818182
16078,79.2,79.2,79.2,79.2,79.2,16,16.0,16,16,1,1,1,4.95,4.95,4.95,1,2011-03-01 09:47:00,2011-03-01 09:47:00,284,0,79.2,16.0,1.0,0.0
16079,1352.0,64.38095238095238,49.5,408.0,5.04,864,41.142857142857146,160,2,3,18,18,2.9714285714285715,12.5,0.42,1,2011-10-30 13:06:00,2011-11-23 12:48:00,17,23,450.6666666666667,288.0,6.0,0.0
16080,217.16,21.716,18.599999999999998,41.6,8.5,128,12.8,24,6,2,10,10,1.7919999999999998,4.95,0.85,1,2011-03-10 14:44:00,2011-09-19 10:42:00,82,192,108.58,64.0,5.0,0.3333333333333333
16081,2806.9,12.365198237885464,9.9,81.6,0.39,1477,6.506607929515418,40,1,5,175,176,2.7976211453744493,12.75,0.39,1,2010-12-08 11:16:00,2011-10-14 13:06:00,56,310,561.38,295.4,35.0,0.0
16083,1317.62,42.50387096774193,30.0,158.39999999999998,4.5600000000000005,908,29.29032258064516,100,8,2,31,31,1.5748387096774195,4.25,0.19,1,2010-12-14 11:51:00,2011-08-31 10:47:00,101,259,658.81,454.0,15.5,0.0
16084,436.18,11.47842105263158,10.075,45.9,0.55,216,5.684210526315789,18,1,1,38,38,2.6457894736842107,12.75,0.55,1,2011-02-13 16:05:00,2011-02-13 16:05:00,299,0,436.18,216.0,38.0,0.0
16085,981.51,5.877305389221557,5.0,17.9,0.42,636,3.808383233532934,48,1,5,123,123,2.387125748502994,12.75,0.29,1,2011-01-23 12:07:00,2011-11-16 13:24:00,23,297,196.302,127.2,24.6,0.0
16086,1121.39,28.753589743589746,25.200000000000003,99.60000000000001,2.9,511,13.102564102564102,32,2,5,24,24,3.22025641025641,9.95,0.42,1,2010-12-07 13:45:00,2011-10-11 13:09:00,59,307,224.27800000000002,102.2,4.8,0.16666666666666666
16091,315.06,17.503333333333334,18.75,24.96,10.2,154,8.555555555555555,16,2,2,16,16,2.841666666666667,5.75,0.65,1,2011-05-25 09:18:00,2011-07-08 08:45:00,155,43,157.53,77.0,8.0,0.0
16092,817.86,16.036470588235293,15.0,30.0,6.72,628,12.313725490196079,24,2,3,37,37,2.176862745098039,12.75,0.42,1,2011-03-30 15:38:00,2011-08-17 10:46:00,115,139,272.62,209.33333333333334,12.333333333333334,0.4
16093,17.0,17.0,17.0,17.0,17.0,20,20.0,20,20,1,1,1,0.85,0.85,0.85,1,2011-08-25 11:09:00,2011-08-25 11:09:00,107,0,17.0,20.0,1.0,0.0
16094,1078.23,17.114761904761906,15.0,51.0,9.36,647,10.26984126984127,24,1,4,48,48,3.607936507936508,14.95,0.39,1,2011-05-04 13:57:00,2011-11-28 12:45:00,12,207,269.5575,161.75,12.0,0.6666666666666666
16096,320.62,26.718333333333334,15.149999999999999,125.0,10.08,155,12.916666666666666,24,1,1,12,12,13.269166666666669,125.0,0.42,1,2011-03-20 13:38:00,2011-03-20 13:38:00,264,0,320.62,155.0,12.0,0.0
16097,185.04999999999998,18.505,17.45,30.0,14.95,87,8.7,24,1,1,10,10,5.359999999999999,14.95,1.25,1,2011-04-13 13:47:00,2011-04-13 13:47:00,240,0,185.04999999999998,87.0,10.0,0.0
16098,2005.63,29.934776119402986,19.5,178.20000000000002,3.75,613,9.149253731343284,50,1,7,34,34,4.424626865671642,21.95,0.29,1,2010-12-01 09:45:00,2011-09-13 09:59:00,88,286,286.5185714285714,87.57142857142857,4.857142857142857,0.0
16099,731.9,18.766666666666666,17.4,41.6,8.4,434,11.128205128205128,24,4,3,29,29,1.8684615384615386,3.75,0.42,1,2011-04-28 08:34:00,2011-10-20 13:13:00,50,175,243.96666666666667,144.66666666666666,9.666666666666666,0.0
16101,1290.7,16.982894736842105,17.34,30.0,6.64,757,9.960526315789474,25,1,1,76,76,2.4839473684210525,12.5,0.42,1,2011-09-30 10:18:00,2011-09-30 10:18:00,71,0,1290.7,757.0,76.0,2.3333333333333335
16102,1842.14,32.31824561403509,25.200000000000003,129.0,2.52,942,16.526315789473685,72,2,3,41,41,2.5987719298245615,10.75,0.39,1,2011-08-03 12:50:00,2011-10-28 13:19:00,42,86,614.0466666666667,314.0,13.666666666666666,0.0
16103,1429.64,29.784166666666668,18.36,149.0,12.5,558,11.625,48,2,6,30,30,4.607291666666667,9.95,0.39,1,2011-04-20 12:28:00,2011-12-02 14:16:00,7,226,238.27333333333334,93.0,5.0,0.0
16104,302.36,10.426206896551724,7.5,50.849999999999994,1.65,123,4.241379310344827,12,1,1,28,28,3.3613793103448275,16.95,0.95,1,2011-10-09 10:23:00,2011-10-09 10:23:00,62,0,302.36,123.0,28.0,0.0
16105,336.96,25.919999999999998,15.0,101.76,10.5,330,25.384615384615383,96,6,1,13,13,1.18,2.1,0.42,1,2011-04-05 10:13:00,2011-04-05 10:13:00,249,0,336.96,330.0,13.0,0.0
16106,108.38,18.063333333333333,18.45,23.4,13.28,74,12.333333333333334,16,10,1,6,6,1.5133333333333334,1.95,0.83,1,2011-10-05 10:37:00,2011-10-05 10:37:00,66,0,108.38,74.0,6.0,0.0
16107,3204.1600000000003,103.36000000000001,85.92,237.60000000000002,17.700000000000003,1176,37.935483870967744,120,4,7,16,16,4.36483870967742,34.95,1.65,1,2011-06-09 18:42:00,2011-11-22 09:40:00,18,165,457.7371428571429,168.0,2.2857142857142856,0.0
16108,842.5,17.552083333333332,17.4,34.68,7.4399999999999995,615,12.8125,48,2,1,48,48,1.9610416666666666,8.5,0.29,1,2011-09-16 11:48:00,2011-09-16 11:48:00,85,0,842.5,615.0,48.0,0.5
16109,611.88,33.99333333333333,20.16,131.39999999999998,4.5600000000000005,612,34.0,144,12,2,18,18,1.5788888888888888,10.95,0.19,1,2011-02-04 12:37:00,2011-05-05 09:17:00,219,89,305.94,306.0,9.0,0.0
16110,1337.48,3.77819209039548,2.925,30.0,0.39,733,2.0706214689265536,24,1,3,283,283,2.2664406779661017,12.75,0.19,1,2011-02-01 14:01:00,2011-10-25 14:35:00,45,266,445.82666666666665,244.33333333333334,94.33333333333333,0.0
16112,195.73999999999998,12.233749999999999,8.5,51.839999999999996,4.5600000000000005,574,35.875,144,8,4,15,15,0.5575,1.25,0.12,1,2011-01-05 11:47:00,2011-07-19 14:28:00,143,195,48.934999999999995,143.5,3.75,0.0
16113,161.38,5.379333333333333,2.95,20.16,0.55,176,5.866666666666666,72,1,1,30,30,2.6510000000000002,15.95,0.21,1,2011-06-09 16:16:00,2011-06-09 16:16:00,183,0,161.38,176.0,30.0,0.0
16114,135.75000000000003,16.968750000000004,17.700000000000003,19.8,12.600000000000001,43,5.375,6,3,1,8,8,3.34375,4.95,2.1,1,2011-06-22 10:13:00,2011-06-22 10:13:00,171,0,135.75000000000003,43.0,8.0,0.0
16115,1667.97,5.873133802816901,4.949999999999999,29.700000000000003,0.65,1001,3.5246478873239435,25,1,8,169,171,2.356901408450704,10.95,0.39,1,2011-02-20 12:14:00,2011-11-30 11:32:00,10,282,208.49625,125.125,21.125,0.0
16116,612.78,18.02294117647059,15.700000000000001,39.8,2.2800000000000002,248,7.294117647058823,24,1,1,34,34,4.36735294117647,14.95,0.38,1,2011-05-12 12:01:00,2011-05-12 12:01:00,212,0,612.78,248.0,34.0,0.5
16117,232.21,7.740333333333334,5.65,22.5,1.25,130,4.333333333333333,18,1,1,30,30,2.449,9.95,0.29,1,2011-06-03 11:42:00,2011-06-03 11:42:00,190,0,232.21,130.0,30.0,0.0
16119,423.36,26.46,24.990000000000002,59.4,10.08,240,15.0,36,4,2,14,14,2.131875,4.95,0.42,1,2011-09-28 10:15:00,2011-12-01 15:11:00,8,64,211.68,120.0,7.0,0.0
16120,1309.14,43.638000000000005,32.7,151.20000000000002,1.65,878,29.266666666666666,72,1,4,26,26,1.807,4.95,0.29,1,2011-10-11 14:10:00,2011-10-11 14:22:00,59,0,327.285,219.5,6.5,0.4
16121,867.11,4.090141509433963,2.8499999999999996,29.880000000000003,0.39,586,2.7641509433962264,25,1,2,170,171,1.965188679245283,12.75,0.19,1,2011-05-08 11:52:00,2011-10-13 12:59:00,57,158,433.555,293.0,85.0,0.0
16122,684.4200000000001,18.01105263157895,15.0,124.80000000000001,3.3600000000000003,1128,29.68421052631579,192,4,4,26,25,1.583157894736842,4.95,0.14,1,2010-12-08 11:41:00,2011-09-27 15:34:00,73,293,171.10500000000002,282.0,6.5,0.0
16123,307.78,19.23625,17.4,39.6,10.08,170,10.625,24,2,1,16,16,3.1075,9.95,0.42,1,2011-10-19 09:18:00,2011-10-19 09:18:00,52,0,307.78,170.0,16.0,0.0
16124,249.0,22.636363636363637,17.700000000000003,33.9,11.9,48,4.363636363636363,12,2,1,11,11,8.549999999999999,16.95,1.25,1,2011-01-26 14:45:00,2011-01-26 14:45:00,317,0,249.0,48.0,11.0,2.5
16125,289.35,22.25769230769231,17.85,45.0,10.5,124,9.538461538461538,25,2,1,13,13,3.209230769230769,7.95,0.42,1,2010-12-07 15:48:00,2010-12-07 15:48:00,367,0,289.35,124.0,13.0,0.0
16126,6287.77,53.741623931623934,49.5,170.0,15.299999999999999,2125,18.162393162393162,72,3,4,57,58,3.6533333333333333,8.5,0.39,1,2011-02-16 11:18:00,2011-11-10 16:03:00,29,267,1571.9425,531.25,14.25,0.0
16127,656.25,16.40625,15.0,46.8,7.9,323,8.075,24,2,1,40,40,3.10625,6.95,0.75,1,2011-10-31 13:58:00,2011-10-31 13:58:00,39,0,656.25,323.0,40.0,0.0
16128,1880.22,21.126067415730336,17.700000000000003,79.80000000000001,5.04,988,11.101123595505618,24,1,5,76,76,2.425056179775281,12.75,0.42,1,2011-03-02 12:21:00,2011-11-22 11:14:00,18,264,376.044,197.6,15.2,0.0
16131,3506.54,44.95564102564102,38.879999999999995,135.0,6.959999999999999,1802,23.102564102564102,72,2,6,55,55,3.2437179487179484,12.75,0.29,1,2011-04-14 08:32:00,2011-10-19 11:53:00,52,188,584.4233333333333,300.3333333333333,9.166666666666666,0.0
16133,14589.04,43.16284023668639,17.775000000000002,348.0,2.88,8887,26.292899408284022,288,1,33,219,218,3.2128106508875742,110.0,0.12,1,2011-01-25 15:55:00,2011-12-06 11:24:00,4,314,442.09212121212124,269.3030303030303,6.636363636363637,0.5652173913043478
16134,618.09,17.659714285714287,17.34,35.400000000000006,8.2,371,10.6,25,4,2,34,34,2.047428571428571,7.95,0.42,1,2010-12-15 14:00:00,2011-11-18 10:05:00,22,337,309.045,185.5,17.0,1.0
16135,517.55,24.645238095238092,17.4,175.2,9.899999999999999,209,9.952380952380953,24,1,1,21,21,3.4428571428571426,12.75,0.55,1,2011-03-22 12:30:00,2011-03-22 12:30:00,263,0,517.55,209.0,21.0,0.0
16136,709.38,19.172432432432434,15.8,47.7,7.800000000000001,440,11.891891891891891,48,2,3,35,35,2.655675675675676,10.4,0.42,1,2011-03-07 09:52:00,2011-10-11 09:10:00,60,217,236.46,146.66666666666666,11.666666666666666,0.0
16139,635.41,20.497096774193547,19.8,49.5,9.959999999999999,330,10.64516129032258,25,3,3,25,25,2.7732258064516127,4.95,0.42,1,2011-05-17 10:23:00,2011-11-21 08:37:00,19,187,211.8033333333333,110.0,8.333333333333334,0.0
16140,725.18,20.71942857142857,15.600000000000001,103.67999999999999,5.04,730,20.857142857142858,144,2,2,32,32,1.7917142857142858,8.5,0.42,1,2010-12-03 14:40:00,2011-10-05 12:15:00,66,305,362.59,365.0,16.0,0.5
16141,620.4,20.68,17.775000000000002,41.6,10.08,238,7.933333333333334,24,2,1,30,30,4.6883333333333335,16.95,0.42,1,2011-09-12 13:11:00,2011-09-12 13:11:00,88,0,620.4,238.0,30.0,0.0
16142,535.34,14.46864864864865,15.9,40.8,5.04,422,11.405405405405405,48,2,1,37,37,2.8767567567567567,9.95,0.29,1,2011-04-04 10:16:00,2011-04-04 10:16:00,250,0,535.34,422.0,37.0,0.0
16143,2424.94,20.725982905982907,17.0,250.0,6.8,919,7.854700854700854,40,1,6,75,77,4.138119658119658,125.0,0.42,1,2010-12-05 15:18:00,2011-12-06 14:13:00,3,365,404.1566666666667,153.16666666666666,12.5,0.14285714285714285
16144,175.2,175.2,175.2,175.2,175.2,16,16.0,16,16,1,1,1,10.95,10.95,10.95,1,2011-04-07 10:09:00,2011-04-07 10:09:00,247,0,175.2,16.0,1.0,0.0
16145,3799.4900000000002,16.96200892857143,16.5,70.2,2.88,3123,13.941964285714286,72,2,11,134,135,2.2435267857142858,12.75,0.12,1,2010-12-15 09:09:00,2011-12-01 10:33:00,9,351,345.40818181818184,283.90909090909093,12.181818181818182,0.7222222222222222
16146,734.13,25.314827586206896,17.700000000000003,102.0,10.2,427,14.724137931034482,60,3,3,26,26,2.0944827586206896,5.95,0.85,1,2011-04-21 15:25:00,2011-07-05 14:20:00,157,74,244.71,142.33333333333334,8.666666666666666,0.0
16147,375.0,17.045454545454547,16.75,30.0,5.04,246,11.181818181818182,48,2,1,22,22,3.9104545454545456,12.75,0.29,1,2011-07-29 09:57:00,2011-07-29 09:57:00,134,0,375.0,246.0,22.0,0.0
16148,76.32000000000001,76.32000000000001,76.32000000000001,76.32000000000001,76.32000000000001,72,72.0,72,72,1,1,1,1.06,1.06,1.06,1,2011-02-16 14:01:00,2011-02-16 14:01:00,296,0,76.32000000000001,72.0,1.0,0.0
16149,280.52,15.584444444444443,16.2,25.200000000000003,9.120000000000001,308,17.11111111111111,48,6,2,18,18,1.2538888888888888,2.95,0.19,1,2011-07-20 14:54:00,2011-12-05 11:29:00,5,137,140.26,154.0,9.0,0.0
16150,2053.02,17.547179487179488,16.5,39.8,8.5,1047,8.948717948717949,24,2,5,91,91,3.028974358974359,9.95,0.83,1,2010-12-02 18:27:00,2011-10-28 12:39:00,43,329,410.604,209.4,18.2,1.9
16152,1829.04,63.070344827586204,61.199999999999996,131.39999999999998,17.0,642,22.137931034482758,96,2,1,29,29,5.976206896551724,16.95,1.06,1,2011-03-16 09:47:00,2011-03-16 09:47:00,269,0,1829.04,642.0,29.0,0.0
16153,1824.23,20.496966292134832,16.5,76.32000000000001,6.64,1073,12.0561797752809,72,2,5,78,78,2.9908988764044944,14.95,0.29,1,2010-12-20 09:22:00,2011-10-21 10:50:00,50,305,364.846,214.6,15.6,0.0
16156,3122.04,24.01569230769231,19.5,118.80000000000001,4.68,1308,10.061538461538461,40,2,9,108,108,3.077,15.95,0.39,1,2011-02-02 12:02:00,2011-12-01 12:42:00,9,302,346.8933333333333,145.33333333333334,12.0,0.6923076923076923
16157,656.69,36.482777777777784,29.700000000000003,118.8,13.52,347,19.27777777777778,96,3,3,12,12,3.445555555555556,7.85,0.64,1,2011-09-28 11:48:00,2011-11-24 11:41:00,16,56,218.89666666666668,115.66666666666667,4.0,0.25
16159,348.2,24.87142857142857,20.4,45.0,15.0,236,16.857142857142858,24,4,1,14,14,1.8714285714285714,4.15,0.85,1,2011-03-03 12:27:00,2011-03-03 12:27:00,282,0,348.2,236.0,14.0,0.0
16160,1025.44,51.272000000000006,49.5,232.0,18.72,1162,58.1,288,6,2,20,20,1.741,7.45,0.21,1,2011-09-15 10:53:00,2011-10-05 14:19:00,65,20,512.72,581.0,10.0,0.5
16161,5575.56,11.762784810126583,10.2,49.5,0.84,2599,5.4831223628691985,35,1,19,286,290,3.1820464135021096,16.95,0.29,1,2010-12-06 10:03:00,2011-12-08 12:10:00,2,367,293.4505263157895,136.78947368421052,15.052631578947368,1.0769230769230769
16162,37.4,18.7,18.7,25.5,11.9,4,2.0,2,2,1,2,2,9.35,12.75,5.95,1,2011-04-01 15:03:00,2011-04-01 15:03:00,252,0,37.4,4.0,2.0,0.0
16163,856.6,142.76666666666668,102.45,415.00000000000006,16.35,192,32.0,100,3,2,5,5,4.791666666666667,8.5,1.45,1,2010-12-09 16:28:00,2011-04-21 15:15:00,232,132,428.3,96.0,2.5,0.3333333333333333
16164,822.48,24.19058823529412,17.55,104.04,9.36,433,12.735294117647058,36,2,3,27,27,2.433529411764706,19.95,0.39,1,2011-10-28 09:12:00,2011-11-22 15:04:00,17,25,274.16,144.33333333333334,9.0,0.25
16168,3787.6,38.648979591836735,23.8,257.76,10.08,1892,19.306122448979593,144,2,27,57,57,3.3155102040816327,12.75,0.42,1,2010-12-05 11:38:00,2011-11-29 12:45:00,11,359,140.28148148148148,70.07407407407408,2.111111111111111,0.03571428571428571
16169,1822.97,21.44670588235294,20.0,70.80000000000001,2.88,1325,15.588235294117647,72,2,4,71,71,2.0698823529411765,9.95,0.12,1,2011-09-25 11:33:00,2011-12-01 15:28:00,8,67,455.7425,331.25,17.75,0.0
16170,1885.05,15.0804,15.0,46.8,2.88,1770,14.16,72,1,6,106,106,2.08032,39.95,0.12,1,2011-04-05 13:42:00,2011-10-20 08:21:00,51,197,314.175,295.0,17.666666666666668,0.2857142857142857
16171,73.2,24.400000000000002,24.900000000000002,24.900000000000002,23.4,24,8.0,12,6,1,3,3,3.4166666666666665,4.15,1.95,1,2011-10-11 14:51:00,2011-10-11 14:51:00,59,0,73.2,24.0,3.0,0.0
16172,1140.21,16.524782608695652,13.52,59.400000000000006,5.04,787,11.405797101449275,36,2,5,52,52,1.9330434782608694,12.75,0.29,1,2011-04-12 12:02:00,2011-09-05 13:22:00,95,146,228.042,157.4,10.4,0.0
16173,1418.32,16.884761904761906,15.149999999999999,44.550000000000004,6.72,575,6.845238095238095,24,1,6,70,70,4.0340476190476195,14.95,0.39,1,2011-09-02 15:23:00,2011-11-24 10:53:00,16,82,236.38666666666666,95.83333333333333,11.666666666666666,0.42857142857142855
16174,1009.5500000000001,43.89347826086957,16.5,249.60000000000002,12.75,651,28.304347826086957,240,1,3,19,19,3.7252173913043474,12.75,1.04,1,2011-07-11 09:23:00,2011-08-05 13:26:00,126,25,336.5166666666667,217.0,6.333333333333333,0.0
16175,1037.59,17.889482758620687,15.9,35.7,9.899999999999999,533,9.189655172413794,24,1,4,45,45,3.5925862068965517,14.95,0.65,1,2011-04-13 14:38:00,2011-09-06 14:32:00,94,145,259.3975,133.25,11.25,0.0
16177,331.95,22.13,19.8,41.6,14.850000000000001,95,6.333333333333333,12,2,1,15,15,5.41,10.4,1.25,1,2011-10-20 12:57:00,2011-10-20 12:57:00,50,0,331.95,95.0,15.0,0.0
16178,197.9,24.7375,21.3,47.8,14.75,94,11.75,24,4,1,8,8,3.19375,11.95,1.25,1,2011-07-24 16:05:00,2011-07-24 16:05:00,138,0,197.9,94.0,8.0,0.0
16179,215.83,19.62090909090909,17.0,41.7,5.04,99,9.0,24,3,1,11,11,3.732727272727273,12.75,0.39,1,2011-10-10 09:41:00,2011-10-10 09:41:00,61,0,215.83,99.0,11.0,0.0
16180,10254.18,63.29740740740741,25.5,179.0,7.800000000000001,5867,36.21604938271605,100,1,8,90,92,2.43179012345679,12.75,0.42,1,2011-04-01 10:23:00,2011-08-31 16:28:00,100,152,1281.7725,733.375,11.25,1.4
16181,305.54,27.776363636363637,16.5,141.60000000000002,8.5,152,13.818181818181818,48,2,1,11,11,2.411818181818182,5.95,0.42,1,2011-09-27 13:38:00,2011-09-27 13:38:00,73,0,305.54,152.0,11.0,0.0
16182,6617.65,236.34464285714284,254.5,537.0,10.2,3791,135.39285714285714,300,3,4,17,18,2.12,9.95,0.85,1,2011-02-18 10:11:00,2011-09-28 13:23:00,72,222,1654.4125,947.75,4.25,0.0
16183,338.71000000000004,22.58066666666667,17.0,83.4,14.850000000000001,113,7.533333333333333,12,3,1,15,15,3.5153333333333334,6.95,1.25,1,2011-10-03 14:59:00,2011-10-03 14:59:00,67,0,338.71000000000004,113.0,15.0,0.0
16184,1158.79,25.750888888888888,20.4,54.08,10.2,561,12.466666666666667,36,2,6,26,26,4.008,8.25,0.65,1,2011-05-12 13:33:00,2011-10-06 17:43:00,64,147,193.13166666666666,93.5,4.333333333333333,0.14285714285714285
16185,529.41,17.07774193548387,16.5,25.5,8.2,260,8.387096774193548,24,1,2,31,31,3.302258064516129,10.4,0.55,1,2011-04-21 11:59:00,2011-11-23 09:41:00,17,215,264.705,130.0,15.5,0.0
16186,4006.94,18.38045871559633,16.5,70.80000000000001,5.04,3020,13.853211009174313,48,2,12,87,92,1.8390366972477066,12.75,0.42,1,2010-12-02 14:40:00,2011-11-17 12:43:00,23,349,333.9116666666667,251.66666666666666,7.25,0.07692307692307693
16187,6911.4400000000005,23.428610169491527,19.5,83.2,5.04,5048,17.11186440677966,72,1,15,160,160,2.1664745762711863,39.95,0.19,1,2011-02-28 13:34:00,2011-11-08 09:50:00,32,252,460.7626666666667,336.53333333333336,10.666666666666666,0.11764705882352941
16188,981.86,14.654626865671641,15.0,39.599999999999994,4.5600000000000005,782,11.671641791044776,36,1,4,65,65,2.2217910447761198,14.95,0.19,1,2011-04-11 09:44:00,2011-10-26 12:19:00,45,198,245.465,195.5,16.25,0.0
16189,215.48,19.58909090909091,17.4,60.0,8.7,134,12.181818181818182,48,1,2,9,9,3.9436363636363634,14.95,1.25,1,2011-09-15 15:21:00,2011-11-24 11:47:00,16,69,107.74,67.0,4.5,0.0
16190,215.08,35.84666666666667,28.64,89.85,14.850000000000001,88,14.666666666666666,48,3,1,6,6,7.1866666666666665,29.95,0.63,1,2011-10-30 15:59:00,2011-10-30 15:59:00,40,0,215.08,88.0,6.0,0.0
16191,5180.52,38.66059701492538,17.369999999999997,326.4,5.04,3351,25.007462686567163,384,2,13,65,66,2.2528358208955224,8.5,0.42,1,2010-12-14 12:38:00,2011-12-07 11:26:00,3,357,398.5015384615385,257.7692307692308,5.0,0.68
16193,314.45,16.55,17.34,25.200000000000003,5.04,219,11.526315789473685,48,2,1,19,19,2.3473684210526318,9.95,0.29,1,2011-04-17 11:45:00,2011-04-17 11:45:00,237,0,314.45,219.0,19.0,0.0
16198,400.68100000000004,26.71206666666667,30.0,41.6,0.001,129,8.6,16,1,1,15,15,4.1794,10.4,0.001,1,2011-09-25 14:58:00,2011-09-25 14:58:00,75,0,400.68100000000004,129.0,15.0,0.0
16200,1080.6200000000001,6.036983240223464,4.2,33.9,0.29,523,2.921787709497207,16,1,2,149,149,2.595251396648045,16.95,0.29,1,2011-06-28 15:47:00,2011-12-05 14:40:00,4,159,540.3100000000001,261.5,74.5,0.0
16201,1863.47,16.78801801801802,16.5,54.08,3.4799999999999995,1286,11.585585585585585,48,1,4,74,74,2.0225225225225225,12.75,0.19,1,2011-08-22 10:47:00,2011-12-06 16:02:00,3,106,465.8675,321.5,18.5,0.8
16202,365.27,20.292777777777776,15.0,63.6,5.04,191,10.61111111111111,24,2,1,18,18,3.4850000000000003,12.75,0.21,1,2010-12-14 10:43:00,2010-12-14 10:43:00,361,0,365.27,191.0,18.0,0.0
16203,592.9,16.939999999999998,15.0,25.5,10.2,262,7.485714285714286,20,4,4,27,27,2.875714285714286,4.95,0.85,1,2010-12-02 15:39:00,2011-10-12 12:31:00,59,313,148.225,65.5,6.75,0.2
16204,405.71,7.117719298245614,5.1,30.0,0.29,231,4.052631578947368,24,1,1,45,45,2.056140350877193,4.95,0.29,1,2011-11-16 13:40:00,2011-11-16 13:40:00,23,0,405.71,231.0,45.0,0.0
16205,761.38,7.769183673469388,4.16,90.0,0.38,517,5.275510204081633,72,1,4,73,75,2.2246938775510205,9.95,0.19,1,2011-06-13 11:33:00,2011-11-09 09:32:00,31,148,190.345,129.25,18.25,0.0
16206,537.0600000000001,8.524761904761906,4.9799999999999995,70.80000000000001,0.42,272,4.317460317460317,24,1,4,52,52,2.346031746031746,9.95,0.42,1,2011-01-16 11:07:00,2011-10-16 10:41:00,55,272,134.26500000000001,68.0,13.0,0.0
16207,394.38,20.756842105263157,19.8,50.0,1.9,140,7.368421052631579,24,2,1,19,19,4.256842105263158,25.0,0.85,1,2011-11-14 13:51:00,2011-11-14 13:51:00,25,0,394.38,140.0,19.0,0.0
16208,664.26,10.064545454545454,7.7250000000000005,39.8,0.42,333,5.045454545454546,25,1,2,61,62,3.159242424242424,21.95,0.42,1,2011-02-23 13:37:00,2011-10-26 11:36:00,45,244,332.13,166.5,30.5,0.0
16209,2262.62,49.18739130434783,17.700000000000003,1220.4,6.959999999999999,1179,25.630434782608695,360,1,5,37,38,2.483913043478261,15.0,0.21,1,2011-04-07 12:23:00,2011-09-12 11:58:00,89,157,452.524,235.8,7.4,0.0
16210,21086.3,171.43333333333334,35.400000000000006,3254.4,6.72,7559,61.45528455284553,960,1,18,74,75,3.7576422764227644,12.75,0.39,1,2010-12-01 12:27:00,2011-12-08 12:36:00,2,372,1171.461111111111,419.94444444444446,4.111111111111111,0.0
16211,547.02,23.783478260869565,16.5,175.2,6.64,154,6.695652173913044,16,1,1,23,23,3.8082608695652174,12.75,0.83,1,2011-09-12 12:11:00,2011-09-12 12:11:00,89,0,547.02,154.0,23.0,0.5
16212,690.34,16.837560975609758,15.9,25.5,9.95,244,5.951219512195122,24,1,2,40,40,4.468048780487805,14.95,0.55,1,2011-03-01 12:51:00,2011-11-20 13:00:00,19,264,345.17,122.0,20.0,0.6666666666666666
16213,159.0,26.5,18.75,76.5,9.899999999999999,48,8.0,12,6,1,6,6,3.8166666666666664,12.75,1.65,1,2011-09-22 10:03:00,2011-09-22 10:03:00,79,0,159.0,48.0,6.0,0.0
16214,1062.75,24.15340909090909,19.65,102.0,10.2,420,9.545454545454545,48,1,3,36,36,4.525454545454545,16.95,0.55,1,2011-03-15 13:23:00,2011-06-22 11:30:00,171,98,354.25,140.0,12.0,0.0
16215,242.35,17.310714285714287,17.1,25.200000000000003,9.95,104,7.428571428571429,12,1,1,14,14,4.285714285714286,12.5,1.25,1,2011-09-20 10:18:00,2011-09-20 10:18:00,81,0,242.35,104.0,14.0,0.0
16216,914.9300000000001,24.72783783783784,17.0,165.0,6.6000000000000005,254,6.864864864864865,24,1,1,37,37,8.991621621621622,165.0,0.42,1,2011-03-17 15:34:00,2011-03-17 15:34:00,267,0,914.9300000000001,254.0,37.0,0.0
16217,304.25,20.283333333333335,15.8,65.4,11.7,91,6.066666666666666,12,2,2,13,13,4.21,7.9,1.45,1,2011-03-02 15:28:00,2011-04-18 13:31:00,235,46,152.125,45.5,6.5,1.0
16218,3084.68,36.72238095238095,20.8,116.0,10.2,2088,24.857142857142858,100,4,7,56,59,1.6713095238095237,8.15,0.55,1,2010-12-01 11:29:00,2011-11-10 09:59:00,30,343,440.6685714285714,298.2857142857143,8.0,0.75
16221,864.86,8.916082474226805,5.8,51.0,0.84,717,7.391752577319588,72,1,3,90,90,2.2505154639175258,12.75,0.12,1,2010-12-07 13:13:00,2011-11-03 11:43:00,37,330,288.2866666666667,239.0,30.0,0.0
16222,846.72,6.18043795620438,4.95,23.6,0.42,365,2.664233576642336,12,1,1,120,120,3.224963503649635,15.95,0.29,1,2011-01-25 13:38:00,2011-01-25 13:38:00,318,0,846.72,365.0,120.0,0.0
16224,1295.3,13.492708333333333,12.775,40.8,3.75,1116,11.625,80,1,4,90,90,2.4532291666666666,14.95,0.16,1,2011-04-04 12:00:00,2011-10-13 17:51:00,57,192,323.825,279.0,22.5,0.0
16225,1096.32,8.181492537313432,5.9,44.550000000000004,0.29,493,3.6791044776119404,12,1,5,109,109,2.393358208955224,9.95,0.29,1,2011-03-07 12:17:00,2011-10-26 08:30:00,45,232,219.26399999999998,98.6,21.8,0.0
16226,255.12,31.89,23.85,70.80000000000001,13.919999999999998,192,24.0,48,6,3,6,6,1.7675,2.95,0.29,1,2011-04-18 12:58:00,2011-05-20 14:41:00,203,32,85.04,64.0,2.0,0.0
16227,314.22,52.370000000000005,18.810000000000002,166.8,11.399999999999999,90,15.0,24,6,1,6,6,3.313333333333334,6.95,0.83,1,2011-04-28 13:33:00,2011-04-28 13:33:00,225,0,314.22,90.0,6.0,0.5
16229,1010.6,21.50212765957447,16.5,75.0,6.300000000000001,318,6.76595744680851,12,3,2,46,46,3.3648936170212767,12.5,0.83,1,2011-05-11 10:18:00,2011-09-13 17:16:00,87,125,505.3,159.0,23.0,0.0
16230,542.03,15.486571428571429,15.0,35.400000000000006,7.5,365,10.428571428571429,24,2,2,32,32,1.9505714285714284,12.75,0.65,1,2011-05-03 15:12:00,2011-06-03 10:06:00,190,30,271.015,182.5,16.0,0.0
16232,990.88,26.78054054054054,20.4,75.0,4.5600000000000005,550,14.864864864864865,60,3,4,24,24,2.445945945945946,4.95,0.19,1,2011-05-08 14:05:00,2011-10-27 12:16:00,44,171,247.72,137.5,6.0,0.2
16233,536.6800000000001,24.394545454545458,17.34,87.6,10.2,174,7.909090909090909,12,2,3,22,22,3.6286363636363634,14.95,0.85,1,2010-12-08 12:51:00,2011-09-29 17:27:00,71,295,178.89333333333335,58.0,7.333333333333333,0.6
16235,867.31,18.854565217391304,16.75,43.0,9.95,330,7.173913043478261,24,1,5,42,42,4.824565217391305,19.95,0.79,1,2011-01-11 15:42:00,2011-10-30 10:56:00,41,291,173.462,66.0,8.4,0.3333333333333333
16236,432.2,21.61,22.3,49.800000000000004,9.959999999999999,184,9.2,12,2,1,20,20,2.8775000000000004,7.95,0.83,1,2011-09-22 14:10:00,2011-09-22 14:10:00,78,0,432.2,184.0,20.0,0.0
16239,414.2,21.8,16.5,51.0,10.4,228,12.0,24,4,2,18,18,2.331578947368421,12.75,0.65,1,2011-06-03 09:30:00,2011-10-14 08:29:00,57,132,207.1,114.0,9.0,0.6666666666666666
16240,3718.8,27.546666666666667,17.4,290.0,6.64,1641,12.155555555555555,50,2,2,126,126,4.088148148148148,145.0,0.39,1,2011-09-23 13:44:00,2011-11-15 14:30:00,24,53,1859.4,820.5,63.0,1.4
16241,2607.87,3.939380664652568,2.1,34.0,0.29,1453,2.194864048338369,48,1,13,347,351,2.22,9.95,0.12,1,2010-12-05 11:04:00,2011-11-30 11:08:00,10,360,200.6053846153846,111.76923076923077,26.692307692307693,0.0
16242,3603.21,12.255816326530612,9.899999999999999,47.2,0.39,1982,6.741496598639456,54,1,7,184,187,2.41608843537415,16.95,0.39,1,2011-03-07 17:04:00,2011-12-01 15:12:00,8,268,514.7442857142858,283.14285714285717,26.285714285714285,0.125
16243,409.1,8.02156862745098,5.45,85.0,0.95,110,2.156862745098039,10,1,2,49,49,5.841372549019608,85.0,0.19,1,2011-10-16 12:09:00,2011-11-06 12:32:00,34,21,204.55,55.0,24.5,0.0
16244,1522.75,16.733516483516482,15.9,31.6,7.800000000000001,855,9.395604395604396,24,2,2,88,88,2.567252747252747,7.95,0.55,1,2010-12-02 11:41:00,2011-05-12 10:18:00,212,160,761.375,427.5,44.0,0.0
16245,1413.66,15.707333333333334,15.0,35.95,4.68,1014,11.266666666666667,96,1,3,80,80,2.924444444444444,35.95,0.19,1,2011-03-28 09:30:00,2011-11-16 10:14:00,24,233,471.22,338.0,26.666666666666668,0.6
16247,114.56,7.16,6.72,19.9,0.42,182,11.375,48,1,1,16,16,2.7112499999999997,9.95,0.19,1,2011-06-22 14:23:00,2011-06-22 14:23:00,170,0,114.56,182.0,16.0,0.0
16248,152.94,21.84857142857143,24.96,25.200000000000003,9.959999999999999,78,11.142857142857142,12,6,1,7,7,2.0314285714285716,2.95,0.83,1,2011-10-09 11:32:00,2011-10-09 11:32:00,62,0,152.94,78.0,7.0,0.0
16249,1800.07,26.08797101449275,17.4,99.0,9.899999999999999,950,13.768115942028986,64,2,5,67,67,3.4831884057971014,12.75,0.42,1,2011-04-14 13:50:00,2011-10-18 10:07:00,53,186,360.014,190.0,13.4,0.0
16250,389.44,16.226666666666667,17.55,27.0,5.04,208,8.666666666666666,24,2,2,22,22,3.0883333333333334,7.95,0.42,1,2010-12-01 09:59:00,2011-03-23 15:07:00,261,112,194.72,104.0,11.0,0.0
16253,3683.86,29.95008130081301,20.4,106.2,6.3,3233,26.284552845528456,96,2,2,114,114,1.7190243902439024,8.25,0.19,1,2011-03-29 13:33:00,2011-10-04 09:09:00,67,188,1841.93,1616.5,57.0,0.3333333333333333
16255,2619.91,9.70337037037037,8.25,40.32,0.19,1767,6.544444444444444,96,1,8,146,149,2.851,24.95,0.12,1,2010-12-09 14:25:00,2011-11-23 12:40:00,17,348,327.48875,220.875,18.25,0.4
16256,752.4300000000001,57.87923076923077,69.12,102.0,13.200000000000001,581,44.69230769230769,96,3,1,13,13,2.3407692307692307,5.95,0.55,1,2011-03-18 12:18:00,2011-03-18 12:18:00,267,0,752.4300000000001,581.0,13.0,0.5
16257,46.95,23.475,23.475,25.0,21.95,2,1.0,1,1,1,2,2,23.475,25.0,21.95,1,2011-06-16 10:11:00,2011-06-16 10:11:00,177,0,46.95,2.0,2.0,0.0
16258,5203.51,38.54451851851852,20.8,403.2,9.959999999999999,2994,22.177777777777777,960,2,5,111,111,3.034148148148148,14.55,0.42,1,2011-05-04 14:33:00,2011-10-25 13:30:00,45,173,1040.702,598.8,22.2,0.0
16260,1035.45,57.525000000000006,34.95,204.0,15.0,311,17.27777777777778,100,3,1,18,18,5.366666666666666,12.5,1.25,1,2011-10-20 09:40:00,2011-10-20 09:40:00,51,0,1035.45,311.0,18.0,0.0
16261,746.83,6.022822580645162,4.95,29.849999999999998,0.42,306,2.467741935483871,12,1,4,98,96,3.3495161290322577,15.95,0.42,1,2011-04-07 19:05:00,2011-11-22 17:23:00,17,228,186.7075,76.5,24.5,0.0
16265,5447.0,21.112403100775193,16.700000000000003,104.0,2.2800000000000002,2646,10.255813953488373,50,1,9,164,167,3.743875968992248,50.0,0.12,1,2010-12-10 10:21:00,2011-11-30 16:41:00,9,355,605.2222222222222,294.0,18.22222222222222,0.18181818181818182
16266,861.89,14.129344262295081,11.850000000000001,50.0,0.42,398,6.524590163934426,24,1,7,44,44,3.9349180327868853,12.75,0.42,1,2011-05-17 14:50:00,2011-09-27 12:08:00,74,132,123.12714285714286,56.857142857142854,6.285714285714286,0.0
16268,667.65,14.836666666666666,13.200000000000001,50.0,4.5600000000000005,533,11.844444444444445,25,1,2,45,45,4.259111111111111,50.0,0.19,1,2011-09-29 18:30:00,2011-09-29 18:30:00,71,0,333.825,266.5,22.5,0.0
16270,1141.24,21.134074074074075,15.0,102.0,10.08,688,12.74074074074074,50,1,1,54,54,3.222777777777778,16.95,0.42,1,2010-12-21 14:26:00,2010-12-21 14:26:00,353,0,1141.24,688.0,54.0,0.0
16271,1429.24,10.746165413533834,7.5,62.400000000000006,0.42,1038,7.804511278195489,48,1,5,89,90,1.6585714285714286,15.0,0.19,1,2010-12-16 16:36:00,2011-12-07 12:45:00,3,355,285.848,207.6,17.8,0.16666666666666666
16272,411.7,16.468,20.8,25.0,0.55,224,8.96,20,1,1,25,25,1.7372,2.95,0.55,1,2011-08-15 10:53:00,2011-08-15 10:54:00,117,0,411.7,224.0,25.0,0.0
16274,357.95,5.342537313432835,3.75,29.95,0.85,155,2.3134328358208953,12,1,1,64,64,4.277611940298508,29.95,0.29,1,2010-12-01 15:35:00,2010-12-01 15:35:00,373,0,357.95,155.0,64.0,0.0
16275,559.87,16.965757575757575,15.9,40.8,5.04,336,10.181818181818182,48,1,1,33,33,4.386969696969698,12.75,0.29,1,2011-05-27 12:41:00,2011-05-27 12:41:00,197,0,559.87,336.0,33.0,0.0
16276,810.6000000000001,135.10000000000002,65.4,532.8000000000001,15.0,420,70.0,288,12,1,6,6,1.9916666666666665,4.25,1.25,1,2011-06-16 09:34:00,2011-06-16 09:34:00,177,0,810.6000000000001,420.0,6.0,0.0
16278,566.38,24.625217391304346,15.9,220.0,6.64,114,4.956521739130435,16,1,1,23,23,9.835217391304349,110.0,0.83,1,2011-08-31 17:12:00,2011-08-31 17:12:00,100,0,566.38,114.0,23.0,0.6666666666666666
16279,1509.58,14.10822429906542,13.6,45.0,0.95,1054,9.850467289719626,48,1,3,102,102,2.1885981308411218,8.5,0.29,1,2011-06-16 11:50:00,2011-11-18 15:00:00,21,155,503.1933333333333,351.3333333333333,34.0,0.5
16281,2062.06,121.29764705882353,122.04,270.0,16.5,934,54.94117647058823,144,10,1,17,17,2.373529411764706,3.75,1.06,1,2011-09-28 14:57:00,2011-09-28 14:57:00,72,0,2062.06,934.0,17.0,0.0
16282,168.3,15.3,10.2,34.0,4.95,114,10.363636363636363,36,1,1,11,11,2.731818181818182,7.95,0.65,1,2011-01-04 11:42:00,2011-01-04 11:42:00,340,0,168.3,114.0,11.0,0.0
16283,1570.81,9.462710843373493,6.699999999999999,45.0,0.65,1236,7.445783132530121,80,1,5,117,119,2.4171686746987953,16.95,0.06,1,2011-05-15 13:37:00,2011-12-04 12:08:00,6,202,314.162,247.2,23.4,0.2857142857142857
16284,823.97,7.559357798165138,6.6,39.6,0.42,544,4.990825688073395,48,1,2,87,87,2.118440366972477,8.5,0.29,1,2011-10-20 13:54:00,2011-11-08 16:12:00,31,19,411.985,272.0,43.5,0.0
16287,142.5,17.8125,16.815,25.200000000000003,6.72,298,37.25,216,3,1,8,8,2.2375000000000003,5.45,0.08,1,2011-06-23 09:08:00,2011-06-23 09:08:00,170,0,142.5,298.0,8.0,0.0
16292,302.25,17.779411764705884,17.4,30.0,6.64,191,11.235294117647058,24,2,1,17,17,2.360588235294118,9.95,0.55,1,2011-08-10 12:24:00,2011-08-10 12:24:00,122,0,302.25,191.0,17.0,1.0
16293,2248.9900000000002,19.059237288135595,17.55,50.400000000000006,5.04,982,8.322033898305085,25,1,10,102,103,4.160847457627119,19.95,0.29,1,2010-12-07 15:02:00,2011-11-18 09:58:00,22,345,224.89900000000003,98.2,10.2,0.16666666666666666
16295,1328.55,16.817088607594936,17.34,39.8,4.68,841,10.645569620253164,48,1,4,70,70,3.7668354430379747,12.75,0.39,1,2011-10-06 10:45:00,2011-11-30 08:17:00,10,54,332.1375,210.25,17.5,0.0
16297,301.9,15.094999999999999,15.3,23.4,5.04,206,10.3,36,2,1,20,20,2.7915,8.5,0.21,1,2011-03-16 08:29:00,2011-03-16 08:29:00,269,0,301.9,206.0,20.0,0.75
16298,598.2,22.15555555555556,16.8,95.4,12.600000000000001,198,7.333333333333333,12,2,3,22,22,4.071111111111112,25.0,1.25,1,2011-06-06 10:06:00,2011-11-17 11:59:00,23,164,199.4,66.0,7.333333333333333,0.0
16302,233.22,21.201818181818183,20.0,51.0,10.0,158,14.363636363636363,24,6,1,11,11,1.7618181818181817,4.25,0.83,1,2011-08-05 09:44:00,2011-08-05 09:44:00,127,0,233.22,158.0,11.0,0.5
16303,5360.63,33.09030864197531,30.0,123.75,10.2,2659,16.41358024691358,48,2,3,119,119,2.858703703703704,16.95,0.85,1,2011-01-10 14:16:00,2011-11-14 10:49:00,26,307,1786.8766666666668,886.3333333333334,39.666666666666664,1.25
16305,361.21999999999997,16.419090909090908,16.95,20.8,6.959999999999999,256,11.636363636363637,24,2,1,22,22,1.6831818181818183,4.95,0.29,1,2011-07-24 12:18:00,2011-07-24 12:18:00,139,0,361.21999999999997,256.0,22.0,0.0
16306,632.27,15.42121951219512,15.0,53.1,1.7,487,11.878048780487806,48,2,6,36,36,1.6270731707317072,5.95,0.21,1,2010-12-07 15:18:00,2011-05-10 12:12:00,214,153,105.37833333333333,81.16666666666667,6.0,0.3333333333333333
16308,2560.0,640.0,640.0,960.0,320.0,8000,2000.0,3000,1000,4,1,1,0.32,0.32,0.32,1,2011-03-23 14:46:00,2011-11-02 11:24:00,38,223,640.0,2000.0,0.25,0.0
16309,706.57,16.823095238095238,15.299999999999999,89.25,5.04,467,11.119047619047619,24,2,2,39,39,2.4180952380952383,9.95,0.29,1,2011-04-13 11:46:00,2011-08-25 15:35:00,106,134,353.285,233.5,19.5,0.6666666666666666
16311,616.26,16.655675675675674,15.0,33.2,4.68,394,10.64864864864865,48,1,2,35,35,2.4735135135135136,12.75,0.39,1,2011-10-21 13:13:00,2011-11-22 08:54:00,18,31,308.13,197.0,17.5,0.0
16313,274.15000000000003,17.134375000000002,17.55,23.400000000000002,11.7,165,10.3125,36,2,2,16,16,3.098125,8.5,0.38,1,2011-10-21 09:04:00,2011-12-06 13:02:00,3,46,137.07500000000002,82.5,8.0,0.0
16315,226.37,16.169285714285714,16.975,19.9,12.75,75,5.357142857142857,12,1,1,14,14,5.351428571428571,16.95,1.25,1,2011-01-13 11:57:00,2011-01-13 11:57:00,331,0,226.37,75.0,14.0,0.0
16316,2938.91,19.46298013245033,15.0,250.0,2.2800000000000002,1484,9.827814569536423,36,1,8,120,122,5.010463576158941,125.0,0.19,1,2010-12-16 14:26:00,2011-10-06 13:48:00,64,293,367.36375,185.5,15.0,0.4166666666666667
16317,1341.65,19.444202898550724,15.8,69.12,8.5,890,12.898550724637682,96,2,3,64,64,2.979420289855072,12.75,0.42,1,2011-02-15 14:30:00,2011-08-12 12:46:00,120,177,447.2166666666667,296.6666666666667,21.333333333333332,0.0
16318,328.15,17.271052631578947,15.6,39.599999999999994,10.2,199,10.473684210526315,36,3,1,19,19,2.473684210526316,5.95,0.65,1,2011-11-04 13:05:00,2011-11-04 13:05:00,35,0,328.15,199.0,19.0,0.0
16319,404.40000000000003,134.8,142.8,142.8,118.80000000000001,72,24.0,24,24,1,3,3,5.616666666666667,5.95,4.95,1,2011-05-06 11:27:00,2011-05-06 11:27:00,218,0,404.40000000000003,72.0,3.0,0.0
16320,1038.46,18.543928571428573,17.55,45.0,5.04,732,13.071428571428571,36,2,2,56,56,2.4805357142857143,12.75,0.42,1,2011-05-10 15:31:00,2011-06-20 15:25:00,172,40,519.23,366.0,28.0,0.0
16321,373.65000000000003,31.137500000000003,31.125,53.1,14.850000000000001,135,11.25,24,3,5,7,7,3.6750000000000003,8.95,1.65,1,2011-01-20 12:11:00,2011-09-28 14:55:00,72,251,74.73,27.0,1.4,0.5714285714285714
16322,326.75,8.83108108108108,8.25,24.96,1.7,231,6.243243243243243,24,1,2,28,28,2.437837837837838,9.95,0.19,1,2011-11-03 14:33:00,2011-12-08 15:41:00,1,35,163.375,115.5,14.0,0.0
16323,207.50000000000003,207.50000000000003,207.50000000000003,207.50000000000003,207.50000000000003,50,50.0,50,50,1,1,1,4.15,4.15,4.15,1,2011-05-27 14:48:00,2011-05-27 14:48:00,196,0,207.50000000000003,50.0,1.0,0.0
16324,428.68,3.6328813559322035,2.1,17.5,0.39,282,2.389830508474576,24,1,3,100,100,2.1305932203389832,12.75,0.19,1,2011-06-15 14:26:00,2011-08-03 12:58:00,128,48,142.89333333333335,94.0,33.333333333333336,0.0
16325,594.24,33.013333333333335,32.550000000000004,71.4,13.52,194,10.777777777777779,24,2,3,14,14,3.690555555555556,8.5,1.25,1,2011-04-08 09:20:00,2011-10-24 08:48:00,47,198,198.08,64.66666666666667,4.666666666666667,0.4
16326,3110.96,9.752225705329154,7.95,70.8,0.42,709,2.2225705329153604,20,1,14,158,159,4.954984326018809,35.95,0.29,1,2011-01-09 12:01:00,2011-12-04 10:11:00,6,328,222.21142857142857,50.642857142857146,11.285714285714286,0.06666666666666667
16327,3844.22,12.050846394984326,8.850000000000001,67.6,0.85,2571,8.059561128526646,72,1,6,142,143,2.090062695924765,12.5,0.42,1,2010-12-05 12:43:00,2011-11-25 13:23:00,14,355,640.7033333333333,428.5,23.666666666666668,0.0
16330,251.91,6.4592307692307696,3.25,112.5,0.24,147,3.769230769230769,90,1,3,39,39,2.6733333333333333,8.5,0.12,1,2011-08-19 17:08:00,2011-11-22 12:24:00,18,94,83.97,49.0,13.0,0.5
16332,1593.2,10.413071895424837,8.25,55.6,0.12,801,5.235294117647059,40,1,7,125,126,2.786797385620915,9.95,0.12,1,2011-02-07 14:16:00,2011-11-11 14:22:00,28,277,227.6,114.42857142857143,17.857142857142858,0.125
16333,26626.8,591.7066666666667,362.88,2601.0,152.64000000000001,32184,715.2,2592,96,22,9,9,1.0662222222222224,2.55,0.21,1,2011-02-03 10:50:00,2011-12-02 12:19:00,8,302,1210.3090909090909,1462.909090909091,0.4090909090909091,0.0
16337,151.05,15.105,15.0,20.0,10.2,87,8.7,16,2,1,10,10,3.04,8.95,0.65,1,2011-11-03 10:03:00,2011-11-03 10:03:00,37,0,151.05,87.0,10.0,0.0
16338,214.79999999999998,19.527272727272727,14.95,49.5,7.5,94,8.545454545454545,24,1,1,11,11,3.7345454545454544,14.95,0.65,1,2011-07-05 13:56:00,2011-07-05 13:56:00,157,0,214.79999999999998,94.0,11.0,0.0
16339,109.95,5.4975000000000005,6.075,7.95,1.25,23,1.15,2,1,1,17,17,5.2575,7.95,1.25,1,2011-02-28 13:41:00,2011-02-28 13:41:00,284,0,109.95,23.0,17.0,0.0
16340,549.07,3.5886928104575166,1.9500000000000002,30.0,0.29,501,3.2745098039215685,48,1,1,124,124,1.5188888888888887,16.95,0.19,1,2011-08-24 14:53:00,2011-08-24 14:53:00,107,0,549.07,501.0,124.0,0.0
16341,1971.87,25.6087012987013,16.5,104.0,5.04,1398,18.155844155844157,50,2,4,60,60,1.8232467532467531,8.5,0.29,1,2011-05-22 13:20:00,2011-11-15 09:12:00,25,176,492.9675,349.5,15.0,1.1666666666666667
16342,322.41,21.494000000000003,17.9,41.6,9.959999999999999,157,10.466666666666667,48,1,4,10,10,5.6033333333333335,35.95,0.83,1,2011-06-13 10:10:00,2011-09-25 14:36:00,75,104,80.6025,39.25,2.5,0.0
16343,370.47999999999996,7.882553191489361,5.0,26.0,1.25,195,4.148936170212766,16,1,2,29,29,2.735106382978723,9.95,0.39,1,2011-11-23 17:43:00,2011-11-23 17:45:00,16,0,185.23999999999998,97.5,14.5,0.0
16344,101.10000000000001,50.550000000000004,50.550000000000004,65.4,35.7,18,9.0,12,6,1,1,1,5.7,5.95,5.45,1,2011-07-04 15:50:00,2011-07-04 15:50:00,158,0,101.10000000000001,18.0,1.0,0.0
16345,575.41,15.14236842105263,11.475000000000001,100.0,1.69,289,7.605263157894737,24,1,1,35,35,4.295526315789473,50.0,0.19,1,2011-10-26 16:03:00,2011-10-26 16:03:00,44,0,575.41,289.0,35.0,0.0
16347,887.65,9.648369565217392,7.07,69.3,0.29,353,3.8369565217391304,48,1,2,61,61,3.762282608695652,25.0,0.29,1,2011-11-03 13:01:00,2011-11-28 13:14:00,11,25,443.825,176.5,30.5,0.0
16348,1469.45,6.252978723404255,3.3,50.0,0.39,819,3.4851063829787234,40,1,7,157,158,2.867106382978723,16.95,0.19,1,2011-04-13 15:49:00,2011-11-07 15:44:00,32,207,209.92142857142858,117.0,22.428571428571427,0.0
16349,53.5,5.944444444444445,2.55,15.95,0.42,9,1.0,1,1,1,9,9,5.944444444444445,15.95,0.42,1,2011-02-22 12:40:00,2011-02-22 12:40:00,291,0,53.5,9.0,9.0,0.0
16350,1116.47,19.58719298245614,17.85,39.599999999999994,8.4,545,9.56140350877193,48,1,4,40,41,3.4387719298245614,12.75,0.29,1,2011-01-10 09:44:00,2011-11-18 15:53:00,21,312,279.1175,136.25,10.0,0.6
16351,153.9,19.2375,19.5,25.5,16.5,90,11.25,24,6,1,8,8,1.9875,4.25,0.85,1,2011-01-11 10:26:00,2011-01-11 10:26:00,333,0,153.9,90.0,8.0,0.0
16352,494.44,17.658571428571427,17.700000000000003,30.599999999999998,6.72,300,10.714285714285714,24,4,2,28,28,1.9617857142857142,4.95,0.42,1,2011-11-02 08:44:00,2011-11-22 10:32:00,18,20,247.22,150.0,14.0,0.0
16353,6675.71,71.0181914893617,30.0,475.20000000000005,6.6000000000000005,2006,21.340425531914892,96,1,23,51,51,3.010851063829787,8.25,0.42,1,2010-12-05 12:09:00,2011-12-06 12:23:00,4,366,290.24826086956523,87.21739130434783,2.217391304347826,0.0
16354,395.8,10.148717948717948,7.8,35.400000000000006,2.4899999999999998,150,3.8461538461538463,16,1,2,38,38,3.1382051282051284,8.95,0.83,1,2011-09-27 16:28:00,2011-10-07 14:28:00,63,9,197.9,75.0,19.0,0.0
16356,211.77,6.831290322580646,5.07,21.8,1.6500000000000001,93,3.0,7,1,3,20,20,2.201290322580645,5.45,0.55,1,2011-03-07 12:31:00,2011-05-26 11:51:00,198,79,70.59,31.0,6.666666666666667,0.25
16357,658.88,19.378823529411765,17.55,39.6,9.899999999999999,246,7.235294117647059,24,1,3,31,31,4.5797058823529415,15.95,0.83,1,2011-05-10 10:35:00,2011-11-06 16:04:00,33,180,219.62666666666667,82.0,10.333333333333334,0.0
16358,2027.5,18.60091743119266,16.5,70.80000000000001,5.04,1302,11.944954128440367,24,3,4,82,83,1.8883486238532112,4.95,0.42,1,2011-06-08 15:05:00,2011-12-08 15:09:00,1,183,506.875,325.5,20.5,0.2
16359,1750.92,26.52909090909091,12.75,228.96,2.1,1183,17.924242424242426,216,1,9,39,39,8.14318181818182,125.0,0.19,1,2011-01-12 10:49:00,2011-12-02 17:04:00,7,324,194.54666666666668,131.44444444444446,4.333333333333333,0.3333333333333333
16360,3512.53,5.305936555891239,3.75,35.7,0.39,2144,3.2386706948640485,48,1,6,365,365,2.278761329305136,16.95,0.12,1,2011-09-12 13:50:00,2011-12-05 12:16:00,5,83,585.4216666666667,357.3333333333333,60.833333333333336,1.125
16361,896.66,8.459056603773584,6.45,33.9,0.65,421,3.9716981132075473,25,1,4,87,87,3.087735849056604,16.95,0.39,1,2011-09-29 13:13:00,2011-11-30 12:32:00,10,61,224.165,105.25,21.75,0.0
16362,734.77,9.071234567901234,5.95,49.92,0.83,351,4.333333333333333,36,1,5,58,58,2.8769135802469137,9.95,0.39,1,2011-09-09 14:47:00,2011-11-07 13:01:00,32,58,146.954,70.2,11.6,1.0
16363,109.36000000000001,21.872000000000003,15.0,35.400000000000006,9.959999999999999,52,10.4,12,4,1,5,5,2.9560000000000004,8.5,0.83,1,2011-10-17 14:14:00,2011-10-17 14:14:00,53,0,109.36000000000001,52.0,5.0,0.0
16364,707.04,13.340377358490565,11.9,39.8,1.25,280,5.283018867924528,24,1,2,48,48,3.453584905660377,14.95,0.39,1,2011-07-25 14:35:00,2011-11-28 11:27:00,12,125,353.52,140.0,24.0,0.0
16365,1540.42,30.2043137254902,8.5,393.7,0.85,504,9.882352941176471,100,1,9,45,46,5.143137254901961,16.95,0.42,1,2010-12-07 17:19:00,2011-11-22 11:24:00,18,349,171.1577777777778,56.0,5.0,0.0
16366,327.3,18.183333333333334,17.700000000000003,35.400000000000006,10.5,256,14.222222222222221,25,2,1,18,18,2.828888888888889,12.75,0.42,1,2011-11-21 08:19:00,2011-11-21 08:19:00,19,0,327.3,256.0,18.0,0.0
16367,804.49,6.188384615384615,5.1,20.8,0.29,647,4.976923076923077,80,1,2,123,123,2.3376153846153844,9.95,0.06,1,2010-12-12 12:01:00,2011-11-02 13:13:00,37,325,402.245,323.5,61.5,0.0
16368,497.43,6.545131578947369,2.89,50.400000000000006,0.39,260,3.4210526315789473,36,1,2,58,58,2.4098684210526318,16.95,0.29,1,2011-11-11 15:08:00,2011-12-07 13:12:00,2,25,248.715,130.0,29.0,0.0
16369,1553.66,13.166610169491527,9.93,52.199999999999996,0.38,1035,8.771186440677965,48,1,3,91,91,2.3270338983050847,12.5,0.19,1,2011-05-27 09:39:00,2011-11-21 16:25:00,18,178,517.8866666666667,345.0,30.333333333333332,0.0
16370,1320.56,5.791929824561404,4.16,33.9,0.42,647,2.837719298245614,25,1,4,143,143,2.8847368421052635,16.95,0.19,1,2011-04-28 16:40:00,2011-09-18 15:55:00,82,142,330.14,161.75,35.75,0.0
16372,367.93,3.7930927835051547,2.95,19.9,0.42,166,1.711340206185567,6,1,2,86,86,2.657731958762887,12.75,0.42,1,2011-11-06 12:50:00,2011-11-06 13:08:00,33,0,183.965,83.0,43.0,0.0
16374,473.03000000000003,4.261531531531531,2.95,23.8,0.55,240,2.1621621621621623,12,1,2,101,101,2.5635135135135134,12.75,0.12,1,2011-03-22 13:46:00,2011-10-04 15:21:00,66,196,236.51500000000001,120.0,50.5,0.0
16376,987.01,7.8960799999999995,5.1,107.1,0.39,694,5.552,48,1,2,104,104,2.5507199999999997,16.95,0.12,1,2011-11-22 16:47:00,2011-12-01 11:38:00,9,8,493.505,347.0,52.0,1.0
16377,676.2,135.24,51.0,390.0,25.2,1500,300.0,720,60,1,5,5,0.534,0.85,0.25,1,2011-03-17 15:41:00,2011-03-17 15:41:00,267,0,676.2,1500.0,5.0,0.0
16378,362.95,15.780434782608696,15.0,53.1,7.800000000000001,267,11.608695652173912,24,2,3,22,22,1.8021739130434784,6.75,0.65,1,2011-02-02 12:42:00,2011-04-06 15:07:00,247,63,120.98333333333333,89.0,7.333333333333333,0.0
16379,2157.4,19.975925925925928,17.700000000000003,62.400000000000006,7.800000000000001,1410,13.055555555555555,48,2,4,87,87,1.9833333333333334,12.75,0.29,1,2011-09-22 09:33:00,2011-12-05 15:38:00,4,74,539.35,352.5,21.75,0.2
16380,1780.59,55.6434375,18.72,750.0,1.25,1524,47.625,200,1,1,28,28,1.8,7.5,0.12,1,2011-10-09 15:40:00,2011-10-09 15:40:00,61,0,1780.59,1524.0,28.0,0.0
16383,668.36,6.552549019607843,5.0,40.8,0.42,475,4.6568627450980395,48,1,2,80,80,2.2834313725490194,8.5,0.29,1,2011-03-16 13:00:00,2011-09-26 12:45:00,75,193,334.18,237.5,40.0,0.0
16384,584.5,17.71212121212121,17.4,45.9,10.2,260,7.878787878787879,18,2,2,33,33,3.503030303030303,12.75,0.85,1,2011-03-21 10:13:00,2011-09-11 11:19:00,90,174,292.25,130.0,16.5,0.0
16385,555.89,9.42186440677966,4.95,42.5,0.38,261,4.423728813559322,25,1,3,52,52,2.5457627118644073,9.95,0.19,1,2010-12-08 12:56:00,2011-10-10 13:12:00,60,306,185.29666666666665,87.0,17.333333333333332,0.0
16386,317.2,3.6045454545454545,1.65,17.700000000000003,0.12,224,2.5454545454545454,16,1,2,76,76,1.658977272727273,12.75,0.06,1,2011-03-31 12:19:00,2011-11-11 12:28:00,29,225,158.6,112.0,38.0,0.0
16387,94.36,23.59,19.4,40.56,15.0,44,11.0,24,4,1,4,4,3.16,5.95,1.25,1,2011-01-21 11:34:00,2011-01-21 11:34:00,323,0,94.36,44.0,4.0,0.0
16389,1382.07,40.64911764705882,35.550000000000004,175.2,6.25,1242,36.529411764705884,576,1,4,33,33,2.7785294117647057,15.0,0.1,1,2011-03-01 15:47:00,2011-10-17 14:41:00,53,229,345.5175,310.5,8.25,0.2
16392,221.19,4.915333333333333,3.75,22.099999999999998,0.55,203,4.511111111111111,26,1,1,41,41,1.9917777777777776,7.65,0.29,1,2011-03-15 12:11:00,2011-03-15 12:11:00,270,0,221.19,203.0,41.0,0.0
16393,3046.21,9.230939393939394,7.725,74.7,0.55,1576,4.775757575757575,36,1,13,120,125,1.9769696969696968,5.95,0.29,1,2010-12-05 13:10:00,2011-12-07 12:51:00,2,366,234.32384615384615,121.23076923076923,9.23076923076923,1.4
16394,1555.34,18.73903614457831,14.850000000000001,100.8,4.68,2604,31.373493975903614,240,2,5,61,62,1.231566265060241,5.95,0.29,1,2011-02-23 10:58:00,2011-10-14 09:48:00,57,232,311.068,520.8,12.2,1.8888888888888888
16395,1486.9,7.080476190476191,5.1,40.8,0.39,1476,7.0285714285714285,72,1,5,150,153,1.9833809523809522,12.75,0.08,1,2011-01-13 12:10:00,2011-10-10 12:50:00,61,270,297.38,295.2,30.0,0.0
16398,1705.8,20.802439024390242,17.0,72.0,5.8,758,9.24390243902439,100,1,2,75,76,5.544634146341464,39.95,0.42,1,2011-03-31 09:38:00,2011-07-08 15:16:00,154,99,852.9,379.0,37.5,1.0
16399,408.57,5.596849315068493,4.949999999999999,25.0,0.55,264,3.6164383561643834,48,1,2,68,68,2.766164383561644,25.0,0.1,1,2011-04-18 13:46:00,2011-11-20 16:12:00,19,216,204.285,132.0,34.0,0.0
16400,303.93,10.480344827586206,7.25,34.68,1.45,172,5.931034482758621,24,1,1,28,28,3.0141379310344827,16.95,0.39,1,2011-09-06 12:27:00,2011-09-06 12:27:00,95,0,303.93,172.0,28.0,0.0
16401,4098.32,22.033978494623653,16.5,148.5,0.65,3882,20.870967741935484,200,1,12,66,69,1.4426344086021505,5.45,0.19,1,2011-01-16 10:56:00,2011-12-08 18:15:00,1,326,341.52666666666664,323.5,5.5,0.6
16402,299.6,4.993333333333334,2.95,52.199999999999996,0.85,149,2.4833333333333334,36,1,2,55,55,2.6683333333333334,12.75,0.85,1,2010-12-05 13:42:00,2011-03-20 12:25:00,265,104,149.8,74.5,27.5,0.0
16403,177.5,17.75,18.45,23.4,10.4,114,11.4,16,10,1,10,10,1.6099999999999999,1.95,0.65,1,2011-01-31 13:39:00,2011-01-31 13:39:00,312,0,177.5,114.0,10.0,2.5
16404,443.05,19.26304347826087,17.700000000000003,39.8,12.5,157,6.826086956521739,24,2,1,23,23,5.165217391304347,12.75,0.65,1,2011-09-30 14:55:00,2011-09-30 14:55:00,70,0,443.05,157.0,23.0,0.0
16405,167.25,33.45,4.95,92.4,0.65,187,37.4,168,1,2,3,3,2.33,4.95,0.55,1,2011-02-02 17:08:00,2011-02-10 15:24:00,302,7,83.625,93.5,1.5,0.0
16406,163.07,2.6301612903225804,2.015,8.850000000000001,0.3,122,1.967741935483871,12,1,1,54,54,1.7908064516129032,7.95,0.06,1,2011-11-21 11:57:00,2011-11-21 11:57:00,19,0,163.07,122.0,54.0,0.0
16407,2126.93,12.365872093023254,9.899999999999999,75.0,0.55,1124,6.534883720930233,60,1,10,99,100,2.9607558139534884,14.95,0.29,1,2011-01-31 14:02:00,2011-11-27 11:05:00,13,299,212.69299999999998,112.4,9.9,0.0
16409,2028.88,8.745172413793103,6.1,40.32,0.42,1306,5.629310344827586,96,1,5,145,147,2.707844827586207,12.75,0.29,1,2011-01-26 14:51:00,2011-11-03 16:45:00,36,281,405.776,261.2,29.0,0.0
16411,214.65,4.7700000000000005,3.3,20.85,0.83,132,2.933333333333333,12,1,2,41,41,2.0353333333333334,7.95,0.38,1,2010-12-05 13:26:00,2011-11-20 13:23:00,19,349,107.325,66.0,20.5,0.0
16412,151.83,4.338,3.3,16.6,0.95,73,2.085714285714286,6,1,1,25,25,2.072857142857143,4.95,0.83,1,2011-10-17 12:35:00,2011-10-17 12:35:00,54,0,151.83,73.0,25.0,0.0
16413,262.2,8.458064516129031,6.3,33.2,0.85,148,4.774193548387097,12,1,1,30,30,2.5261290322580647,14.95,0.63,1,2011-10-14 12:08:00,2011-10-14 12:08:00,57,0,262.2,148.0,30.0,0.0
16414,126.25,18.035714285714285,15.9,33.0,9.95,27,3.857142857142857,12,1,2,5,5,7.064285714285714,9.95,1.25,1,2011-03-04 13:27:00,2011-11-18 09:42:00,22,258,63.125,13.5,2.5,0.0
16415,210.35,3.89537037037037,2.5,30.0,0.39,187,3.462962962962963,30,1,1,45,45,1.8175925925925926,9.95,0.29,1,2011-10-26 13:35:00,2011-10-26 13:35:00,44,0,210.35,187.0,45.0,0.0
16416,1051.4,14.808450704225354,11.7,119.39999999999999,0.78,672,9.464788732394366,72,1,3,59,59,3.0419718309859154,19.95,0.39,1,2011-10-14 13:35:00,2011-11-13 12:50:00,27,29,350.4666666666667,224.0,19.666666666666668,0.5
16418,675.27,6.620294117647059,5.1,29.95,0.83,288,2.823529411764706,25,1,3,76,76,3.7622549019607843,29.95,0.42,1,2011-04-27 16:54:00,2011-10-26 12:39:00,45,181,225.09,96.0,25.333333333333332,0.0
16419,972.23,19.063333333333333,13.5,79.6,0.83,436,8.549019607843137,72,1,6,36,36,4.315882352941176,12.75,0.29,1,2011-02-01 12:25:00,2011-08-19 12:33:00,113,199,162.03833333333333,72.66666666666667,6.0,0.14285714285714285
16422,34684.4,93.99566395663958,70.80000000000001,408.0,7.800000000000001,33704,91.33875338753387,720,3,51,68,69,1.8139295392953931,5.95,0.16,1,2010-12-05 15:35:00,2011-11-22 14:00:00,17,351,680.086274509804,660.8627450980392,1.3333333333333333,0.4
16423,346.12,19.22888888888889,16.5,60.839999999999996,5.04,230,12.777777777777779,36,2,1,18,18,1.9155555555555557,8.25,0.42,1,2011-11-15 09:21:00,2011-11-15 09:21:00,25,0,346.12,230.0,18.0,0.0
16424,133.56,26.712,30.0,40.56,15.9,88,17.6,36,2,1,5,5,3.9979999999999998,8.25,0.85,1,2011-06-01 13:40:00,2011-06-01 13:40:00,191,0,133.56,88.0,5.0,0.5
16425,302.7,14.414285714285715,13.200000000000001,31.8,8.7,199,9.476190476190476,25,2,1,21,21,4.171904761904762,8.5,0.42,1,2011-02-10 14:30:00,2011-02-10 14:30:00,302,0,302.7,199.0,21.0,0.0
16426,1908.25,5.129704301075269,3.3,81.36,0.39,1243,3.3413978494623655,48,1,10,211,211,2.086666666666667,9.95,0.19,1,2011-03-08 15:45:00,2011-12-07 14:01:00,2,273,190.825,124.3,21.1,0.0
16427,241.06,26.784444444444446,27.04,53.1,0.84,156,17.333333333333332,30,2,2,8,8,1.488888888888889,2.95,0.42,1,2011-02-28 15:18:00,2011-03-21 17:10:00,263,21,120.53,78.0,4.0,0.0
16429,284.55,142.275,142.275,279.6,4.95,9,4.5,8,1,1,2,2,19.950000000000003,34.95,4.95,1,2011-08-25 13:54:00,2011-08-25 13:54:00,106,0,284.55,9.0,2.0,0.0
16430,300.85,50.14166666666667,32.55,100.80000000000001,20.85,103,17.166666666666668,48,3,1,6,6,4.358333333333333,6.95,1.65,1,2011-10-13 14:47:00,2011-10-13 14:47:00,57,0,300.85,103.0,6.0,0.0
16431,642.81,7.744698795180722,4.2,45.0,0.29,453,5.457831325301205,36,1,3,51,51,1.8336144578313254,5.95,0.29,1,2011-02-15 14:02:00,2011-05-10 14:09:00,213,84,214.26999999999998,151.0,17.0,0.0
16432,287.4,35.925,20.1,144.0,15.0,276,34.5,200,2,1,8,8,3.1675,8.25,0.72,1,2011-10-06 13:59:00,2011-10-06 13:59:00,64,0,287.4,276.0,8.0,0.0
16433,184.26,10.838823529411764,7.5,63.6,0.95,106,6.235294117647059,12,1,1,17,17,1.906470588235294,7.95,0.42,1,2011-11-11 14:09:00,2011-11-11 14:09:00,28,0,184.26,106.0,17.0,0.0
16434,1522.25,13.965596330275229,15.0,45.0,1.25,767,7.036697247706422,36,1,7,88,88,3.2576146788990825,14.95,0.39,1,2011-02-13 12:17:00,2011-11-10 14:28:00,29,270,217.46428571428572,109.57142857142857,12.571428571428571,0.0
16438,798.35,6.04810606060606,4.2,26.099999999999998,0.38,463,3.507575757575758,18,1,5,74,73,2.194015151515152,9.95,0.19,1,2011-09-18 13:31:00,2011-12-04 10:51:00,6,76,159.67000000000002,92.6,14.8,0.0
16440,3640.67,12.91017730496454,9.899999999999999,102.0,0.84,2018,7.156028368794326,50,1,5,186,187,2.2190425531914895,9.95,0.19,1,2011-05-09 12:25:00,2011-12-02 12:02:00,8,206,728.134,403.6,37.2,0.0
16441,381.2,15.883333333333333,15.0,30.599999999999998,3.75,173,7.208333333333333,24,1,2,22,22,3.2916666666666665,12.5,0.85,1,2011-02-21 17:35:00,2011-10-03 17:48:00,67,224,190.6,86.5,11.0,0.0
16442,616.79,3.5447701149425286,2.5,30.0,0.12,446,2.5632183908045976,36,1,3,161,161,2.237528735632184,16.95,0.12,1,2010-12-14 10:46:00,2011-12-08 11:43:00,2,359,205.59666666666666,148.66666666666666,53.666666666666664,0.0
16444,654.67,7.793690476190475,4.949999999999999,41.300000000000004,0.42,407,4.845238095238095,30,1,4,68,69,2.3755952380952383,16.65,0.12,1,2011-03-20 12:14:00,2011-10-24 13:50:00,46,218,163.6675,101.75,17.0,0.4
16445,230.51,3.658888888888889,2.95,12.5,0.55,111,1.7619047619047619,6,1,1,62,62,2.6320634920634918,12.5,0.39,1,2011-11-06 12:32:00,2011-11-06 12:32:00,34,0,230.51,111.0,62.0,0.0
16446,168472.5,56157.5,1.65,168469.6,1.25,80997,26999.0,80995,1,2,3,3,1.6600000000000001,2.08,1.25,1,2011-05-18 09:52:00,2011-12-09 09:15:00,1,204,84236.25,40498.5,1.5,0.3333333333333333
16447,259.01,7.194722222222222,3.455,31.200000000000003,1.45,223,6.194444444444445,48,1,1,34,34,2.9544444444444444,9.95,0.42,1,2011-07-27 12:45:00,2011-07-27 12:45:00,136,0,259.01,223.0,34.0,0.0
16448,188.89000000000001,9.444500000000001,6.075,35.400000000000006,1.65,78,3.9,12,1,1,19,19,2.9195,12.75,0.65,1,2011-05-25 16:28:00,2011-05-25 16:28:00,198,0,188.89000000000001,78.0,19.0,0.0
16449,707.69,17.69225,17.2,34.8,3.75,367,9.175,24,1,2,40,40,3.2979999999999996,10.75,0.65,1,2011-03-04 12:15:00,2011-05-26 10:25:00,198,82,353.845,183.5,20.0,1.0
16450,311.92,28.35636363636364,30.0,70.80000000000001,8.5,200,18.181818181818183,24,10,1,11,11,1.4845454545454544,2.95,0.85,1,2011-07-13 11:47:00,2011-07-13 11:47:00,150,0,311.92,200.0,11.0,0.0
16451,266.97,19.069285714285716,20.3,49.800000000000004,6.72,120,8.571428571428571,16,4,1,14,14,2.6149999999999998,4.95,0.42,1,2011-09-13 09:17:00,2011-09-13 09:17:00,88,0,266.97,120.0,14.0,0.0
16454,6.9,3.45,3.45,5.9,1.0,3,1.5,2,1,2,2,2,1.975,2.95,1.0,1,2011-10-06 16:57:00,2011-10-26 11:40:00,45,19,3.45,1.5,1.0,0.3333333333333333
16455,1841.18,18.59777777777778,17.34,34.68,1.9,988,9.97979797979798,24,1,7,69,69,2.1015151515151516,4.95,0.29,1,2010-12-03 16:44:00,2011-10-07 12:17:00,64,307,263.0257142857143,141.14285714285714,9.857142857142858,0.0
16456,2158.37,19.444774774774775,7.95,104.0,0.19,1148,10.342342342342342,50,1,5,80,82,2.1282882882882883,8.95,0.19,1,2010-12-01 14:11:00,2011-09-01 13:50:00,99,273,431.674,229.6,16.0,0.0
16457,208.36,23.151111111111113,17.700000000000003,46.800000000000004,13.52,140,15.555555555555555,72,4,1,9,9,2.67,5.95,0.65,1,2011-05-05 13:19:00,2011-05-05 13:19:00,218,0,208.36,140.0,9.0,0.0
16458,3482.7400000000002,17.241287128712873,17.700000000000003,41.6,0.78,2154,10.663366336633663,32,2,18,52,53,1.7633663366336634,4.95,0.39,1,2010-12-14 11:51:00,2011-12-07 09:34:00,3,357,193.48555555555558,119.66666666666667,2.888888888888889,0.0
16460,814.72,6.034962962962963,2.95,47.7,0.39,879,6.511111111111111,80,1,3,128,128,1.6751851851851853,9.95,0.06,1,2011-09-19 10:15:00,2011-11-11 13:46:00,28,53,271.5733333333333,293.0,42.666666666666664,0.0
16461,151.42,4.588484848484848,2.95,15.95,0.85,49,1.4848484848484849,10,1,1,31,31,4.073939393939394,15.95,0.42,1,2011-06-15 12:07:00,2011-06-15 12:07:00,178,0,151.42,49.0,31.0,0.0
16462,136.0,45.333333333333336,34.0,68.0,34.0,16,5.333333333333333,8,4,3,1,1,8.5,8.5,8.5,1,2011-03-01 08:58:00,2011-09-27 10:24:00,74,210,45.333333333333336,5.333333333333333,0.3333333333333333,0.25
16463,1422.4,17.346341463414635,15.0,45.0,4.5600000000000005,1163,14.182926829268293,80,2,4,74,74,1.993170731707317,8.5,0.06,1,2011-05-19 14:45:00,2011-11-18 14:01:00,21,182,355.6,290.75,18.5,0.42857142857142855
16464,1314.68,5.570677966101695,4.2,27.839999999999996,0.39,963,4.080508474576271,96,1,3,152,152,2.5087711864406783,24.95,0.12,1,2011-07-20 13:53:00,2011-11-20 12:11:00,20,122,438.2266666666667,321.0,50.666666666666664,0.0
16466,1603.46,10.834189189189189,7.5,86.10000000000001,1.1,789,5.331081081081081,72,1,7,103,103,2.8899324324324325,16.95,0.39,1,2011-02-20 11:39:00,2011-11-06 11:35:00,34,258,229.06571428571428,112.71428571428571,14.714285714285714,0.0
16468,74.9,37.45,37.45,62.400000000000006,12.5,31,15.5,30,1,1,2,2,7.29,12.5,2.08,1,2011-09-26 14:13:00,2011-09-26 14:13:00,74,0,74.9,31.0,2.0,0.0
16469,650.43,3.5737912087912087,2.95,15.95,0.14,273,1.5,12,1,4,148,148,2.9048351648351654,15.95,0.14,1,2011-04-07 13:11:00,2011-11-16 12:25:00,24,222,162.6075,68.25,37.0,0.0
16470,762.39,4.484647058823529,2.7249999999999996,29.700000000000003,0.29,531,3.123529411764706,48,1,4,120,120,1.9055882352941176,9.95,0.18,1,2010-12-16 11:53:00,2011-10-19 12:11:00,52,307,190.5975,132.75,30.0,0.2
16471,223.95000000000002,17.22692307692308,17.700000000000003,25.200000000000003,10.2,141,10.846153846153847,24,3,1,13,13,2.2961538461538464,5.95,0.85,1,2011-03-10 09:41:00,2011-03-10 09:41:00,275,0,223.95000000000002,141.0,13.0,0.0
16473,316.11,17.561666666666667,16.15,40.56,9.95,196,10.88888888888889,25,1,3,18,18,2.6505555555555556,9.95,0.42,1,2011-01-07 10:55:00,2011-06-28 09:10:00,165,171,105.37,65.33333333333333,6.0,0.25
16474,1871.5,5.198611111111111,3.3,50.400000000000006,0.16,943,2.6194444444444445,24,1,7,237,237,2.199777777777778,12.75,0.08,1,2011-07-17 14:51:00,2011-12-02 13:02:00,7,137,267.35714285714283,134.71428571428572,33.857142857142854,0.7272727272727273
16475,544.3,19.439285714285713,17.700000000000003,85.0,7.800000000000001,319,11.392857142857142,64,1,4,23,23,5.110714285714286,85.0,0.65,1,2011-03-11 09:39:00,2011-09-12 14:37:00,88,185,136.075,79.75,5.75,0.0
16477,2494.46,17.085342465753424,16.5,35.400000000000006,6.959999999999999,1415,9.691780821917808,48,2,7,111,111,2.32513698630137,7.95,0.29,1,2010-12-03 12:48:00,2011-10-07 09:44:00,64,307,356.3514285714286,202.14285714285714,15.857142857142858,0.0
16478,331.0,19.470588235294116,15.12,39.6,10.08,224,13.176470588235293,36,2,3,15,15,2.942941176470588,8.25,0.42,1,2011-10-05 12:02:00,2011-11-14 15:51:00,25,40,110.33333333333333,74.66666666666667,5.0,0.0
16479,300.83,8.595142857142857,5.9,24.900000000000002,0.95,102,2.914285714285714,10,1,2,35,35,3.177142857142857,12.5,0.85,1,2011-11-29 13:04:00,2011-11-29 13:40:00,10,0,150.415,51.0,17.5,0.0
16480,769.29,14.514905660377357,10.5,79.19999999999999,0.39,455,8.584905660377359,72,1,1,51,51,3.3305660377358492,15.95,0.39,1,2011-09-25 11:40:00,2011-09-25 11:40:00,76,0,769.29,455.0,51.0,0.0
16482,220.62,12.256666666666668,12.96,18.72,4.5600000000000005,346,19.22222222222222,48,3,1,18,18,1.3616666666666668,4.95,0.19,1,2011-11-24 12:33:00,2011-11-24 12:33:00,16,0,220.62,346.0,18.0,0.0
16483,139.35,7.334210526315789,4.95,15.95,1.65,44,2.3157894736842106,3,1,1,19,19,4.410526315789474,15.95,1.45,1,2011-05-31 13:08:00,2011-05-31 13:08:00,192,0,139.35,44.0,19.0,0.0
16484,404.3,16.172,15.0,25.5,10.2,200,8.0,16,1,2,25,25,3.2872000000000003,15.0,0.65,1,2011-06-02 10:39:00,2011-06-19 12:06:00,174,17,202.15,100.0,12.5,0.3333333333333333
16485,363.65,8.658333333333333,5.875,35.7,0.55,235,5.595238095238095,24,1,1,41,41,3.0811904761904763,12.75,0.19,1,2011-09-23 15:50:00,2011-09-23 15:50:00,77,0,363.65,235.0,41.0,0.0
16488,498.8,17.2,14.850000000000001,60.0,2.88,728,25.103448275862068,200,1,3,28,28,4.441034482758622,39.95,0.04,1,2011-07-14 11:46:00,2011-11-06 13:42:00,33,115,166.26666666666668,242.66666666666666,9.333333333333334,0.5
16491,731.5,18.756410256410255,16.8,59.400000000000006,8.4,478,12.256410256410257,36,2,1,39,39,2.54974358974359,11.95,0.42,1,2011-10-24 10:18:00,2011-10-24 10:18:00,47,0,731.5,478.0,39.0,0.0
16493,1351.63,24.13625,21.9,70.80000000000001,4.68,1164,20.785714285714285,60,1,4,40,40,1.8078571428571428,14.95,0.39,1,2011-01-14 08:16:00,2011-09-21 11:10:00,80,250,337.9075,291.0,10.0,1.0
16494,826.53,16.5306,11.475,40.8,1.32,675,13.5,48,1,1,47,47,1.4991999999999999,4.95,0.22,1,2011-02-16 12:49:00,2011-02-16 12:49:00,297,0,826.53,675.0,47.0,0.0
16495,684.41,7.055773195876288,4.949999999999999,40.8,0.39,337,3.4742268041237114,48,1,3,78,78,3.218144329896907,15.95,0.39,1,2011-03-08 16:38:00,2011-12-06 13:20:00,3,272,228.13666666666666,112.33333333333333,26.0,0.0
16496,1599.52,16.837052631578945,15.0,68.0,5.04,1111,11.694736842105263,48,1,3,92,92,2.8450526315789477,12.75,0.29,1,2011-01-27 09:42:00,2011-12-01 10:31:00,9,308,533.1733333333333,370.3333333333333,30.666666666666668,0.5
16497,2965.69,21.80654411764706,17.700000000000003,99.0,5.04,1396,10.264705882352942,24,1,6,128,128,3.6586029411764707,16.95,0.39,1,2011-01-10 13:20:00,2011-10-21 10:55:00,50,283,494.2816666666667,232.66666666666666,21.333333333333332,0.0
16498,100.97,6.731333333333334,4.2,29.700000000000003,0.95,45,3.0,6,1,2,15,15,2.3680000000000003,7.95,0.83,1,2011-06-30 19:52:00,2011-07-01 15:07:00,161,0,50.485,22.5,7.5,0.3333333333333333
16499,365.45,19.23421052631579,15.0,35.400000000000006,10.2,127,6.684210526315789,12,2,2,18,18,4.302631578947368,12.75,0.85,1,2010-12-10 10:27:00,2010-12-14 13:31:00,360,4,182.725,63.5,9.0,0.6
16500,400.86,36.441818181818185,19.919999999999998,165.0,10.2,123,11.181818181818182,24,1,6,8,8,17.12,165.0,0.83,1,2011-01-13 10:28:00,2011-12-05 12:04:00,5,326,66.81,20.5,1.3333333333333333,0.0
16503,1431.93,17.046785714285715,15.75,33.9,6.8,569,6.773809523809524,24,1,4,71,72,4.173571428571428,16.95,0.42,1,2010-12-14 13:50:00,2011-08-25 11:46:00,107,253,357.9825,142.25,17.75,0.4
16504,484.38,5.632325581395349,2.915,33.0,0.38,524,6.093023255813954,36,1,1,76,76,1.2338372093023255,4.95,0.12,1,2011-11-14 15:18:00,2011-11-14 15:18:00,25,0,484.38,524.0,76.0,0.0
16505,777.6,194.4,149.76,358.56000000000006,119.52,576,144.0,144,144,1,4,4,1.35,2.49,0.83,1,2011-11-08 12:14:00,2011-11-08 12:14:00,32,0,777.6,576.0,4.0,0.0
16506,90.30000000000001,30.100000000000005,35.1,35.400000000000006,19.799999999999997,42,14.0,18,12,2,3,3,2.183333333333333,2.95,1.65,1,2011-10-30 15:50:00,2011-11-20 12:17:00,20,20,45.150000000000006,21.0,1.5,0.0
16509,363.7,27.976923076923075,23.700000000000003,76.5,16.95,64,4.923076923076923,12,1,1,13,13,7.623076923076923,16.95,2.95,1,2011-02-16 09:25:00,2011-02-16 09:25:00,297,0,363.7,64.0,13.0,0.0
16510,248.1,19.084615384615383,17.0,30.599999999999998,11.9,92,7.076923076923077,24,1,1,13,13,5.346153846153846,12.75,1.25,1,2010-12-02 13:39:00,2010-12-02 13:39:00,372,0,248.1,92.0,13.0,0.0
16511,950.26,5.6228402366863905,4.2,46.800000000000004,0.85,417,2.467455621301775,72,1,3,135,135,3.032721893491124,12.75,0.5,1,2011-03-18 11:24:00,2011-11-18 10:41:00,22,244,316.75333333333333,139.0,45.0,0.0
16513,874.59,24.988285714285716,17.0,90.0,5.04,407,11.628571428571428,24,3,4,33,33,2.5905714285714287,5.45,0.42,1,2011-10-27 14:56:00,2011-12-05 10:18:00,5,38,218.6475,101.75,8.25,0.0
16515,1627.13,14.399380530973453,8.7,142.8,0.65,833,7.371681415929204,120,1,5,89,89,2.5943362831858408,9.95,0.39,1,2011-02-01 13:09:00,2011-10-18 13:10:00,52,259,325.42600000000004,166.6,17.8,0.0
16516,101.69999999999999,16.95,16.95,19.8,15.0,58,9.666666666666666,12,4,1,6,6,2.1166666666666667,4.95,1.25,1,2011-11-09 14:59:00,2011-11-09 14:59:00,30,0,101.69999999999999,58.0,6.0,0.0
16517,162.7,9.570588235294117,7.800000000000001,25.0,3.95,96,5.647058823529412,20,1,1,17,17,2.8852941176470592,7.95,0.65,1,2011-03-07 13:50:00,2011-03-07 13:50:00,277,0,162.7,96.0,17.0,0.0
16518,484.32,12.108,10.2,60.0,2.5,327,8.175,48,1,2,36,36,2.3545000000000003,8.5,0.29,1,2011-02-28 16:36:00,2011-10-09 15:04:00,61,222,242.16,163.5,18.0,0.6666666666666666
16519,215.07999999999998,16.544615384615383,12.75,51.0,2.08,54,4.153846153846154,18,1,2,13,13,6.617692307692308,12.75,0.85,1,2010-12-09 14:08:00,2011-11-14 15:41:00,25,340,107.53999999999999,27.0,6.5,0.0
16520,1046.57,6.708782051282051,5.1,39.8,1.25,558,3.576923076923077,24,1,3,129,129,2.7175641025641024,12.5,0.42,1,2010-12-09 13:08:00,2011-06-06 13:24:00,186,179,348.8566666666666,186.0,43.0,0.25
16523,9418.470000000001,32.477482758620695,31.8,198.0,4.5600000000000005,4265,14.706896551724139,72,2,21,151,154,3.613206896551724,16.95,0.19,1,2011-01-28 12:06:00,2011-12-08 09:06:00,2,313,448.4985714285715,203.0952380952381,7.190476190476191,0.2857142857142857
16525,13027.45,71.18825136612023,67.5,330.0,10.08,7397,40.4207650273224,432,2,26,75,75,3.657595628415301,16.95,0.36,1,2010-12-08 11:31:00,2011-12-07 15:07:00,2,364,501.0557692307693,284.5,2.8846153846153846,0.5862068965517241
16526,290.36,19.357333333333333,14.95,71.4,6.8,106,7.066666666666666,24,1,1,15,15,5.615333333333334,14.95,0.85,1,2011-06-21 12:02:00,2011-06-21 12:02:00,172,0,290.36,106.0,15.0,0.0
16527,228.06,16.29,17.700000000000003,35.400000000000006,1.65,106,7.571428571428571,24,1,1,14,14,2.922857142857143,8.25,0.19,1,2011-09-19 16:21:00,2011-09-19 16:21:00,81,0,228.06,106.0,14.0,0.0
16528,244.41,14.377058823529412,15.0,25.5,7.800000000000001,171,10.058823529411764,36,1,1,17,17,3.2235294117647055,12.75,0.39,1,2011-12-06 12:45:00,2011-12-06 12:45:00,4,0,244.41,171.0,17.0,0.0
16529,455.25,15.175,15.9,44.25,0.55,198,6.6,16,1,1,30,30,3.12,7.95,0.55,1,2011-06-02 17:23:00,2011-06-02 17:23:00,190,0,455.25,198.0,30.0,0.0
16531,1244.59,16.163506493506492,15.0,33.9,4.8,915,11.883116883116884,80,1,7,68,68,2.795194805194805,16.95,0.06,1,2010-12-14 13:19:00,2011-11-17 16:29:00,22,338,177.79857142857142,130.71428571428572,9.714285714285714,0.0
16532,6748.8,1687.2,2071.2,2232.0,374.40000000000003,2016,504.0,576,480,3,2,2,3.4825,4.65,0.65,1,2011-01-05 12:37:00,2011-11-22 11:08:00,18,320,2249.6,672.0,0.6666666666666666,0.0
16533,1095.56,6.189604519774011,4.16,45.0,0.39,612,3.457627118644068,42,1,3,112,112,2.650677966101695,12.75,0.29,1,2011-10-02 15:07:00,2011-11-20 13:08:00,19,48,365.18666666666667,204.0,37.333333333333336,0.8
16535,593.75,19.153225806451612,15.0,63.75,5.04,356,11.483870967741936,36,2,1,31,31,3.0245161290322584,12.75,0.29,1,2011-12-04 15:18:00,2011-12-04 15:18:00,5,0,593.75,356.0,31.0,0.0
16536,548.97,9.981272727272728,8.3,39.8,0.85,251,4.5636363636363635,25,1,1,49,49,3.6401818181818184,16.95,0.42,1,2011-08-21 15:54:00,2011-08-21 15:54:00,110,0,548.97,251.0,49.0,0.5
16539,1388.81,30.862444444444442,20.4,70.8,9.899999999999999,477,10.6,24,2,4,36,36,3.893333333333333,7.95,0.83,1,2010-12-01 15:40:00,2011-12-07 08:41:00,3,370,347.2025,119.25,9.0,0.0
16542,119.62,23.924,19.799999999999997,53.1,11.5,46,9.2,18,2,1,5,5,3.0780000000000003,5.75,1.65,1,2011-10-17 10:47:00,2011-10-17 10:47:00,54,0,119.62,46.0,5.0,0.0
16545,339.3,113.10000000000001,76.5,237.60000000000002,25.200000000000003,78,26.0,48,12,1,3,3,3.766666666666667,4.95,2.1,1,2011-06-28 10:37:00,2011-06-28 10:37:00,165,0,339.3,78.0,3.0,0.0
16546,787.15,31.486,30.0,102.0,10.2,549,21.96,48,3,2,25,25,1.8880000000000001,9.95,0.55,1,2010-12-02 12:07:00,2011-02-22 11:20:00,291,81,393.575,274.5,12.5,2.0
16549,4154.64,4.235107033639144,2.55,61.199999999999996,0.39,2365,2.4108053007135575,72,1,10,445,449,2.03638124362895,12.5,0.06,1,2011-01-09 14:03:00,2011-11-29 15:06:00,10,324,415.46400000000006,236.5,44.5,0.0
16550,2298.97,9.159243027888445,7.5,38.25,1.25,1540,6.135458167330677,108,1,5,162,163,2.5740637450199206,29.95,0.12,1,2010-12-06 13:53:00,2011-08-23 11:12:00,109,259,459.794,308.0,32.4,1.1111111111111112
16551,922.12,28.81625,22.8,92.16,4.68,970,30.3125,128,3,3,26,26,1.95125,9.95,0.39,1,2011-01-07 10:24:00,2011-09-05 09:38:00,96,240,307.37333333333333,323.3333333333333,8.666666666666666,0.0
16552,379.73,22.337058823529414,17.700000000000003,91.80000000000001,10.2,219,12.882352941176471,48,2,2,17,17,4.11,12.75,0.29,1,2010-12-01 12:36:00,2011-04-11 10:04:00,243,130,189.865,109.5,8.5,0.0
16553,5719.82,68.09309523809523,60.0,244.79999999999998,11.7,4600,54.76190476190476,288,2,12,62,62,2.1411904761904763,12.75,0.21,1,2010-12-14 13:58:00,2011-06-29 15:42:00,163,197,476.65166666666664,383.3333333333333,5.166666666666667,0.14285714285714285
16554,837.1,16.098076923076924,15.149999999999999,39.599999999999994,0.85,402,7.730769230769231,24,1,3,51,51,3.4196153846153843,12.75,0.29,1,2011-01-12 12:41:00,2011-10-28 14:51:00,42,289,279.03333333333336,134.0,17.0,3.142857142857143
16555,285.89,16.81705882352941,17.0,25.200000000000003,10.08,175,10.294117647058824,24,2,2,15,15,2.827058823529412,8.25,0.42,1,2011-08-22 12:32:00,2011-11-04 14:31:00,35,74,142.945,87.5,7.5,0.0
16556,3313.79,16.008647342995168,15.8,81.6,5.04,1890,9.130434782608695,48,1,7,144,145,3.882898550724638,16.95,0.29,1,2010-12-14 13:32:00,2011-10-04 11:36:00,67,293,473.3985714285714,270.0,20.571428571428573,0.0
16557,281.85,25.622727272727275,19.8,46.8,12.5,111,10.090909090909092,36,1,2,11,11,6.818181818181818,12.75,1.25,1,2011-07-25 13:28:00,2011-11-15 14:04:00,24,113,140.925,55.5,5.5,0.0
16558,8338.49,18.127152173913043,15.9,252.0,1.58,5377,11.689130434782609,120,1,20,264,265,3.041195652173913,16.95,0.19,1,2010-12-08 12:01:00,2011-12-09 10:20:00,1,365,416.92449999999997,268.85,13.2,0.5833333333333334
16560,841.41,15.02517857142857,14.850000000000001,39.6,5.04,500,8.928571428571429,25,1,2,52,52,3.930535714285714,25.0,0.42,1,2010-12-16 14:36:00,2011-11-13 10:35:00,27,331,420.705,250.0,26.0,0.3333333333333333
16561,511.12,16.48774193548387,15.0,24.75,9.959999999999999,244,7.870967741935484,12,2,2,29,29,2.8583870967741936,8.5,0.83,1,2011-10-11 09:53:00,2011-12-04 11:50:00,6,54,255.56,122.0,14.5,0.0
16563,1077.74,56.72315789473684,19.9,232.0,5.04,486,25.57894736842105,160,2,1,19,19,3.415263157894737,9.95,0.42,1,2011-10-17 11:51:00,2011-10-17 11:51:00,54,0,1077.74,486.0,19.0,0.0
16565,173.7,57.9,17.85,138.0,17.85,46,15.333333333333334,40,3,1,3,3,5.116666666666667,5.95,3.45,1,2010-12-10 15:21:00,2010-12-10 15:21:00,364,0,173.7,46.0,3.0,0.0
16566,614.66,34.147777777777776,18.75,108.16,7.800000000000001,362,20.11111111111111,72,2,5,14,14,2.6955555555555555,9.95,0.42,1,2011-02-20 10:29:00,2011-11-24 16:34:00,15,277,122.93199999999999,72.4,2.8,0.16666666666666666
16567,865.6,24.731428571428573,20.16,104.88,10.0,996,28.457142857142856,276,3,2,34,34,2.1654285714285715,7.95,0.38,1,2011-01-07 09:31:00,2011-05-29 13:57:00,194,142,432.8,498.0,17.0,0.0
16569,124.2,24.84,10.5,47.7,10.5,93,18.6,25,6,1,5,5,2.592,7.95,0.42,1,2011-12-06 15:32:00,2011-12-06 15:32:00,3,0,124.2,93.0,5.0,0.0
16570,3738.4,29.66984126984127,22.5,121.67999999999999,4.68,2112,16.761904761904763,96,2,10,68,70,3.17515873015873,9.95,0.39,1,2011-02-01 10:37:00,2011-11-24 17:02:00,15,296,373.84000000000003,211.2,6.8,0.4666666666666667
16571,1421.69,16.34126436781609,15.0,40.8,2.88,1239,14.241379310344827,48,2,3,73,74,2.0289655172413794,16.65,0.06,1,2011-03-03 09:41:00,2011-11-13 11:46:00,27,255,473.8966666666667,413.0,24.333333333333332,3.8
16572,1009.6,17.712280701754388,15.9,35.95,8.5,532,9.333333333333334,24,1,3,40,40,3.7794736842105263,35.95,0.42,1,2011-03-09 12:04:00,2011-08-04 16:34:00,127,148,336.53333333333336,177.33333333333334,13.333333333333334,0.25
16573,663.61,15.800238095238095,15.149999999999999,35.400000000000006,5.04,360,8.571428571428571,25,1,2,40,40,3.7616666666666667,12.75,0.42,1,2011-02-22 15:14:00,2011-09-16 09:13:00,85,205,331.805,180.0,20.0,1.0
16574,451.44,16.122857142857143,15.0,26.400000000000002,9.959999999999999,416,14.857142857142858,48,2,1,28,28,1.4257142857142857,7.95,0.55,1,2011-09-29 13:39:00,2011-09-29 13:39:00,71,0,451.44,416.0,28.0,0.0
16581,105.84,11.76,10.5,19.799999999999997,4.5600000000000005,134,14.88888888888889,25,6,1,9,9,1.1855555555555555,2.95,0.19,1,2011-06-10 10:05:00,2011-06-10 10:05:00,183,0,105.84,134.0,9.0,1.0
16582,313.62,52.27,14.549999999999999,162.72,10.5,164,27.333333333333332,48,6,1,6,6,1.6216666666666668,3.39,0.42,1,2011-08-18 17:02:00,2011-08-18 17:02:00,113,0,313.62,164.0,6.0,0.0
16583,233.45,16.675,16.15,20.4,14.850000000000001,111,7.928571428571429,12,3,1,14,14,2.564285714285714,4.95,1.25,1,2010-12-01 12:03:00,2010-12-01 12:03:00,374,0,233.45,111.0,14.0,0.0
16584,936.08,33.431428571428576,24.96,105.0,10.08,646,23.071428571428573,250,2,2,25,25,2.709285714285714,8.25,0.42,1,2011-03-30 13:14:00,2011-09-20 13:45:00,80,174,468.04,323.0,12.5,1.0
16586,463.95,57.99375,65.1,102.0,12.75,95,11.875,24,3,1,8,8,4.68125,8.5,2.25,1,2011-04-05 09:32:00,2011-04-05 09:32:00,249,0,463.95,95.0,8.0,0.0
16587,225.15,17.31923076923077,17.0,25.5,9.95,71,5.461538461538462,12,1,1,13,13,6.707692307692308,24.95,0.85,1,2011-04-21 15:51:00,2011-04-21 15:51:00,232,0,225.15,71.0,13.0,0.0
16589,459.24,13.916363636363636,15.0,19.919999999999998,6.959999999999999,368,11.151515151515152,24,3,3,31,31,1.8603030303030303,5.95,0.29,1,2011-07-01 13:31:00,2011-09-29 14:50:00,71,90,153.08,122.66666666666667,10.333333333333334,0.0
16591,213.5,21.35,9.9,106.2,3.4,41,4.1,15,1,1,10,10,4.443,7.08,0.85,1,2011-10-02 10:43:00,2011-10-02 10:43:00,69,0,213.5,41.0,10.0,0.0
16592,4113.68,19.044814814814817,15.7,91.80000000000001,9.36,2927,13.550925925925926,120,1,16,142,144,2.1810185185185187,14.95,0.39,1,2011-02-25 10:19:00,2011-12-05 13:49:00,4,283,257.105,182.9375,8.875,0.3157894736842105
16593,330.03,12.223333333333333,7.95,69.6,0.85,116,4.296296296296297,48,1,3,24,24,4.8348148148148145,12.75,0.39,1,2011-01-16 12:11:00,2011-10-20 12:41:00,51,277,110.00999999999999,38.666666666666664,8.0,0.0
16594,181.09,3.416792452830189,2.08,12.75,0.39,64,1.2075471698113207,6,1,1,53,53,3.0179245283018865,12.75,0.39,1,2011-09-25 14:08:00,2011-09-25 14:08:00,75,0,181.09,64.0,53.0,0.0
16595,360.16,4.237176470588236,3.32,30.0,0.39,335,3.9411764705882355,25,1,1,83,83,1.7484705882352942,9.95,0.06,1,2011-10-09 13:15:00,2011-10-09 13:15:00,61,0,360.16,335.0,83.0,0.0
16596,250.15,20.845833333333335,16.6,39.8,14.850000000000001,97,8.083333333333334,24,2,2,12,12,4.104166666666667,9.95,0.65,1,2010-12-08 16:18:00,2011-11-24 10:02:00,16,350,125.075,48.5,6.0,0.0
16597,90.04,12.862857142857143,12.5,25.28,4.68,184,26.285714285714285,108,2,1,7,7,1.6214285714285714,6.25,0.19,1,2011-12-05 15:44:00,2011-12-05 15:44:00,4,0,90.04,184.0,7.0,0.0
16598,145.04999999999998,14.504999999999999,14.850000000000001,18.6,9.899999999999999,73,7.3,12,3,1,10,10,2.56,4.95,1.45,1,2011-02-27 11:42:00,2011-02-27 11:42:00,286,0,145.04999999999998,73.0,10.0,0.5
16600,813.52,13.121290322580645,14.26,30.0,2.88,1145,18.467741935483872,48,2,6,50,50,1.4333870967741935,9.95,0.12,1,2011-01-05 12:13:00,2011-12-05 16:00:00,4,334,135.58666666666667,190.83333333333334,8.333333333333334,0.0
16601,244.79999999999998,7.896774193548387,5.1,35.8,1.17,134,4.32258064516129,36,1,1,29,29,3.0725806451612905,14.95,0.39,1,2011-10-30 11:09:00,2011-10-30 11:09:00,41,0,244.79999999999998,134.0,29.0,0.0
16602,528.08,18.209655172413793,16.95,78.96000000000001,10.2,336,11.586206896551724,48,1,1,29,29,2.5113793103448274,16.95,0.29,1,2011-11-03 15:54:00,2011-11-03 15:54:00,36,0,528.08,336.0,29.0,1.5
16603,482.47,14.19029411764706,15.0,25.200000000000003,2.88,480,14.117647058823529,100,1,2,34,34,2.1564705882352944,12.5,0.04,1,2011-09-09 13:02:00,2011-09-26 10:06:00,75,16,241.235,240.0,17.0,0.0
16607,3347.71,19.46343023255814,14.75,295.0,4.0,2859,16.622093023255815,216,1,14,140,140,4.347848837209303,295.0,0.04,1,2010-12-16 08:41:00,2011-11-22 10:24:00,18,341,239.12214285714285,204.21428571428572,10.0,0.125
16609,5493.46,19.903840579710145,17.0,62.400000000000006,4.5600000000000005,2420,8.768115942028986,72,1,7,155,158,3.5644202898550725,12.75,0.19,1,2011-04-01 10:11:00,2011-11-24 13:32:00,15,237,784.78,345.7142857142857,22.142857142857142,0.4444444444444444
16610,75.66,12.61,11.399999999999999,17.700000000000003,9.959999999999999,66,11.0,12,6,1,6,6,1.2966666666666666,2.95,0.83,1,2011-05-04 13:13:00,2011-05-04 13:13:00,219,0,75.66,66.0,6.0,0.0
16611,129.49,12.949000000000002,12.450000000000001,22.5,5.04,47,4.7,12,2,1,9,9,3.7870000000000004,6.25,0.42,1,2011-06-06 15:46:00,2011-06-06 15:46:00,186,0,129.49,47.0,9.0,0.5
16612,1187.66,17.994848484848486,16.9,51.0,9.959999999999999,506,7.666666666666667,12,2,4,48,48,3.23469696969697,9.95,0.83,1,2011-02-01 10:38:00,2011-11-07 07:38:00,33,278,296.915,126.5,12.0,0.0
16613,618.59,20.619666666666667,17.700000000000003,35.400000000000006,10.2,293,9.766666666666667,24,2,1,30,30,2.897,7.95,0.83,1,2011-09-30 15:52:00,2011-09-30 15:52:00,70,0,618.59,293.0,30.0,0.0
16614,506.19,19.468846153846155,15.9,67.5,12.75,223,8.576923076923077,24,2,1,26,26,4.756538461538462,12.75,0.65,1,2011-06-10 11:36:00,2011-06-10 11:36:00,183,0,506.19,223.0,26.0,0.0
16616,500.42,15.164242424242424,14.850000000000001,79.9,5.04,370,11.212121212121213,25,2,2,31,31,2.83969696969697,39.95,0.42,1,2011-07-05 13:38:00,2011-11-24 16:31:00,15,142,250.21,185.0,15.5,0.0
16617,151.85,30.369999999999997,15.6,60.0,10.4,91,18.2,48,1,1,5,5,3.91,12.75,0.65,1,2011-04-18 10:35:00,2011-04-18 10:35:00,236,0,151.85,91.0,5.0,0.0
16618,2647.59,27.579062500000003,19.799999999999997,157.92000000000002,6.959999999999999,1363,14.197916666666666,48,1,5,79,79,3.626041666666667,16.95,0.29,1,2011-01-21 11:55:00,2011-11-08 13:52:00,31,291,529.518,272.6,15.8,0.16666666666666666
16619,226.21,16.157857142857143,15.0,25.5,10.08,133,9.5,24,3,1,14,14,2.6757142857142857,5.95,0.42,1,2011-03-21 08:18:00,2011-03-21 08:18:00,264,0,226.21,133.0,14.0,1.0
16620,178.96,19.884444444444444,20.8,34.0,6.959999999999999,88,9.777777777777779,24,4,2,9,9,2.9177777777777774,8.5,0.29,1,2011-03-24 10:37:00,2011-12-06 12:19:00,4,257,89.48,44.0,4.5,0.0
16621,813.48,28.05103448275862,15.0,127.5,9.959999999999999,302,10.413793103448276,72,1,4,22,22,4.59103448275862,14.95,0.83,1,2011-03-07 11:32:00,2011-10-19 11:38:00,52,226,203.37,75.5,5.5,0.0
16623,129.45,25.889999999999997,17.700000000000003,65.4,8.850000000000001,39,7.8,12,3,1,5,5,3.1900000000000004,5.45,1.65,1,2011-04-08 10:09:00,2011-04-08 10:09:00,246,0,129.45,39.0,5.0,0.0
16624,810.5699999999999,16.886875,8.32,74.0,0.55,488,10.166666666666666,48,1,2,44,44,3.07375,15.95,0.39,1,2011-05-26 14:20:00,2011-09-20 12:39:00,81,116,405.28499999999997,244.0,22.0,0.0
16625,333.08,14.481739130434782,15.299999999999999,19.8,5.04,164,7.130434782608695,12,2,1,23,23,2.737391304347826,8.25,0.42,1,2011-03-10 12:50:00,2011-03-10 12:50:00,275,0,333.08,164.0,23.0,0.0
16626,4413.1,24.65418994413408,17.0,158.4,1.65,2690,15.027932960893855,288,1,17,86,87,4.136648044692738,39.95,0.39,1,2011-03-18 12:27:00,2011-12-09 11:56:00,1,265,259.59411764705885,158.23529411764707,5.0588235294117645,0.25
16627,322.8,16.14,17.0,30.0,6.64,162,8.1,48,1,1,20,20,5.0675,12.75,0.39,1,2011-09-21 14:38:00,2011-09-21 14:38:00,79,0,322.8,162.0,20.0,0.0
16628,2188.05,18.701282051282053,15.9,102.0,8.5,1205,10.2991452991453,24,2,5,79,79,2.440512820512821,8.25,0.39,1,2011-04-19 08:55:00,2011-11-10 12:45:00,30,205,437.61,241.0,15.8,0.3333333333333333
16629,417.73,6.52703125,3.9,35.7,0.55,493,7.703125,100,1,2,58,58,2.45296875,9.95,0.04,1,2011-09-04 16:12:00,2011-09-27 10:34:00,74,22,208.865,246.5,29.0,0.0
16633,2883.1,18.967763157894737,17.2,60.0,5.04,1138,7.4868421052631575,48,1,6,115,115,4.659407894736842,19.95,0.42,1,2011-04-19 14:36:00,2011-11-22 13:41:00,17,216,480.51666666666665,189.66666666666666,19.166666666666668,0.14285714285714285
16634,217.9,24.211111111111112,19.9,53.1,13.0,82,9.11111111111111,24,2,2,9,9,4.5055555555555555,12.75,1.25,1,2010-12-02 17:41:00,2011-05-01 12:09:00,223,149,108.95,41.0,4.5,0.0
16637,1154.47,16.73144927536232,15.0,71.9,6.64,927,13.434782608695652,72,1,4,66,66,2.7930434782608695,35.95,0.29,1,2011-04-28 10:20:00,2011-11-07 13:17:00,32,193,288.6175,231.75,16.5,0.6
16638,1680.72,17.88,15.149999999999999,119.9,3.5100000000000002,1255,13.351063829787234,48,1,10,92,92,3.7991489361702127,59.95,0.19,1,2010-12-06 10:19:00,2011-11-17 11:09:00,23,346,168.072,125.5,9.2,0.09090909090909091
16639,1257.51,25.150199999999998,19.799999999999997,102.0,9.959999999999999,510,10.2,24,2,3,48,48,3.3548,14.55,0.55,1,2011-04-18 09:31:00,2011-11-08 13:20:00,31,204,419.17,170.0,16.0,0.5
16641,231.10000000000002,19.258333333333336,18.93,30.240000000000002,9.959999999999999,256,21.333333333333332,48,2,1,12,12,2.138333333333333,8.5,0.42,1,2011-08-26 12:49:00,2011-08-26 12:49:00,106,0,231.10000000000002,256.0,12.0,0.0
16642,688.33,20.245,17.67,47.7,6.84,479,14.088235294117647,50,2,2,32,32,3.3020588235294115,12.75,0.19,1,2011-05-16 12:35:00,2011-12-05 11:31:00,5,202,344.165,239.5,16.0,0.3333333333333333
16643,487.51,18.055925925925926,17.700000000000003,40.8,6.959999999999999,269,9.962962962962964,48,2,1,27,27,3.635925925925926,12.75,0.29,1,2011-04-08 08:24:00,2011-04-08 08:24:00,246,0,487.51,269.0,27.0,0.0
16644,833.78,13.448064516129032,13.06,20.4,6.8,826,13.32258064516129,25,2,2,62,62,1.5379032258064516,9.95,0.42,1,2011-05-11 12:53:00,2011-06-15 12:39:00,178,34,416.89,413.0,31.0,0.0
16647,214.06,15.290000000000001,14.925,39.839999999999996,4.68,146,10.428571428571429,48,2,2,12,12,3.2507142857142854,7.95,0.39,1,2011-05-19 09:31:00,2011-06-23 11:47:00,170,35,107.03,73.0,6.0,0.0
16648,290.65999999999997,15.297894736842103,17.0,23.400000000000002,5.04,281,14.789473684210526,36,4,1,19,19,1.2542105263157894,4.25,0.42,1,2011-10-28 08:58:00,2011-10-28 08:58:00,43,0,290.65999999999997,281.0,19.0,1.0
16650,518.42,21.60083333333333,15.0,70.8,5.04,372,15.5,48,2,1,24,24,2.2529166666666667,8.5,0.39,1,2011-09-29 09:51:00,2011-09-29 09:51:00,72,0,518.42,372.0,24.0,0.0
16652,6773.97,57.406525423728816,55.8,175.2,4.32,3283,27.822033898305083,288,1,7,74,74,3.9659322033898308,12.75,0.36,1,2011-03-11 13:13:00,2011-10-12 09:38:00,59,214,967.71,469.0,10.571428571428571,0.45454545454545453
16653,1212.66,17.574782608695653,17.4,59.400000000000006,9.95,733,10.623188405797102,25,1,2,67,67,3.3256521739130434,16.95,0.42,1,2011-09-29 13:38:00,2011-11-23 14:51:00,16,55,606.33,366.5,33.5,2.3333333333333335
16654,601.27,20.733448275862067,17.700000000000003,40.8,4.5600000000000005,282,9.724137931034482,48,2,4,29,29,4.256206896551724,16.95,0.19,1,2010-12-06 15:09:00,2011-07-21 15:23:00,141,227,150.3175,70.5,7.25,0.4
16655,3794.52,14.538390804597702,10.5,204.0,0.29,2367,9.068965517241379,80,1,6,208,208,2.5755172413793104,16.95,0.29,1,2011-01-12 10:16:00,2011-11-22 11:25:00,18,314,632.42,394.5,34.666666666666664,0.0
16656,8625.8,118.16164383561643,90.0,504.0,10.08,8894,121.83561643835617,480,2,15,14,14,2.2016438356164385,8.5,0.36,1,2010-12-10 11:23:00,2011-11-17 14:43:00,22,342,575.0533333333333,592.9333333333333,0.9333333333333333,0.3333333333333333
16657,933.62,4.488557692307692,2.505,40.8,0.21,1229,5.908653846153846,100,1,4,158,158,1.5751923076923076,12.75,0.12,1,2011-03-30 12:02:00,2011-11-30 11:48:00,10,244,233.405,307.25,39.5,0.0
16658,123.24,15.405,4.995,69.3,0.85,40,5.0,14,1,1,8,8,3.02125,7.95,0.42,1,2010-12-06 13:47:00,2010-12-06 13:47:00,368,0,123.24,40.0,8.0,0.0
16659,39.12,19.56,19.56,20.4,18.72,72,36.0,48,24,1,2,2,0.62,0.85,0.39,1,2011-06-03 15:03:00,2011-06-03 15:03:00,189,0,39.12,72.0,2.0,0.0
16660,1267.6499999999999,79.22812499999999,35.7,457.2,17.0,571,35.6875,120,3,4,16,16,2.499375,5.95,0.83,1,2011-01-24 12:44:00,2011-11-23 14:53:00,16,303,316.91249999999997,142.75,4.0,0.2
16665,135.39999999999998,15.044444444444443,8.5,52.199999999999996,4.95,59,6.555555555555555,36,1,1,9,9,5.388888888888889,12.75,1.25,1,2010-12-12 14:03:00,2010-12-12 14:03:00,362,0,135.39999999999998,59.0,9.0,0.0
16666,118.98,3.718125,2.55,10.5,0.39,233,7.28125,25,1,1,32,31,0.7559375,1.95,0.19,1,2011-11-20 14:01:00,2011-11-20 14:01:00,19,0,118.98,233.0,32.0,0.0
16667,570.13,10.757169811320754,9.9,35.7,1.95,237,4.471698113207547,12,1,2,52,52,3.581509433962264,16.95,0.39,1,2011-02-28 12:57:00,2011-10-02 15:26:00,68,216,285.065,118.5,26.0,0.0
16668,306.71999999999997,15.335999999999999,10.2,39.0,9.959999999999999,318,15.9,48,6,6,9,9,1.283,3.25,0.42,1,2011-02-28 12:46:00,2011-11-24 17:43:00,15,269,51.12,53.0,1.5,0.0
16669,1374.8700000000001,8.592937500000001,6.1,38.25,0.39,888,5.55,100,1,3,141,141,2.7496875,12.75,0.04,1,2011-09-22 14:13:00,2011-11-16 12:26:00,24,54,458.29,296.0,47.0,0.25
16670,4095.9,16.25357142857143,15.45,43.8,3.3600000000000003,2556,10.142857142857142,48,1,11,179,181,2.9523809523809526,12.75,0.14,1,2010-12-16 10:30:00,2011-11-23 09:34:00,17,341,372.3545454545455,232.36363636363637,16.272727272727273,0.5882352941176471
16671,1692.27,282.045,207.12,816.0,75.0,875,145.83333333333334,320,15,3,3,3,2.8033333333333332,5.45,1.06,1,2011-06-28 11:20:00,2011-11-11 13:40:00,28,136,564.09,291.6666666666667,1.0,0.0
16672,8134.9400000000005,71.35912280701754,59.849999999999994,226.8,9.899999999999999,2832,24.842105263157894,120,6,20,22,22,3.634912280701754,12.75,0.85,1,2011-03-18 10:15:00,2011-12-07 16:29:00,2,264,406.747,141.6,1.1,0.13043478260869565
16674,319.61,3.261326530612245,2.09,15.0,0.39,188,1.9183673469387754,12,1,2,89,89,2.0144897959183674,10.4,0.39,1,2011-09-02 13:59:00,2011-10-16 11:31:00,55,43,159.805,94.0,44.5,0.0
16676,1592.1200000000001,17.888988764044946,16.5,79.9,5.04,636,7.146067415730337,24,1,4,75,76,4.986741573033708,39.95,0.42,1,2011-01-06 13:00:00,2011-11-06 12:01:00,34,303,398.03000000000003,159.0,18.75,0.6
16678,3109.99,19.07969325153374,15.9,89.10000000000001,0.39,2397,14.705521472392638,72,1,12,92,93,1.8485276073619632,9.95,0.19,1,2011-03-02 09:24:00,2011-12-07 12:17:00,3,280,259.1658333333333,199.75,7.666666666666667,0.4117647058823529
16679,129.75,43.25,15.0,102.0,12.75,29,9.666666666666666,24,1,1,3,3,6.916666666666667,12.75,3.75,1,2010-12-08 13:51:00,2010-12-08 13:51:00,366,0,129.75,29.0,3.0,0.0
16680,183.7,18.369999999999997,16.75,23.4,15.0,94,9.4,12,2,1,10,10,3.03,8.5,1.25,1,2011-10-27 17:35:00,2011-10-27 17:35:00,43,0,183.7,94.0,10.0,0.0
16681,1770.34,40.235,30.299999999999997,117.0,10.08,1407,31.977272727272727,96,2,6,18,19,1.9406818181818182,7.95,0.29,1,2011-03-31 13:46:00,2011-09-28 11:11:00,73,180,295.0566666666667,234.5,3.0,0.0
16682,1028.0,34.266666666666666,26.400000000000002,101.39999999999999,6.959999999999999,1040,34.666666666666664,192,2,5,15,15,1.7696666666666665,9.95,0.29,1,2011-06-05 11:02:00,2011-12-05 12:13:00,5,183,205.6,208.0,3.0,0.0
16684,66653.56,240.6265703971119,172.79999999999998,1494.0000000000002,25.44,50255,181.4259927797834,800,6,28,119,121,2.4516245487364623,12.75,0.25,1,2010-12-16 17:34:00,2011-12-05 14:06:00,4,353,2380.4842857142858,1794.8214285714287,4.25,0.12903225806451613
16685,324.24,5.2296774193548385,4.25,24.75,0.39,396,6.387096774193548,48,1,2,60,60,2.2548387096774194,8.25,0.19,1,2011-10-09 13:44:00,2011-10-09 13:58:00,61,0,162.12,198.0,30.0,0.0
16686,3062.83,5.235606837606838,3.3,39.95,0.21,2030,3.47008547008547,48,1,7,406,410,2.7322051282051283,39.95,0.12,1,2010-12-19 14:41:00,2011-10-23 13:49:00,47,307,437.54714285714283,290.0,58.0,0.3333333333333333
16688,1260.86,20.336451612903225,17.17,51.0,5.04,804,12.96774193548387,48,2,4,52,52,2.7750000000000004,8.25,0.39,1,2011-10-10 12:23:00,2011-12-08 15:24:00,1,59,315.215,201.0,13.0,0.0
16689,422.59999999999997,32.5076923076923,34.0,76.19999999999999,9.120000000000001,330,25.384615384615383,144,2,2,12,12,3.5399999999999996,12.5,0.36,1,2011-09-18 13:29:00,2011-09-25 11:39:00,76,6,211.29999999999998,165.0,6.0,1.0
16690,225.57999999999998,18.798333333333332,15.0,52.199999999999996,5.04,138,11.5,36,1,2,10,10,3.486666666666667,16.95,0.42,1,2011-05-22 10:53:00,2011-09-28 15:02:00,72,129,112.78999999999999,69.0,5.0,0.3333333333333333
16692,1276.0,425.3333333333333,150.0,1117.5,8.5,152,50.666666666666664,150,1,2,2,2,55.31666666666666,150.0,7.45,1,2011-02-23 15:41:00,2011-03-28 14:46:00,256,32,638.0,76.0,1.0,0.0
16693,482.01,8.0335,6.075,25.0,0.39,204,3.4,25,1,2,58,58,4.349833333333334,19.95,0.39,1,2011-03-13 11:06:00,2011-10-02 11:10:00,69,203,241.005,102.0,29.0,0.0
16696,657.9000000000001,65.79,41.85,195.60000000000002,17.700000000000003,146,14.6,24,6,4,7,7,3.9300000000000006,8.15,2.75,1,2011-04-05 15:20:00,2011-07-27 14:23:00,135,112,164.47500000000002,36.5,1.75,0.0
16697,112.75,5.369047619047619,4.5,12.75,0.95,27,1.2857142857142858,3,1,1,20,20,4.640476190476191,12.75,0.95,1,2011-04-12 17:12:00,2011-04-12 17:12:00,241,0,112.75,27.0,20.0,0.0
16698,1998.0,399.6,306.0,816.0,204.0,840,168.0,320,80,2,4,4,2.37,2.55,1.65,1,2011-03-31 13:33:00,2011-04-27 10:52:00,227,26,999.0,420.0,2.0,0.0
16700,5076.55,16.482305194805196,15.9,44.550000000000004,5.04,4024,13.064935064935066,60,1,13,159,165,2.037077922077922,12.75,0.21,1,2010-12-08 16:34:00,2011-12-01 11:00:00,9,357,390.50384615384615,309.53846153846155,12.23076923076923,0.23529411764705882
16701,5398.3,37.488194444444446,23.0,163.2,0.48,6393,44.395833333333336,576,1,13,99,100,2.1824999999999997,12.75,0.1,1,2010-12-13 11:51:00,2011-12-01 11:10:00,9,352,415.25384615384615,491.7692307692308,7.615384615384615,0.5555555555555556
16705,14034.99,51.98144444444444,35.400000000000006,244.79999999999998,9.3,5476,20.28148148148148,144,2,20,133,136,4.505185185185185,16.95,0.42,1,2010-12-16 10:51:00,2011-12-09 12:08:00,1,358,701.7495,273.8,6.65,0.4827586206896552
16706,531.35,4.319918699186992,2.5,29.75,0.24,249,2.024390243902439,12,1,3,108,108,2.8052032520325203,16.95,0.12,1,2011-08-17 15:53:00,2011-11-02 13:50:00,37,76,177.11666666666667,83.0,36.0,0.0
16708,656.63,24.31962962962963,19.5,90.0,10.2,285,10.555555555555555,24,2,1,27,27,3.3644444444444446,16.95,0.55,1,2011-10-25 12:20:00,2011-10-25 12:20:00,46,0,656.63,285.0,27.0,0.0
16709,3029.87,38.35278481012658,30.0,153.0,13.44,851,10.772151898734178,100,2,5,64,65,5.439240506329114,16.95,0.42,1,2011-03-03 10:55:00,2011-09-16 10:56:00,85,197,605.9739999999999,170.2,12.8,0.0
16710,2483.04,6.1767164179104475,4.225,51.0,0.42,1836,4.567164179104478,100,1,10,268,273,2.356865671641791,16.95,0.12,1,2010-12-06 13:13:00,2011-11-20 14:50:00,19,349,248.304,183.6,26.8,0.0
16711,1651.03,75.04681818181818,42.97500000000001,297.0,15.12,833,37.86363636363637,144,8,5,18,18,3.4931818181818177,10.95,0.21,1,2010-12-17 12:43:00,2011-12-06 16:32:00,3,354,330.206,166.6,3.6,0.0
16712,3645.43,8.155324384787471,5.1,249.60000000000002,0.29,1749,3.912751677852349,60,1,11,259,260,2.9700671140939594,16.95,0.12,1,2011-03-08 15:07:00,2011-11-30 13:48:00,9,266,331.40272727272725,159.0,23.545454545454547,0.0
16713,6923.13,11.094759615384616,7.5,105.60000000000001,0.55,4276,6.852564102564102,192,1,15,338,345,3.077740384615385,39.95,0.29,1,2010-12-08 13:01:00,2011-11-21 12:36:00,19,347,461.54200000000003,285.06666666666666,22.533333333333335,0.38095238095238093
16714,1161.53,12.489569892473117,8.25,250.0,0.85,610,6.559139784946237,25,1,3,77,77,3.536989247311828,125.0,0.42,1,2011-01-26 13:40:00,2011-05-05 11:09:00,219,98,387.1766666666667,203.33333333333334,25.666666666666668,0.25
16715,301.71999999999997,15.879999999999999,7.9,81.6,3.8,642,33.78947368421053,144,10,1,19,19,0.4531578947368421,0.85,0.19,1,2011-09-22 18:15:00,2011-09-22 18:15:00,78,0,301.71999999999997,642.0,19.0,0.0
16716,901.2,450.6,450.6,734.4000000000001,166.8,120,60.0,96,24,2,1,1,7.300000000000001,7.65,6.95,1,2011-02-01 15:35:00,2011-03-18 10:03:00,267,44,450.6,60.0,0.5,0.3333333333333333
16717,3858.38,19.38884422110553,17.0,83.4,5.04,1866,9.376884422110553,100,1,6,176,179,3.5104020100502513,39.95,0.42,1,2010-12-08 16:48:00,2011-11-16 12:16:00,24,342,643.0633333333334,311.0,29.333333333333332,4.111111111111111
16718,623.75,13.86111111111111,12.5,51.0,0.42,413,9.177777777777777,48,1,1,41,41,2.336888888888889,8.5,0.42,1,2010-12-05 13:03:00,2010-12-05 13:03:00,369,0,623.75,413.0,41.0,0.0
16719,1790.42,8.907562189054726,7.95,35.8,0.42,1204,5.990049751243781,108,1,7,107,109,3.86592039800995,14.95,0.21,1,2010-12-06 12:06:00,2011-11-25 09:27:00,15,353,255.77428571428572,172.0,15.285714285714286,0.25
16720,155.24,5.74962962962963,3.75,16.4,0.21,182,6.7407407407407405,48,1,1,25,25,2.2966666666666664,8.25,0.21,1,2011-11-13 16:22:00,2011-11-13 16:22:00,26,0,155.24,182.0,25.0,0.0
16721,292.47,7.904594594594595,5.9,30.0,2.5,172,4.648648648648648,24,1,1,37,37,2.363243243243243,6.75,0.65,1,2011-03-22 16:08:00,2011-03-22 16:08:00,262,0,292.47,172.0,37.0,0.0
16722,4730.81,21.025822222222224,16.5,162.72,4.5600000000000005,5001,22.226666666666667,200,2,13,96,98,1.2201777777777778,6.75,0.12,1,2010-12-06 12:59:00,2011-11-22 13:28:00,17,351,363.90846153846155,384.6923076923077,7.384615384615385,0.1875
16723,589.15,13.701162790697675,6.75,165.0,0.78,399,9.279069767441861,96,1,2,37,37,6.873953488372094,165.0,0.19,1,2011-08-24 11:31:00,2011-09-09 13:01:00,91,16,294.575,199.5,18.5,0.0
16725,781.02,5.172317880794702,3.75,30.0,0.21,294,1.9470198675496688,32,1,7,110,110,3.6432450331125827,16.95,0.21,1,2010-12-03 16:02:00,2011-02-10 16:52:00,302,69,111.57428571428571,42.0,15.714285714285714,0.125
16726,1382.02,7.470378378378379,5.8,41.25,0.29,977,5.281081081081081,36,1,5,121,122,2.1744324324324324,8.25,0.29,1,2010-12-13 13:28:00,2011-11-13 14:53:00,26,335,276.404,195.4,24.2,0.0
16727,272.82,5.9308695652173915,4.975,17.700000000000003,0.55,177,3.847826086956522,12,1,1,41,41,1.663695652173913,4.25,0.29,1,2010-12-10 13:48:00,2010-12-10 13:48:00,364,0,272.82,177.0,41.0,0.0
16728,1054.67,3.9207063197026026,2.5,53.699999999999996,0.39,677,2.516728624535316,24,1,4,218,219,2.304646840148699,12.75,0.12,1,2011-03-20 13:28:00,2011-10-24 14:36:00,46,218,263.6675,169.25,54.5,0.0
16729,7239.92,10.969575757575758,8.7,67.6,0.38,5783,8.762121212121212,96,1,21,234,239,2.134439393939394,9.95,0.12,1,2011-04-12 14:22:00,2011-11-01 14:29:00,38,203,344.7580952380952,275.3809523809524,11.142857142857142,0.3076923076923077
16730,743.11,9.062317073170732,6.959999999999999,30.599999999999998,0.29,994,12.121951219512194,50,1,3,75,75,1.4010975609756098,6.95,0.12,1,2011-01-24 14:01:00,2011-10-18 14:11:00,52,267,247.70333333333335,331.3333333333333,25.0,0.5
16732,603.75,21.5625,19.799999999999997,64.19999999999999,5.04,317,11.321428571428571,48,2,1,28,28,3.3810714285714285,8.25,0.29,1,2011-11-08 09:54:00,2011-11-08 09:54:00,32,0,603.75,317.0,28.0,0.0
16734,650.51,12.27377358490566,9.36,50.0,0.85,346,6.528301886792453,40,1,3,44,44,3.5356603773584903,15.95,0.29,1,2011-08-17 15:00:00,2011-10-18 13:44:00,52,61,216.83666666666667,115.33333333333333,14.666666666666666,0.0
16735,2300.56,18.40448,16.5,60.0,1.95,1573,12.584,48,1,5,88,90,2.52744,12.75,0.21,1,2011-01-09 12:53:00,2011-09-22 11:49:00,79,255,460.11199999999997,314.6,17.6,0.42857142857142855
16737,417.59999999999997,417.59999999999997,417.59999999999997,417.59999999999997,417.59999999999997,288,288.0,288,288,1,1,1,1.45,1.45,1.45,1,2011-10-17 13:03:00,2011-10-17 13:03:00,53,0,417.59999999999997,288.0,1.0,0.0
16738,3.75,3.75,3.75,3.75,3.75,3,3.0,3,3,1,1,1,1.25,1.25,1.25,1,2011-02-15 09:46:00,2011-02-15 09:46:00,298,0,3.75,3.0,1.0,0.0
16739,323.0,24.846153846153847,19.799999999999997,52.0,15.0,172,13.23076923076923,36,3,1,13,13,2.9038461538461537,10.95,0.65,1,2011-06-16 09:17:00,2011-06-16 09:17:00,177,0,323.0,172.0,13.0,1.5
16742,464.9,464.9,464.9,464.9,464.9,1,1.0,1,1,1,1,1,464.9,464.9,464.9,1,2011-10-24 12:02:00,2011-10-24 12:02:00,47,0,464.9,1.0,1.0,1.5
16743,2238.09,11.717748691099477,9.899999999999999,49.92,0.55,2047,10.717277486910994,48,1,7,89,90,1.4706282722513089,4.15,0.12,1,2010-12-16 12:15:00,2011-11-10 13:13:00,29,329,319.7271428571429,292.42857142857144,12.714285714285714,0.25
16744,1304.76,5.391570247933884,3.925,49.75,0.39,805,3.3264462809917354,48,1,7,198,198,2.498595041322314,16.65,0.19,1,2011-06-19 15:13:00,2011-11-28 13:06:00,11,161,186.3942857142857,115.0,28.285714285714285,0.0
16745,7194.3,20.152100840336136,13.200000000000001,136.0,0.65,6735,18.865546218487395,288,1,17,148,150,1.922408963585434,7.95,0.21,1,2011-02-01 11:31:00,2011-09-14 11:58:00,87,225,423.1941176470588,396.1764705882353,8.705882352941176,0.05555555555555555
16746,6697.66,14.91683741648107,14.5,126.0,1.25,4665,10.389755011135858,144,1,18,234,239,2.782026726057907,16.95,0.12,1,2010-12-16 11:43:00,2011-12-05 12:33:00,5,354,372.09222222222223,259.1666666666667,13.0,0.15789473684210525
16747,836.06,19.906190476190474,17.775000000000002,54.08,9.95,583,13.880952380952381,72,1,2,34,35,2.828095238095238,9.95,0.39,1,2011-10-03 10:18:00,2011-11-02 11:37:00,38,30,418.03,291.5,17.0,0.75
16748,1515.9,21.969565217391306,20.8,41.6,8.5,880,12.753623188405797,24,10,5,42,44,1.7210144927536233,2.95,0.85,1,2011-01-09 13:50:00,2011-11-22 10:17:00,18,316,303.18,176.0,8.4,0.0
16750,623.93,6.567684210526315,4.2,62.5,0.42,214,2.2526315789473683,14,1,5,74,74,3.8141052631578947,39.95,0.29,1,2011-04-21 16:53:00,2011-10-26 12:48:00,45,187,124.78599999999999,42.8,14.8,0.0
16751,1764.72,70.5888,15.0,918.0,5.04,1031,41.24,216,2,1,24,24,1.4,6.25,0.42,1,2011-11-09 10:48:00,2011-11-09 10:48:00,31,0,1764.72,1031.0,24.0,0.0
16752,207.5,23.055555555555557,17.0,79.95,10.2,54,6.0,12,1,1,9,9,13.594444444444443,79.95,0.85,1,2010-12-02 12:18:00,2010-12-02 12:18:00,373,0,207.5,54.0,9.0,0.0
16753,223.92000000000002,6.5858823529411765,3.315,41.6,0.55,189,5.5588235294117645,25,1,1,34,34,2.1223529411764703,8.5,0.12,1,2011-10-12 13:14:00,2011-10-12 13:14:00,58,0,223.92000000000002,189.0,34.0,0.0
16754,2002.4,1001.2,1001.2,1484.0,518.4,4280,2140.0,2880,1400,1,2,2,0.62,1.06,0.18,1,2010-12-02 17:38:00,2010-12-02 17:38:00,372,0,2002.4,4280.0,2.0,0.0
16755,1496.83,8.804882352941176,5.1,40.8,0.76,1064,6.258823529411765,48,1,3,133,134,2.7503529411764704,9.95,0.19,1,2011-01-28 10:47:00,2011-08-17 13:21:00,114,201,498.9433333333333,354.6666666666667,44.333333333333336,1.2
16756,239.4,18.415384615384617,17.700000000000003,29.700000000000003,10.08,106,8.153846153846153,24,2,1,13,13,3.6584615384615384,12.75,0.42,1,2011-05-09 09:33:00,2011-05-09 09:33:00,215,0,239.4,106.0,13.0,0.0
16757,106.83000000000001,15.261428571428572,6.6000000000000005,35.400000000000006,5.04,81,11.571428571428571,12,9,1,7,7,1.3628571428571428,2.95,0.42,1,2011-01-25 11:59:00,2011-01-25 11:59:00,319,0,106.83000000000001,81.0,7.0,0.0
16758,369.34000000000003,16.78818181818182,12.475000000000001,69.3,2.55,203,9.227272727272727,42,1,1,22,22,4.041363636363636,14.95,0.82,1,2011-10-05 14:47:00,2011-10-05 14:47:00,65,0,369.34000000000003,203.0,22.0,0.0
16759,789.79,18.804523809523808,17.4,49.800000000000004,8.2,609,14.5,48,1,3,40,40,2.9404761904761907,16.95,0.29,1,2011-11-09 09:06:00,2011-12-02 12:42:00,8,23,263.2633333333333,203.0,13.333333333333334,0.25
16761,316.62,24.355384615384615,20.0,60.0,10.2,341,26.23076923076923,72,4,1,13,13,1.196923076923077,3.75,0.29,1,2011-09-04 11:15:00,2011-09-04 11:15:00,97,0,316.62,341.0,13.0,0.0
16762,1501.38,16.869438202247192,13.52,79.9,8.25,618,6.943820224719101,24,2,3,51,51,3.2635955056179773,39.95,0.85,1,2011-07-18 12:52:00,2011-11-20 11:43:00,20,124,500.46000000000004,206.0,17.0,0.0
16763,611.85,26.60217391304348,15.0,89.69999999999999,11.7,319,13.869565217391305,36,1,1,23,23,4.6673913043478255,16.95,0.55,1,2011-05-25 11:52:00,2011-05-25 11:52:00,199,0,611.85,319.0,23.0,0.5
16764,2799.25,3.9649433427762037,2.95,33.15,0.29,1259,1.7832861189801699,14,1,13,209,210,2.3620679886685556,12.75,0.29,1,2011-07-19 17:17:00,2011-12-06 11:41:00,4,139,215.32692307692307,96.84615384615384,16.076923076923077,0.6666666666666666
16765,34.0,34.0,34.0,34.0,34.0,4,4.0,4,4,1,1,1,8.5,8.5,8.5,1,2011-02-18 15:41:00,2011-02-18 15:41:00,294,0,34.0,4.0,1.0,0.0
16766,1145.6,33.69411764705882,34.8,47.7,15.0,536,15.764705882352942,36,6,2,17,17,2.835294117647059,7.95,0.85,1,2011-03-11 13:34:00,2011-03-11 15:22:00,273,0,572.8,268.0,8.5,0.0
16767,5580.6,25.13783783783784,17.55,204.0,1.65,4435,19.97747747747748,128,1,11,148,148,1.6122972972972973,10.95,0.19,1,2011-01-27 13:38:00,2011-11-09 09:42:00,31,285,507.32727272727277,403.1818181818182,13.454545454545455,0.0
16768,478.09000000000003,8.85351851851852,5.79,60.0,0.65,196,3.6296296296296298,48,1,3,47,47,4.027962962962963,12.75,0.65,1,2011-03-13 10:25:00,2011-10-23 10:38:00,48,224,159.36333333333334,65.33333333333333,15.666666666666666,0.8
16769,380.39,9.50975,8.075,29.849999999999998,1.25,83,2.075,6,1,1,33,33,4.69375,12.75,1.25,1,2011-03-24 13:41:00,2011-03-24 13:41:00,260,0,380.39,83.0,33.0,0.0
16770,770.1,5.311034482758621,2.95,39.95,0.39,464,3.2,24,1,5,116,116,2.2877241379310345,39.95,0.29,1,2010-12-02 15:49:00,2011-10-13 12:21:00,58,314,154.02,92.8,23.2,0.16666666666666666
16771,2246.81,8.811019607843138,7.5,38.25,0.79,1489,5.8392156862745095,72,1,5,200,200,2.856039215686274,12.75,0.21,1,2011-01-05 13:57:00,2011-11-06 13:28:00,33,304,449.36199999999997,297.8,40.0,0.0
16773,171.59,6.599615384615385,3.75,23.400000000000002,1.25,171,6.576923076923077,60,1,1,23,23,2.77,9.95,0.39,1,2011-10-13 14:37:00,2011-10-13 14:37:00,57,0,171.59,171.0,23.0,0.0
16774,661.52,13.781666666666666,8.6,69.3,0.42,322,6.708333333333333,48,1,4,36,36,2.4722916666666666,4.95,0.42,1,2011-06-14 12:45:00,2011-10-03 12:41:00,68,110,165.38,80.5,9.0,0.2
16775,1695.66,10.732025316455697,7.95,65.69999999999999,0.38,440,2.7848101265822787,24,1,11,84,85,4.644873417721519,18.95,0.19,1,2010-12-07 15:15:00,2011-11-29 15:22:00,10,357,154.1509090909091,40.0,7.636363636363637,0.0
16776,388.28,5.1089473684210525,3.3,45.0,0.19,262,3.4473684210526314,12,1,1,61,61,1.9368421052631577,14.95,0.19,1,2011-10-10 13:04:00,2011-10-10 13:04:00,60,0,388.28,262.0,61.0,0.0
16777,226.35,4.527,2.95,17.700000000000003,0.42,64,1.28,6,1,2,45,45,3.6038,12.75,0.42,1,2011-03-27 14:34:00,2011-09-20 13:41:00,80,176,113.175,32.0,22.5,0.0
16778,245.94,15.37125,15.4,25.200000000000003,7.4399999999999995,194,12.125,24,2,2,16,16,2.365,8.5,0.42,1,2011-03-10 15:21:00,2011-09-26 13:48:00,74,199,122.97,97.0,8.0,0.0
16779,10629.720000000001,31.921081081081084,17.700000000000003,234.0,0.42,5325,15.99099099099099,100,1,22,161,165,2.3734234234234233,12.75,0.42,1,2010-12-08 09:56:00,2011-12-07 14:54:00,2,364,483.169090909091,242.04545454545453,7.318181818181818,0.39285714285714285
16780,425.19,7.0865,5.1,30.0,0.78,271,4.516666666666667,24,1,2,51,51,2.5930000000000004,12.75,0.39,1,2011-03-25 17:34:00,2011-08-31 16:09:00,100,158,212.595,135.5,25.5,0.0
16781,311.25,18.308823529411764,17.700000000000003,31.8,10.2,113,6.647058823529412,24,1,1,17,17,5.008823529411765,14.95,0.85,1,2010-12-02 14:26:00,2010-12-02 14:26:00,372,0,311.25,113.0,17.0,1.0
16782,2279.9,11.999473684210527,12.55,102.0,0.85,712,3.7473684210526317,24,1,13,103,105,3.6426315789473684,12.75,0.83,1,2010-12-09 11:28:00,2011-11-29 13:20:00,10,355,175.37692307692308,54.76923076923077,7.923076923076923,0.3684210526315789
16784,107.6,35.86666666666667,30.0,47.6,30.0,24,8.0,8,8,1,3,3,4.483333333333333,5.95,3.75,1,2011-11-20 12:20:00,2011-11-20 12:20:00,20,0,107.6,24.0,3.0,0.0
16788,597.48,3.854709677419355,3.3,29.5,0.29,311,2.0064516129032257,25,1,2,138,138,2.313870967741935,9.95,0.29,1,2011-03-30 13:05:00,2011-08-08 14:53:00,123,131,298.74,155.5,69.0,0.0
16789,80.8,16.16,15.8,19.799999999999997,11.7,32,6.4,12,4,1,5,5,2.8899999999999997,3.95,1.65,1,2011-12-01 15:12:00,2011-12-01 15:12:00,8,0,80.8,32.0,5.0,0.0
16790,1545.6200000000001,16.61956989247312,16.5,35.400000000000006,2.95,898,9.655913978494624,36,1,6,88,88,2.3633333333333333,7.95,0.42,1,2011-11-02 11:23:00,2011-12-06 11:53:00,4,34,257.60333333333335,149.66666666666666,14.666666666666666,0.25
16791,1721.78,5.3805625,4.155,38.25,0.55,763,2.384375,12,1,7,218,219,2.92228125,12.75,0.19,1,2011-01-11 15:42:00,2011-11-10 19:12:00,29,303,245.96857142857144,109.0,31.142857142857142,0.25
16792,110.38000000000001,9.198333333333334,8.850000000000001,27.650000000000002,2.1,44,3.6666666666666665,9,1,2,11,11,4.001666666666666,12.75,0.42,1,2011-03-02 14:39:00,2011-03-02 14:41:00,282,0,55.190000000000005,22.0,5.5,0.0
16793,243.84,15.24,14.100000000000001,25.5,6.64,146,9.125,24,2,1,16,16,2.426875,8.5,0.55,1,2011-10-13 15:08:00,2011-10-13 15:08:00,57,0,243.84,146.0,16.0,0.0
16794,1222.71,4.290210526315789,2.95,21.0,0.29,937,3.287719298245614,50,1,10,142,144,1.771719298245614,8.5,0.12,1,2011-06-12 14:15:00,2011-12-08 17:54:00,1,179,122.271,93.7,14.2,0.16666666666666666
16795,414.88,6.286060606060606,4.225,29.75,0.85,239,3.621212121212121,19,1,1,64,64,2.2053030303030305,12.75,0.42,1,2010-12-09 14:08:00,2010-12-09 14:08:00,365,0,414.88,239.0,64.0,0.0
16796,305.62,16.97888888888889,16.17,49.5,6.64,186,10.333333333333334,12,6,1,18,18,1.7455555555555555,4.95,0.83,1,2011-09-11 14:01:00,2011-09-11 14:01:00,89,0,305.62,186.0,18.0,0.0
16800,1201.49,7.326158536585366,5.9,31.8,0.39,540,3.292682926829268,48,1,1,148,148,3.6933536585365854,25.0,0.29,1,2011-11-28 14:06:00,2011-11-28 14:06:00,11,0,1201.49,540.0,148.0,0.0
16801,1619.73,21.312236842105264,16.975,74.85,4.949999999999999,499,6.565789473684211,32,1,4,72,72,5.979210526315789,24.95,0.42,1,2011-03-11 13:56:00,2011-06-29 15:33:00,163,110,404.9325,124.75,18.0,9.0
16803,332.3,13.845833333333333,14.850000000000001,23.4,6.64,245,10.208333333333334,25,3,1,24,24,2.1033333333333335,4.95,0.42,1,2011-10-05 14:28:00,2011-10-05 14:28:00,65,0,332.3,245.0,24.0,0.0
16804,536.99,8.949833333333334,7.68,50.0,0.65,246,4.1,40,1,3,59,59,3.2141666666666664,12.75,0.29,1,2011-03-14 15:48:00,2011-11-16 16:43:00,23,247,178.99666666666667,82.0,19.666666666666668,0.0
16805,460.59,4.699897959183673,3.3,29.700000000000003,0.95,539,5.5,72,1,2,94,94,1.7842857142857145,7.95,0.14,1,2010-12-14 13:35:00,2011-06-19 11:23:00,174,186,230.295,269.5,47.0,0.0
16806,801.49,7.781456310679611,4.2,39.599999999999994,0.39,378,3.6699029126213594,24,1,4,68,68,2.8590291262135925,25.95,0.39,1,2011-04-14 19:59:00,2011-08-28 15:27:00,103,135,200.3725,94.5,17.0,0.0
16807,1121.59,16.740149253731342,16.5,33.0,8.5,778,11.611940298507463,36,1,3,57,58,2.5701492537313433,15.0,0.42,1,2011-03-14 09:46:00,2011-07-20 12:00:00,143,128,373.8633333333333,259.3333333333333,19.0,0.0
16808,288.42,12.540000000000001,11.8,61.199999999999996,2.55,196,8.521739130434783,32,1,2,21,21,2.332173913043478,12.75,0.42,1,2011-03-10 19:05:00,2011-09-01 19:34:00,99,175,144.21,98.0,10.5,0.0
16809,914.69,6.138859060402685,4.16,20.8,0.84,652,4.375838926174497,12,1,5,79,81,1.5418120805369127,8.25,0.39,1,2011-03-22 15:20:00,2011-11-16 15:45:00,23,239,182.93800000000002,130.4,15.8,0.16666666666666666
16810,309.54,20.636000000000003,19.8,59.400000000000006,8.5,114,7.6,16,2,1,15,15,3.5353333333333334,9.95,0.85,1,2011-05-31 15:32:00,2011-05-31 15:32:00,192,0,309.54,114.0,15.0,0.5
16811,547.07,19.538214285714286,17.82,35.400000000000006,6.959999999999999,477,17.035714285714285,96,2,2,26,26,2.3685714285714283,12.5,0.19,1,2011-11-22 17:19:00,2011-12-05 11:39:00,5,12,273.535,238.5,13.0,0.0
16812,479.35,31.956666666666667,15.0,119.6,10.2,81,5.4,12,3,1,15,15,5.533333333333333,14.95,0.85,1,2010-12-14 12:35:00,2010-12-14 12:35:00,361,0,479.35,81.0,15.0,0.0
16813,1692.98,3.7705567928730512,3.3,60.48,0.29,1525,3.3964365256124722,288,1,10,248,250,1.750445434298441,9.95,0.19,1,2011-05-19 13:28:00,2011-12-01 14:03:00,8,196,169.298,152.5,24.8,0.0
16814,6509.1,20.089814814814815,15.0,135.0,0.55,2769,8.546296296296296,48,1,21,122,122,3.2728703703703705,14.95,0.42,1,2010-12-05 11:45:00,2011-11-25 13:27:00,14,355,309.95714285714286,131.85714285714286,5.809523809523809,0.045454545454545456
16816,417.06,14.895,15.149999999999999,23.4,4.5600000000000005,274,9.785714285714286,24,2,4,28,28,2.2528571428571427,7.95,0.19,1,2010-12-16 17:01:00,2011-08-28 14:16:00,103,254,104.265,68.5,7.0,0.0
16817,1604.75,18.65988372093023,15.0,79.9,4.2,822,9.55813953488372,36,1,9,73,73,3.5644186046511632,39.95,0.39,1,2010-12-06 14:19:00,2011-12-07 11:03:00,3,365,178.30555555555554,91.33333333333333,8.11111111111111,0.6923076923076923
16818,3349.57,17.81686170212766,15.9,59.9,2.2800000000000002,2164,11.51063829787234,48,1,11,172,172,2.5258510638297875,29.95,0.1,1,2011-05-18 11:42:00,2011-11-29 10:41:00,11,194,304.50636363636363,196.72727272727272,15.636363636363637,0.15384615384615385
16820,497.61,19.138846153846153,16.725,35.400000000000006,5.04,307,11.807692307692308,48,1,1,26,26,3.7388461538461537,16.95,0.29,1,2011-09-05 12:06:00,2011-09-05 12:06:00,96,0,497.61,307.0,26.0,0.0
16823,358.38,9.431052631578947,7.949999999999999,39.8,0.95,136,3.5789473684210527,10,1,1,34,34,3.273157894736842,9.95,0.19,1,2011-04-26 15:00:00,2011-04-26 15:00:00,227,0,358.38,136.0,34.0,0.0
16824,460.64,17.716923076923077,15.45,45.0,9.959999999999999,236,9.076923076923077,24,2,2,23,23,3.383076923076923,12.75,0.55,1,2011-06-28 13:36:00,2011-11-24 12:38:00,16,148,230.32,118.0,11.5,0.0
16825,775.1800000000001,27.685000000000002,18.4,93.60000000000001,10.08,566,20.214285714285715,144,2,2,27,27,3.3082142857142856,14.95,0.42,1,2011-06-07 09:44:00,2011-11-01 11:51:00,39,147,387.59000000000003,283.0,13.5,0.0
16826,341.7,15.531818181818181,16.5,24.900000000000002,8.2,158,7.181818181818182,12,1,1,22,22,3.985,12.75,0.82,1,2011-10-19 14:05:00,2011-10-19 14:05:00,51,0,341.7,158.0,22.0,0.0
16828,128.5,16.0625,15.0,25.200000000000003,12.600000000000001,59,7.375,12,1,2,8,8,3.75,15.0,1.25,1,2011-08-19 13:24:00,2011-09-07 15:10:00,93,19,64.25,29.5,4.0,0.0
16829,197.22,17.92909090909091,15.299999999999999,30.599999999999998,7.800000000000001,99,9.0,25,2,1,11,11,3.019090909090909,7.95,0.42,1,2011-07-06 10:48:00,2011-07-06 10:48:00,157,0,197.22,99.0,11.0,0.0
16830,325.91,14.170000000000002,14.850000000000001,22.5,9.899999999999999,264,11.478260869565217,25,2,1,23,23,2.13,4.95,0.42,1,2011-11-01 11:35:00,2011-11-01 11:35:00,39,0,325.91,264.0,23.0,0.0
16832,199.15,16.595833333333335,15.9,62.5,4.95,33,2.75,12,1,3,11,11,8.083333333333334,16.95,0.65,1,2011-05-06 14:12:00,2011-06-08 15:36:00,184,33,66.38333333333334,11.0,3.6666666666666665,0.0
16833,1106.53,23.5431914893617,17.700000000000003,81.36,10.08,440,9.361702127659575,25,2,4,46,46,3.1982978723404254,8.5,0.42,1,2011-01-09 13:02:00,2011-12-08 14:39:00,1,333,276.6325,110.0,11.5,0.0
16834,413.46,17.2275,15.0,30.0,10.08,358,14.916666666666666,24,4,1,24,24,1.5062499999999999,5.95,0.42,1,2011-04-26 09:37:00,2011-04-26 09:37:00,228,0,413.46,358.0,24.0,0.0
16835,180.85,18.085,18.35,22.5,12.600000000000001,61,6.1,10,2,2,10,10,4.297,7.95,2.08,1,2010-12-01 17:15:00,2011-08-03 13:50:00,128,244,90.425,30.5,5.0,0.0
16836,251.87,22.89727272727273,17.700000000000003,76.32000000000001,13.28,165,15.0,72,5,2,11,11,2.174545454545455,4.95,0.83,1,2011-08-15 12:38:00,2011-10-31 10:05:00,40,76,125.935,82.5,5.5,0.0
16837,3170.98,19.218060606060607,17.0,175.2,4.5600000000000005,1563,9.472727272727273,96,1,11,123,123,4.203090909090909,16.95,0.19,1,2011-04-08 08:48:00,2011-11-08 14:27:00,31,214,288.2709090909091,142.0909090909091,11.181818181818182,0.08333333333333333
16838,588.85,23.554000000000002,15.0,165.0,9.959999999999999,185,7.4,24,1,2,24,24,11.256799999999998,165.0,0.83,1,2011-02-24 15:01:00,2011-05-26 13:13:00,197,90,294.425,92.5,12.0,0.3333333333333333
16839,16594.35,62.38477443609022,35.7,297.0,5.04,8975,33.7406015037594,144,2,34,114,118,2.9833082706766914,10.95,0.39,1,2010-12-05 11:15:00,2011-12-01 09:03:00,9,360,488.06911764705876,263.97058823529414,3.3529411764705883,0.8205128205128205
16841,1869.82,16.119137931034484,13.200000000000001,95.2,2.88,2250,19.396551724137932,80,4,6,101,101,1.2737931034482757,5.95,0.06,1,2011-02-25 12:40:00,2011-11-03 11:51:00,37,250,311.63666666666666,375.0,16.833333333333332,0.14285714285714285
16842,1264.19,20.066507936507936,16.5,66.0,8.5,693,11.0,25,2,3,45,47,3.161111111111111,12.75,0.42,1,2011-02-10 14:51:00,2011-08-31 10:42:00,101,201,421.3966666666667,231.0,15.0,0.25
16843,10196.57,26.97505291005291,20.8,142.8,2.88,10159,26.875661375661377,324,1,16,226,229,1.8746825396825397,39.95,0.04,1,2011-01-16 16:10:00,2011-10-28 09:06:00,43,284,637.285625,634.9375,14.125,0.058823529411764705
16846,214.32,19.483636363636364,16.5,30.0,10.5,135,12.272727272727273,25,2,1,11,11,2.661818181818182,8.25,0.42,1,2011-10-20 13:55:00,2011-10-20 13:55:00,50,0,214.32,135.0,11.0,0.0
16847,193.44,16.12,15.75,25.5,10.2,78,6.5,12,2,1,12,12,3.3074999999999997,8.25,0.85,1,2011-10-27 13:29:00,2011-10-27 13:29:00,43,0,193.44,78.0,12.0,0.0
16848,281.42,20.101428571428574,17.55,46.8,10.2,182,13.0,24,6,1,14,14,1.7100000000000002,2.95,0.55,1,2011-10-18 08:42:00,2011-10-18 08:42:00,53,0,281.42,182.0,14.0,0.0
16849,124.57,15.57125,14.41,19.9,12.5,33,4.125,8,2,1,8,8,5.1049999999999995,9.95,1.69,1,2011-06-06 09:16:00,2011-06-06 09:16:00,187,0,124.57,33.0,8.0,0.0
16850,332.41,17.495263157894737,17.4,31.6,10.08,249,13.105263157894736,36,2,1,19,19,2.1210526315789475,5.95,0.42,1,2011-01-10 11:09:00,2011-01-10 11:09:00,334,0,332.41,249.0,19.0,0.0
16851,342.45,17.1225,15.0,39.599999999999994,6.959999999999999,271,13.55,48,3,3,17,17,1.9634999999999998,4.95,0.29,1,2011-10-19 09:48:00,2011-12-05 13:32:00,4,47,114.14999999999999,90.33333333333333,5.666666666666667,0.0
16852,144.91000000000003,16.101111111111113,16.6,39.95,4.5600000000000005,56,6.222222222222222,24,1,2,9,9,8.315555555555555,39.95,0.19,1,2011-06-16 15:49:00,2011-11-29 13:22:00,10,165,72.45500000000001,28.0,4.5,0.0
16855,328.4,17.28421052631579,17.700000000000003,30.0,9.95,164,8.631578947368421,24,1,2,19,19,3.7394736842105263,12.75,0.85,1,2011-10-27 16:31:00,2011-11-16 12:03:00,24,19,164.2,82.0,9.5,0.0
16856,35.400000000000006,17.700000000000003,17.700000000000003,17.700000000000003,17.700000000000003,12,6.0,6,6,1,2,2,2.95,2.95,2.95,1,2011-11-25 08:59:00,2011-11-25 08:59:00,15,0,35.400000000000006,12.0,2.0,0.0
16858,375.69000000000005,37.569,33.6,83.4,13.5,91,9.1,24,2,1,9,9,5.349,7.95,2.1,1,2010-12-06 09:52:00,2010-12-06 09:52:00,369,0,375.69000000000005,91.0,9.0,1.5
16859,747.81,14.380961538461538,14.925,49.95,6.3,827,15.903846153846153,36,1,2,50,50,2.820576923076923,49.95,0.21,1,2011-03-23 13:39:00,2011-07-18 12:19:00,145,116,373.905,413.5,25.0,4.0
16861,173.76,28.959999999999997,28.200000000000003,40.8,20.16,140,23.333333333333332,48,10,2,6,6,1.8950000000000002,2.95,0.42,1,2011-07-04 15:38:00,2011-10-11 09:05:00,60,98,86.88,70.0,3.0,0.6666666666666666
16863,502.8,19.338461538461537,15.8,50.0,7.4399999999999995,409,15.73076923076923,48,3,2,25,25,1.68,4.95,0.29,1,2010-12-08 08:58:00,2011-11-08 15:26:00,31,335,251.4,204.5,12.5,0.5
16866,207.73999999999998,18.885454545454543,8.5,45.0,0.85,60,5.454545454545454,12,1,3,10,10,3.808181818181818,9.95,0.39,1,2011-07-01 12:34:00,2011-07-22 10:06:00,141,20,69.24666666666666,20.0,3.3333333333333335,0.0
16869,825.42,6.44859375,4.8149999999999995,40.8,0.42,585,4.5703125,48,1,4,113,113,2.29875,12.75,0.06,1,2011-06-17 13:01:00,2011-11-17 12:02:00,23,152,206.355,146.25,28.25,0.2
16871,2812.34,20.528029197080293,17.4,70.80000000000001,2.52,1253,9.145985401459853,25,1,6,131,131,3.4572992700729923,16.95,0.42,1,2011-03-14 10:31:00,2011-11-17 19:27:00,22,248,468.72333333333336,208.83333333333334,21.833333333333332,0.2857142857142857
16872,680.02,97.14571428571428,76.32000000000001,169.60000000000002,12.75,600,85.71428571428571,160,1,3,5,5,9.68142857142857,49.95,0.83,1,2011-06-08 14:32:00,2011-09-23 16:05:00,77,107,226.67333333333332,200.0,1.6666666666666667,0.0
16873,7123.62,25.53268817204301,20.16,350.0,5.04,3840,13.763440860215054,144,2,6,179,180,3.503727598566308,175.0,0.29,1,2010-12-10 15:45:00,2011-12-05 12:05:00,5,359,1187.27,640.0,29.833333333333332,1.0
16875,2095.53,18.710089285714286,16.95,39.8,6.959999999999999,1069,9.544642857142858,24,1,5,93,94,3.585267857142857,16.95,0.29,1,2011-01-04 10:37:00,2011-10-03 13:39:00,67,272,419.10600000000005,213.8,18.6,1.2222222222222223
16877,853.72,5.369308176100629,3.3,25.0,0.39,463,2.911949685534591,25,1,6,111,111,2.525786163522013,16.95,0.19,1,2011-05-15 16:13:00,2011-11-27 13:47:00,12,195,142.28666666666666,77.16666666666667,18.5,0.0
16878,13.3,4.433333333333334,2.55,9.5,1.25,12,4.0,10,1,1,3,3,1.5833333333333333,2.55,0.95,1,2011-09-16 17:39:00,2011-09-16 17:39:00,84,0,13.3,12.0,3.0,1.5
16880,1519.08,8.534157303370787,6.275,57.75,0.65,753,4.230337078651686,48,1,7,121,120,3.7406179775280903,12.5,0.29,1,2011-06-03 16:45:00,2011-11-09 11:33:00,31,158,217.01142857142855,107.57142857142857,17.285714285714285,0.0
16881,432.0,432.0,432.0,432.0,432.0,600,600.0,600,600,1,1,1,0.72,0.72,0.72,1,2011-10-04 10:33:00,2011-10-04 10:33:00,67,0,432.0,600.0,1.0,0.0
16882,705.12,18.080000000000002,15.0,119.39999999999999,1.45,424,10.871794871794872,25,1,3,39,39,2.767179487179487,9.95,0.29,1,2011-01-26 17:43:00,2011-10-04 10:42:00,67,250,235.04,141.33333333333334,13.0,0.0
16883,276.73,7.282368421052632,5.0,25.0,1.25,104,2.736842105263158,15,1,2,33,33,3.683947368421053,19.95,1.25,1,2010-12-03 10:33:00,2011-06-05 12:51:00,187,184,138.365,52.0,16.5,0.0
16884,429.84000000000003,16.532307692307693,15.799999999999999,30.0,0.95,320,12.307692307692308,36,1,2,26,26,1.9965384615384614,7.5,0.42,1,2011-11-02 10:16:00,2011-11-02 11:52:00,38,0,214.92000000000002,160.0,13.0,0.0
16885,471.51,4.668415841584158,3.4,23.8,0.29,184,1.8217821782178218,12,1,3,82,82,3.452673267326733,11.95,0.12,1,2010-12-17 17:23:00,2011-11-24 13:40:00,15,341,157.17,61.333333333333336,27.333333333333332,0.0
16887,194.88,5.2670270270270265,3.4799999999999995,25.5,0.21,157,4.243243243243243,12,1,1,35,35,1.9683783783783784,8.25,0.19,1,2011-11-04 14:07:00,2011-11-04 14:07:00,35,0,194.88,157.0,35.0,0.0
16889,1578.67,11.693851851851852,10.0,51.0,0.95,925,6.851851851851852,28,1,3,112,112,3.099037037037037,12.75,0.21,1,2011-01-07 10:47:00,2011-05-29 11:05:00,195,142,526.2233333333334,308.3333333333333,37.333333333333336,0.0
16891,809.7,3.9886699507389163,2.95,17.0,0.24,283,1.3940886699507389,12,1,5,166,166,3.1253201970443354,16.95,0.12,1,2010-12-03 11:35:00,2011-12-08 11:15:00,2,369,161.94,56.6,33.2,0.0
16892,525.54,5.308484848484848,2.95,25.0,0.21,239,2.414141414141414,22,1,5,87,88,3.2438383838383835,25.0,0.21,1,2011-06-09 11:35:00,2011-12-08 13:18:00,1,182,105.10799999999999,47.8,17.4,0.2857142857142857
16893,145.93,3.242888888888889,2.95,12.600000000000001,0.65,62,1.3777777777777778,6,1,1,44,44,2.5971111111111114,9.95,0.65,1,2010-12-08 12:06:00,2010-12-08 12:06:00,367,0,145.93,62.0,44.0,0.0
16895,219.14,3.175942028985507,2.1,15.0,0.42,102,1.4782608695652173,6,1,1,57,57,2.430869565217391,9.95,0.42,1,2011-10-06 12:15:00,2011-10-06 12:15:00,65,0,219.14,102.0,57.0,0.0
16897,289.78,7.831891891891891,7.9,25.5,1.25,73,1.972972972972973,6,1,2,37,37,5.09972972972973,14.95,1.25,1,2011-01-30 11:52:00,2011-02-13 15:02:00,299,14,144.89,36.5,18.5,2.3333333333333335
16898,508.81,3.1408024691358025,2.015,30.0,0.18,419,2.5864197530864197,36,1,3,150,150,2.055740740740741,12.75,0.06,1,2010-12-06 12:23:00,2011-11-13 15:44:00,26,342,169.60333333333332,139.66666666666666,50.0,0.25
16899,1281.56,10.25248,7.5,49.5,0.55,522,4.176,48,1,6,80,81,3.38856,9.95,0.42,1,2010-12-14 13:11:00,2011-12-02 12:03:00,8,352,213.59333333333333,87.0,13.333333333333334,0.0
16900,887.11,11.229240506329115,9.36,46.8,3.75,833,10.544303797468354,100,1,3,78,78,2.1250632911392406,10.95,0.04,1,2011-10-07 13:17:00,2011-11-23 10:32:00,17,46,295.7033333333333,277.6666666666667,26.0,0.6
16902,1706.88,38.79272727272728,25.0,224.25,2.34,629,14.295454545454545,48,1,1,43,43,3.8652272727272727,14.95,0.12,1,2011-08-15 14:17:00,2011-08-15 14:17:00,116,0,1706.88,629.0,43.0,0.0
16903,373.24,6.220666666666667,4.15,20.8,0.38,262,4.366666666666666,24,1,1,50,50,2.3445000000000005,9.95,0.19,1,2011-11-10 15:32:00,2011-11-10 15:32:00,29,0,373.24,262.0,50.0,0.0
16904,3754.27,5.287704225352113,3.3,91.80000000000001,0.39,2034,2.8647887323943664,108,1,16,387,387,2.7468450704225353,39.95,0.21,1,2010-12-07 13:29:00,2011-12-05 13:10:00,4,362,234.641875,127.125,24.1875,0.0
16905,3102.43,14.915528846153846,9.98,122.39999999999999,0.79,1408,6.769230769230769,50,1,7,117,118,3.5751442307692307,16.95,0.21,1,2010-12-03 10:43:00,2011-12-04 14:01:00,5,366,443.2042857142857,201.14285714285714,16.714285714285715,0.125
16906,579.77,6.234086021505376,2.95,101.76,0.39,281,3.021505376344086,96,1,4,74,74,3.269462365591398,19.95,0.39,1,2011-04-05 12:30:00,2011-09-19 11:49:00,82,166,144.9425,70.25,18.5,0.0
16907,981.65,6.500993377483444,4.2,78.96000000000001,0.42,298,1.9735099337748345,24,1,5,89,89,3.786622516556291,16.95,0.39,1,2010-12-09 16:52:00,2011-11-10 18:04:00,29,336,196.32999999999998,59.6,17.8,0.0
16909,379.14,21.063333333333333,16.5,77.75999999999999,9.36,436,24.22222222222222,216,2,1,18,18,3.238888888888889,8.25,0.36,1,2011-09-28 16:45:00,2011-09-28 16:45:00,72,0,379.14,436.0,18.0,0.5
16910,1510.06,2.7606215722120657,1.9,19.9,0.21,886,1.6197440585009142,12,1,8,318,318,2.173400365630713,16.95,0.19,1,2011-09-09 14:14:00,2011-12-05 12:51:00,4,86,188.7575,110.75,39.75,0.0
16912,2575.38,25.49881188118812,17.700000000000003,76.5,10.08,1029,10.188118811881187,48,2,11,88,88,4.062871287128713,12.75,0.42,1,2011-01-20 15:42:00,2011-11-11 12:18:00,29,294,234.12545454545455,93.54545454545455,8.0,0.2857142857142857
16913,113.44,14.18,2.5,60.0,0.84,82,10.25,48,1,1,8,8,2.07125,5.95,0.42,1,2011-02-22 12:56:00,2011-02-22 12:56:00,290,0,113.44,82.0,8.0,0.0
16914,208.46,5.4857894736842105,2.5,50.0,0.39,121,3.1842105263157894,40,1,1,25,25,2.649736842105263,9.95,0.39,1,2011-11-03 15:27:00,2011-11-03 15:27:00,36,0,208.46,121.0,25.0,0.0
16915,621.6800000000001,10.906666666666668,7.9,149.85000000000002,0.39,132,2.3157894736842106,27,1,6,46,46,5.300175438596492,49.95,0.39,1,2011-03-01 09:52:00,2011-11-30 16:39:00,9,274,103.61333333333334,22.0,7.666666666666667,0.0
16916,576.26,4.029790209790209,2.95,19.799999999999997,0.39,440,3.076923076923077,36,1,2,129,129,2.22041958041958,9.95,0.19,1,2010-12-02 13:14:00,2011-11-16 12:08:00,24,348,288.13,220.0,64.5,0.0
16917,391.52,43.50222222222222,19.9,122.39999999999999,15.600000000000001,232,25.77777777777778,72,2,1,9,9,3.873333333333333,12.75,0.65,1,2011-03-08 11:55:00,2011-03-08 11:55:00,277,0,391.52,232.0,9.0,0.0
16918,1068.82,8.35015625,7.574999999999999,37.5,0.78,721,5.6328125,30,1,6,97,97,2.080625,12.75,0.29,1,2011-01-26 17:37:00,2011-10-21 12:50:00,50,267,178.13666666666666,120.16666666666667,16.166666666666668,0.2857142857142857
16919,2596.45,7.940214067278287,5.8,67.5,0.42,1413,4.321100917431193,24,1,11,141,141,2.794954128440367,9.95,0.19,1,2010-12-06 12:52:00,2011-07-06 13:35:00,156,212,236.04090909090908,128.45454545454547,12.818181818181818,0.0
16921,169.79,2.829833333333333,2.1,12.600000000000001,0.29,171,2.85,25,1,1,50,50,1.5675,8.25,0.12,1,2011-10-09 16:22:00,2011-10-09 16:22:00,61,0,169.79,171.0,50.0,0.0
16923,7247.61,10.785133928571428,7.5,150.0,0.12,3417,5.084821428571429,192,1,19,313,316,3.108511904761905,12.75,0.12,1,2010-12-12 11:06:00,2011-11-27 13:00:00,12,350,381.4531578947368,179.8421052631579,16.473684210526315,0.9230769230769231
16924,846.75,10.201807228915662,8.25,49.5,0.65,493,5.9397590361445785,24,1,3,69,69,2.6796385542168673,8.25,0.19,1,2011-09-16 12:54:00,2011-11-18 12:53:00,21,62,282.25,164.33333333333334,23.0,1.5
16926,230.25,16.446428571428573,15.9,34.0,4.95,35,2.5,6,1,1,14,14,6.978571428571429,8.5,1.45,1,2010-12-03 13:42:00,2010-12-03 13:42:00,371,0,230.25,35.0,14.0,0.0
16927,543.05,90.50833333333333,53.55,201.6,16.25,993,165.5,480,5,3,5,5,2.9066666666666667,6.75,0.42,1,2010-12-13 11:57:00,2011-08-16 11:10:00,116,245,181.01666666666665,331.0,1.6666666666666667,0.0
16928,2847.6,13.62488038277512,8.7,75.0,0.84,2114,10.114832535885167,60,1,17,69,68,1.8953588516746411,15.95,0.38,1,2010-12-01 15:21:00,2011-09-20 15:10:00,80,292,167.50588235294117,124.3529411764706,4.0588235294117645,0.21052631578947367
16929,1295.39,16.823246753246753,15.6,39.599999999999994,6.72,929,12.064935064935066,48,2,7,51,51,2.0796103896103895,7.95,0.29,1,2011-07-07 12:39:00,2011-12-06 08:37:00,4,151,185.0557142857143,132.71428571428572,7.285714285714286,0.0
16930,380.55,7.0472222222222225,3.8499999999999996,51.0,0.78,341,6.314814814814815,48,1,3,47,47,1.6248148148148147,8.5,0.19,1,2011-10-02 14:25:00,2011-11-13 16:13:00,26,42,126.85000000000001,113.66666666666667,15.666666666666666,0.0
16931,4604.22,5.127193763919822,4.2,26.55,0.12,3158,3.516703786191537,36,1,21,448,451,2.0643652561247214,12.75,0.06,1,2010-12-05 11:40:00,2011-12-04 13:15:00,5,364,219.24857142857144,150.38095238095238,21.333333333333332,0.0
16932,161.94,3.0554716981132075,2.08,11.399999999999999,0.42,87,1.6415094339622642,12,1,1,44,44,2.1841509433962267,8.25,0.42,1,2011-10-17 14:12:00,2011-10-17 14:12:00,53,0,161.94,87.0,44.0,0.0
16933,563.23,12.800681818181818,9.415,56.25,0.36,288,6.545454545454546,36,1,2,42,42,2.8868181818181817,9.95,0.12,1,2011-04-14 13:33:00,2011-12-08 12:54:00,1,237,281.615,144.0,21.0,1.0
16934,950.9300000000001,15.33758064516129,12.5,35.400000000000006,3.75,399,6.435483870967742,24,1,2,59,59,4.025645161290322,24.95,0.38,1,2011-10-16 12:25:00,2011-10-16 12:40:00,55,0,475.46500000000003,199.5,29.5,0.0
16936,262.68,4.608421052631579,2.5,20.8,0.42,173,3.0350877192982457,36,1,1,56,56,1.87,8.95,0.19,1,2011-11-14 11:04:00,2011-11-14 11:04:00,26,0,262.68,173.0,56.0,0.0
16938,2736.38,11.354273858921163,5.95,833.2500000000001,1.1,2540,10.53941908713693,1515,1,4,212,215,2.8477593360995854,12.75,0.42,1,2011-02-04 09:34:00,2011-12-01 10:20:00,9,300,684.095,635.0,53.0,0.2
16940,3049.88,9.99960655737705,8.5,49.5,0.42,2169,7.111475409836066,72,1,3,226,227,2.0787868852459015,16.95,0.12,1,2011-02-23 12:27:00,2011-10-18 13:15:00,52,237,1016.6266666666667,723.0,75.33333333333333,0.0
16942,1920.59,6.834839857651246,5.9,47.7,0.29,811,2.886120996441281,24,1,9,159,161,2.976725978647687,12.75,0.29,1,2011-04-26 11:59:00,2011-11-27 12:40:00,13,215,213.39888888888888,90.11111111111111,17.666666666666668,0.2
16943,816.73,24.74939393939394,19.9,75.0,11.9,145,4.393939393939394,12,1,3,23,23,6.822424242424242,15.95,1.49,1,2011-01-25 14:00:00,2011-05-12 11:57:00,212,106,272.24333333333334,48.333333333333336,7.666666666666667,0.0
16945,4345.5,17.451807228915662,17.85,62.400000000000006,2.9,2725,10.943775100401606,108,1,19,137,139,2.2293172690763052,14.95,0.08,1,2010-12-16 17:49:00,2011-11-18 11:39:00,22,336,228.71052631578948,143.42105263157896,7.2105263157894735,0.0
16947,406.48,19.356190476190477,15.600000000000001,31.200000000000003,15.0,312,14.857142857142858,48,2,1,21,21,2.610952380952381,9.95,0.65,1,2011-04-18 09:38:00,2011-04-18 09:38:00,236,0,406.48,312.0,21.0,0.0
16948,435.02,22.89578947368421,15.600000000000001,50.4,6.8,1614,84.94736842105263,900,8,3,15,15,1.1131578947368421,5.45,0.04,1,2011-01-18 10:58:00,2011-07-24 12:46:00,139,187,145.00666666666666,538.0,5.0,0.0
16949,1286.27,21.437833333333334,13.52,250.0,2.2800000000000002,791,13.183333333333334,72,1,6,57,57,6.3966666666666665,125.0,0.12,1,2011-01-27 12:11:00,2011-12-06 11:07:00,4,312,214.37833333333333,131.83333333333334,9.5,0.14285714285714285
16950,1178.56,28.06095238095238,16.65,163.2,0.83,644,15.333333333333334,64,1,3,39,39,3.0883333333333334,14.95,0.19,1,2010-12-07 15:20:00,2011-10-14 09:06:00,57,310,392.8533333333333,214.66666666666666,13.0,0.0
16951,1277.75,14.857558139534884,13.2,47.849999999999994,5.04,1318,15.325581395348838,48,3,3,73,73,1.4517441860465115,15.95,0.21,1,2011-02-08 14:58:00,2011-07-28 12:05:00,135,169,425.9166666666667,439.3333333333333,24.333333333333332,0.25
16952,167.61,10.475625,10.225,37.44,1.25,92,5.75,25,1,2,16,16,5.236875,12.75,0.42,1,2011-08-22 12:58:00,2011-08-22 13:03:00,109,0,83.805,46.0,8.0,0.0
16953,20.8,20.8,20.8,20.8,20.8,10,10.0,10,10,1,1,1,2.08,2.08,2.08,1,2011-11-09 15:54:00,2011-11-09 15:54:00,30,0,20.8,10.0,1.0,0.0
16954,2085.08,38.61259259259259,29.85,141.60000000000002,10.08,1054,19.51851851851852,48,2,9,40,40,3.3449999999999998,12.75,0.42,1,2010-12-15 10:41:00,2011-12-09 09:46:00,1,358,231.67555555555555,117.11111111111111,4.444444444444445,0.0
16955,518.67,20.746799999999997,16.5,50.849999999999994,10.4,266,10.64,48,1,4,18,18,4.1983999999999995,16.95,0.85,1,2010-12-01 13:31:00,2011-06-08 10:36:00,185,188,129.6675,66.5,4.5,0.2
16956,308.74,19.29625,15.95,59.8,5.04,114,7.125,12,2,1,16,16,4.229375,14.95,0.42,1,2011-11-22 08:56:00,2011-11-22 08:56:00,18,0,308.74,114.0,16.0,1.0
16957,416.64,26.04,23.4,79.2,5.04,172,10.75,24,4,2,15,15,3.329375,9.95,0.42,1,2011-03-03 09:25:00,2011-04-14 13:56:00,239,42,208.32,86.0,7.5,0.0
16959,117.35000000000001,16.764285714285716,13.049999999999999,30.0,8.5,49,7.0,10,3,1,7,7,3.007142857142857,4.95,0.85,1,2011-09-13 15:03:00,2011-09-13 15:03:00,87,0,117.35000000000001,49.0,7.0,0.0
16960,507.05,5.02029702970297,3.9,31.200000000000003,0.84,304,3.00990099009901,15,1,3,92,93,2.0174257425742574,9.95,0.42,1,2011-04-01 11:54:00,2011-11-01 11:35:00,39,213,169.01666666666668,101.33333333333333,30.666666666666668,0.0
16961,234.17,16.72642857142857,15.149999999999999,23.12,10.2,125,8.928571428571429,16,2,1,14,14,2.674285714285714,6.25,0.85,1,2011-08-15 13:46:00,2011-08-15 13:46:00,116,0,234.17,125.0,14.0,0.0
16963,110.55000000000001,15.792857142857144,15.0,17.700000000000003,12.600000000000001,35,5.0,6,3,1,7,7,3.342857142857143,4.95,2.1,1,2011-06-05 13:48:00,2011-06-05 13:48:00,187,0,110.55000000000001,35.0,7.0,0.0
16965,201.19,7.738076923076923,3.755,31.319999999999997,0.39,291,11.192307692307692,108,1,1,26,26,2.335769230769231,7.95,0.14,1,2011-04-27 12:08:00,2011-04-27 12:08:00,227,0,201.19,291.0,26.0,0.0
16966,2154.97,76.96321428571427,67.74,312.0,3.25,1981,70.75,288,1,7,8,8,1.2935714285714286,3.25,0.42,1,2011-04-13 14:17:00,2011-12-01 13:40:00,8,231,307.8528571428571,283.0,1.1428571428571428,0.3
16967,319.02,15.19142857142857,15.0,34.8,10.2,333,15.857142857142858,48,6,1,21,21,1.1404761904761904,2.1,0.29,1,2011-06-03 14:24:00,2011-06-03 14:24:00,189,0,319.02,333.0,21.0,0.0
16968,439.43,14.175161290322581,15.299999999999999,24.75,4.5600000000000005,326,10.516129032258064,25,2,2,31,31,2.803548387096774,9.95,0.19,1,2011-08-24 10:51:00,2011-12-05 15:02:00,4,103,219.715,163.0,15.5,0.0
16969,650.41,15.48595238095238,14.385,47.7,6.959999999999999,816,19.428571428571427,216,1,3,42,42,2.382142857142857,15.0,0.08,1,2011-06-01 12:10:00,2011-10-31 13:12:00,39,152,216.8033333333333,272.0,14.0,0.0
16971,357.21,8.712439024390243,4.2,125.0,0.58,72,1.7560975609756098,12,1,1,40,40,7.760731707317073,125.0,0.29,1,2011-11-01 15:06:00,2011-11-01 15:06:00,38,0,357.21,72.0,40.0,0.5
16976,251.51999999999998,125.75999999999999,125.75999999999999,175.2,76.32000000000001,88,44.0,72,16,1,2,2,6.005,10.95,1.06,1,2011-03-17 16:33:00,2011-03-17 16:33:00,267,0,251.51999999999998,88.0,2.0,0.0
16978,344.33,8.828974358974358,8.7,17.0,1.56,166,4.256410256410256,12,1,1,39,39,2.944871794871795,8.5,0.39,1,2011-09-23 12:50:00,2011-09-23 12:50:00,78,0,344.33,166.0,39.0,0.0
16979,1852.0,20.808988764044944,16.35,175.2,0.58,865,9.719101123595506,48,1,6,64,64,3.4710112359550562,12.75,0.29,1,2011-02-15 09:20:00,2011-12-06 12:21:00,4,294,308.6666666666667,144.16666666666666,10.666666666666666,0.25
16980,1078.96,12.401839080459771,7.800000000000001,233.20000000000002,0.95,788,9.057471264367816,220,1,2,71,71,2.3197701149425285,8.5,0.29,1,2011-02-21 12:58:00,2011-03-29 16:36:00,255,36,539.48,394.0,35.5,0.0
16982,384.06,17.457272727272727,17.17,25.200000000000003,6.64,182,8.272727272727273,18,4,1,22,22,2.453181818181818,4.25,0.83,1,2011-10-10 12:28:00,2011-10-10 12:28:00,61,0,384.06,182.0,22.0,0.0
16983,1931.25,13.048986486486486,9.899999999999999,59.400000000000006,0.36,1379,9.317567567567568,96,1,7,112,113,2.3687837837837837,16.95,0.08,1,2010-12-05 12:34:00,2011-11-27 12:10:00,13,356,275.89285714285717,197.0,16.0,0.125
16984,4481.35,11.010687960687962,7.5,111.0,0.42,2423,5.953316953316953,72,1,2,354,354,3.5025307125307124,16.95,0.19,1,2011-08-01 17:37:00,2011-09-12 13:43:00,88,41,2240.675,1211.5,177.0,2.2
16985,5464.12,45.53433333333333,34.0,244.79999999999998,9.899999999999999,1832,15.266666666666667,96,2,10,62,63,4.208,12.75,0.42,1,2010-12-16 10:38:00,2011-11-22 13:33:00,17,341,546.412,183.2,6.2,0.09090909090909091
16986,1873.2,624.4,62.400000000000006,1790.0,20.8,1040,346.6666666666667,1000,10,2,3,3,1.9833333333333334,2.08,1.79,1,2011-11-09 15:52:00,2011-11-10 11:55:00,30,0,936.6,520.0,1.5,0.0
16987,1625.05,12.597286821705426,8.25,187.0,1.25,402,3.116279069767442,22,1,7,74,75,4.745038759689923,19.95,0.42,1,2011-05-18 15:55:00,2011-12-06 17:26:00,3,202,232.15,57.42857142857143,10.571428571428571,0.0
16988,126.12,18.017142857142858,14.75,33.0,10.2,43,6.142857142857143,12,1,1,7,7,5.977142857142858,12.75,0.85,1,2011-12-04 16:02:00,2011-12-04 16:02:00,5,0,126.12,43.0,7.0,0.0
16989,1133.25,94.4375,104.5,178.20000000000002,33.0,1233,102.75,200,20,6,7,8,1.5,4.95,0.55,1,2011-07-12 09:11:00,2011-12-02 16:39:00,7,143,188.875,205.5,1.1666666666666667,0.0
16990,179.0,179.0,179.0,179.0,179.0,100,100.0,100,100,1,1,1,1.79,1.79,1.79,1,2011-05-05 08:30:00,2011-05-05 08:30:00,219,0,179.0,100.0,1.0,0.0
16992,1614.31,17.358172043010754,15.9,39.6,6.64,860,9.24731182795699,48,1,5,84,84,3.8163440860215054,16.95,0.29,1,2011-02-28 10:37:00,2011-11-29 11:50:00,11,274,322.86199999999997,172.0,16.8,0.3333333333333333
16996,1456.96,39.3772972972973,35.400000000000006,102.0,15.0,544,14.702702702702704,40,6,6,13,13,2.984054054054054,4.95,1.25,1,2010-12-21 13:22:00,2011-11-09 16:43:00,30,323,242.82666666666668,90.66666666666667,2.1666666666666665,0.4444444444444444
16997,702.0,58.5,58.5,97.5,19.5,360,30.0,50,10,3,7,8,1.95,1.95,1.95,1,2011-01-18 11:51:00,2011-02-24 17:28:00,288,37,234.0,120.0,2.3333333333333335,0.0
16998,295.0,73.75,48.95,189.60000000000002,7.5,76,19.0,48,2,4,1,1,3.85,3.95,3.75,1,2011-02-08 15:42:00,2011-07-13 09:44:00,150,154,73.75,19.0,0.25,0.3333333333333333
16999,484.82,21.07913043478261,15.0,179.0,5.04,294,12.782608695652174,100,2,2,21,21,2.427391304347826,7.95,0.39,1,2011-09-26 15:43:00,2011-11-16 13:53:00,23,50,242.41,147.0,10.5,0.0
17001,3989.57,23.606923076923078,19.799999999999997,58.5,7.56,2164,12.804733727810651,48,1,11,75,77,3.05698224852071,16.95,0.21,1,2010-12-16 09:35:00,2011-12-09 09:38:00,1,358,362.6881818181818,196.72727272727272,6.818181818181818,0.0
17002,1493.73,30.484285714285715,23.4,85.0,7.95,679,13.857142857142858,48,1,3,41,42,3.438775510204082,12.75,0.42,1,2011-02-22 11:46:00,2011-09-15 12:40:00,86,205,497.91,226.33333333333334,13.666666666666666,0.25
17004,1412.94,32.11227272727273,20.8,268.2,0.39,819,18.613636363636363,180,1,2,38,38,2.652727272727273,12.5,0.39,1,2011-09-08 12:16:00,2011-10-24 14:25:00,46,46,706.47,409.5,19.0,0.0
17006,781.78,17.76772727272727,14.925,68.0,2.5,272,6.181818181818182,24,1,4,37,37,3.7497727272727275,15.0,0.39,1,2011-09-25 12:15:00,2011-12-05 12:09:00,5,70,195.445,68.0,9.25,0.0
17007,889.9300000000001,17.114038461538463,15.0,74.25,5.04,597,11.48076923076923,64,1,6,50,50,3.3242307692307693,16.95,0.21,1,2010-12-17 13:57:00,2011-10-20 10:47:00,51,306,148.3216666666667,99.5,8.333333333333334,0.14285714285714285
17010,195.36,17.76,15.0,39.6,10.08,118,10.727272727272727,36,4,1,11,11,2.5500000000000003,4.95,0.42,1,2011-11-21 14:49:00,2011-11-21 14:49:00,18,0,195.36,118.0,11.0,0.5
17011,270.9,18.06,17.4,30.0,10.2,186,12.4,24,4,1,15,15,1.79,4.95,0.55,1,2011-11-09 13:30:00,2011-11-09 13:30:00,30,0,270.9,186.0,15.0,0.0
17014,586.33,7.923378378378379,4.15,59.0,0.42,245,3.310810810810811,24,1,3,63,63,2.9335135135135135,12.75,0.39,1,2011-10-04 11:36:00,2011-12-01 14:09:00,8,58,195.44333333333336,81.66666666666667,21.0,0.25
17015,1842.56,8.491059907834101,6.6000000000000005,35.400000000000006,0.42,1981,9.129032258064516,48,1,3,182,183,1.417142857142857,9.95,0.29,1,2011-06-07 13:19:00,2011-11-11 10:45:00,29,156,614.1866666666666,660.3333333333334,60.666666666666664,0.0
17017,8694.26,34.50103174603175,27.839999999999996,162.72,6.959999999999999,6673,26.48015873015873,192,4,20,88,92,1.6860714285714284,8.5,0.29,1,2010-12-02 10:17:00,2011-12-07 09:32:00,3,369,434.713,333.65,4.4,0.5925925925925926
17018,920.1,57.50625,67.5,75.0,9.9,176,11.0,36,2,2,15,15,6.223125,12.5,0.85,1,2011-01-18 08:46:00,2011-10-30 11:42:00,41,285,460.05,88.0,7.5,0.0
17019,1272.61,5.4385042735042735,3.575,42.0,0.29,827,3.534188034188034,25,1,4,166,172,2.1226495726495727,12.75,0.19,1,2010-12-06 12:55:00,2011-11-28 13:06:00,11,357,318.1525,206.75,41.5,0.0
17022,71.0,10.142857142857142,6.959999999999999,20.8,6.64,108,15.428571428571429,24,6,1,7,7,0.9585714285714285,2.08,0.29,1,2011-11-08 17:09:00,2011-11-08 17:09:00,31,0,71.0,108.0,7.0,0.0
17024,95.85,31.95,31.25,39.599999999999994,25.0,69,23.0,25,20,3,2,2,1.3833333333333335,1.65,1.25,1,2011-07-05 09:31:00,2011-10-25 13:47:00,45,112,31.95,23.0,0.6666666666666666,0.0
17025,357.77,39.75222222222222,30.0,90.0,10.4,235,26.11111111111111,72,3,3,8,8,2.006666666666667,5.95,0.65,1,2010-12-01 15:45:00,2011-10-10 09:06:00,61,312,119.25666666666666,78.33333333333333,2.6666666666666665,0.0
17026,154.82999999999998,38.707499999999996,11.475,121.67999999999999,10.2,97,24.25,72,1,2,4,4,4.035,12.75,0.85,1,2010-12-05 12:47:00,2011-06-07 14:28:00,185,184,77.41499999999999,48.5,2.0,0.0
17027,890.29,5.818888888888889,4.95,39.480000000000004,0.55,421,2.7516339869281046,18,1,6,110,110,2.642156862745098,9.95,0.55,1,2011-01-26 14:19:00,2011-09-22 12:24:00,79,238,148.38166666666666,70.16666666666667,18.333333333333332,0.2857142857142857
17029,716.0,358.0,358.0,358.0,358.0,400,200.0,200,200,2,1,1,1.79,1.79,1.79,1,2011-04-17 10:57:00,2011-08-21 11:06:00,111,126,358.0,200.0,0.5,0.0
17030,146.87,13.351818181818182,13.919999999999998,30.0,2.9,146,13.272727272727273,48,2,1,11,11,2.661818181818182,8.5,0.29,1,2011-10-07 08:49:00,2011-10-07 08:49:00,64,0,146.87,146.0,11.0,0.0
17031,380.35,17.288636363636364,16.5,62.400000000000006,8.5,235,10.681818181818182,30,5,2,19,19,1.606818181818182,2.95,0.85,1,2011-07-08 09:38:00,2011-11-28 10:23:00,12,143,190.175,117.5,9.5,0.0
17033,1030.14,36.79071428571429,19.799999999999997,254.4,5.04,750,26.785714285714285,240,6,3,24,25,2.2567857142857144,7.95,0.06,1,2010-12-15 13:21:00,2011-09-14 14:34:00,86,273,343.38000000000005,250.0,8.0,0.0
17034,745.52,24.850666666666665,16.9,75.0,5.04,410,13.666666666666666,48,1,3,28,28,3.3606666666666665,15.0,0.42,1,2011-02-25 10:10:00,2011-11-23 15:14:00,16,271,248.50666666666666,136.66666666666666,9.333333333333334,0.5
17035,433.53000000000003,15.483214285714286,14.185,39.599999999999994,6.8,229,8.178571428571429,32,1,2,27,27,3.3057142857142856,12.75,0.65,1,2011-02-01 12:27:00,2011-04-08 11:23:00,246,65,216.76500000000001,114.5,13.5,1.3333333333333333
17037,1267.32,16.8976,17.0,30.599999999999998,6.64,656,8.746666666666666,24,2,1,75,75,2.7634666666666665,8.5,0.39,1,2011-09-13 12:49:00,2011-09-13 12:49:00,88,0,1267.32,656.0,75.0,1.0
17038,112.4,5.109090909090909,4.95,11.9,2.1,28,1.2727272727272727,4,1,1,22,22,4.440909090909091,8.25,1.45,1,2011-11-09 13:50:00,2011-11-09 13:50:00,30,0,112.4,28.0,22.0,0.0
17040,449.73,29.982000000000003,13.52,175.2,9.899999999999999,181,12.066666666666666,25,1,1,15,15,3.3006666666666664,12.75,0.42,1,2011-07-25 10:19:00,2011-07-25 10:19:00,138,0,449.73,181.0,15.0,0.0
17041,1081.57,15.450999999999999,14.925,35.400000000000006,3.78,951,13.585714285714285,40,2,3,59,59,1.929142857142857,9.95,0.19,1,2010-12-14 11:43:00,2011-11-13 11:21:00,27,333,360.5233333333333,317.0,19.666666666666668,0.25
17042,1044.3799999999999,10.656938775510202,10.02,40.56,0.85,994,10.142857142857142,48,1,5,74,74,1.8227551020408164,8.5,0.19,1,2011-04-06 14:53:00,2011-12-07 12:26:00,3,244,208.87599999999998,198.8,14.8,0.0
17043,1735.18,17.01156862745098,15.0,175.2,0.65,998,9.784313725490197,84,1,4,100,100,3.143627450980392,12.75,0.42,1,2011-03-18 14:53:00,2011-11-07 15:33:00,32,234,433.795,249.5,25.0,0.0
17044,948.48,158.08,178.8,208.79999999999998,76.32000000000001,504,84.0,144,48,1,6,6,2.236666666666667,4.25,1.06,1,2011-11-14 14:28:00,2011-11-14 14:28:00,25,0,948.48,504.0,6.0,1.3333333333333333
17045,339.44,15.42909090909091,12.75,51.0,0.55,106,4.818181818181818,18,1,3,20,20,4.968181818181819,39.95,0.55,1,2011-04-06 12:08:00,2011-08-18 17:09:00,113,134,113.14666666666666,35.333333333333336,6.666666666666667,0.0
17046,642.02,29.182727272727274,15.9,101.76,8.5,510,23.181818181818183,96,2,1,22,22,2.169090909090909,7.95,0.42,1,2011-07-05 14:24:00,2011-07-05 14:24:00,157,0,642.02,510.0,22.0,0.0
17047,1100.9,16.93692307692308,15.9,31.8,6.959999999999999,533,8.2,24,1,3,59,59,3.536923076923077,12.75,0.29,1,2011-05-18 16:50:00,2011-09-15 13:27:00,85,119,366.9666666666667,177.66666666666666,19.666666666666668,0.0
17048,925.35,21.519767441860466,19.9,62.400000000000006,5.04,485,11.279069767441861,30,1,3,41,41,3.7065116279069765,39.95,0.29,1,2011-01-12 16:51:00,2011-08-14 11:49:00,118,213,308.45,161.66666666666666,13.666666666666666,0.8333333333333334
17049,5659.9800000000005,17.79867924528302,16.5,250.0,3.4799999999999995,2676,8.415094339622641,48,1,9,201,202,3.9271069182389935,125.0,0.29,1,2011-03-09 08:33:00,2011-12-07 10:48:00,3,273,628.8866666666668,297.3333333333333,22.333333333333332,0.36363636363636365
17050,3228.84,10.217848101265822,7.5,50.0,0.55,1614,5.1075949367088604,48,1,6,169,169,2.778924050632911,14.95,0.19,1,2011-02-13 12:41:00,2011-09-04 13:48:00,96,203,538.14,269.0,28.166666666666668,0.0
17051,247.14000000000001,5.747441860465116,4.95,29.25,0.76,184,4.27906976744186,15,1,1,40,40,1.8213953488372092,9.95,0.38,1,2011-05-29 14:13:00,2011-05-29 14:13:00,194,0,247.14000000000001,184.0,40.0,0.0
17052,413.75,4.497282608695652,2.895,45.0,0.29,261,2.8369565217391304,32,1,1,72,72,1.8638043478260868,12.5,0.29,1,2011-11-11 14:50:00,2011-11-11 14:50:00,28,0,413.75,261.0,72.0,0.0
17053,498.48,38.34461538461539,35.7,65.69999999999999,12.600000000000001,122,9.384615384615385,12,6,1,13,13,4.499230769230769,10.95,2.1,1,2011-08-01 10:23:00,2011-08-01 10:23:00,131,0,498.48,122.0,13.0,0.5
17054,1356.33,16.34132530120482,15.8,65.4,5.04,804,9.686746987951807,48,1,5,64,65,4.77144578313253,39.95,0.29,1,2011-04-08 13:14:00,2011-11-11 12:56:00,28,216,271.26599999999996,160.8,12.8,0.16666666666666666
17058,1179.89,19.030483870967743,17.0,41.7,10.4,592,9.548387096774194,32,2,3,51,51,3.765322580645161,12.75,0.42,1,2011-04-14 09:18:00,2011-09-19 10:13:00,82,158,393.2966666666667,197.33333333333334,17.0,0.0
17059,3095.04,5.9981395348837205,4.16,45.36,0.42,1855,3.5949612403100777,108,1,5,292,297,2.6577325581395352,12.75,0.39,1,2010-12-05 12:35:00,2011-11-10 12:27:00,30,339,619.008,371.0,58.4,0.0
17060,234.24,46.848,17.700000000000003,152.64000000000001,15.0,216,43.2,144,6,1,5,5,1.7719999999999998,2.95,0.65,1,2011-03-18 13:27:00,2011-03-18 13:27:00,266,0,234.24,216.0,5.0,0.0
17061,5232.2300000000005,52.850808080808086,29.5,415.00000000000006,1.95,1526,15.414141414141413,100,1,11,57,57,5.0870707070707075,15.95,0.72,1,2011-04-21 13:29:00,2011-09-27 11:24:00,74,158,475.65727272727275,138.72727272727272,5.181818181818182,0.16666666666666666
17062,538.37,7.691,5.85,25.5,1.25,430,6.142857142857143,36,1,4,52,52,2.162,8.5,0.19,1,2010-12-05 11:59:00,2011-01-30 11:01:00,314,55,134.5925,107.5,13.0,0.2
17063,1461.14,18.732564102564105,17.4,45.0,6.959999999999999,770,9.871794871794872,48,2,7,66,67,2.656025641025641,10.4,0.29,1,2011-02-23 13:44:00,2011-11-18 16:19:00,21,268,208.73428571428573,110.0,9.428571428571429,0.36363636363636365
17064,859.35,13.860483870967743,14.850000000000001,76.5,2.95,318,5.129032258064516,16,1,3,53,53,3.687741935483871,12.75,0.29,1,2011-01-16 16:10:00,2011-10-12 10:18:00,59,268,286.45,106.0,17.666666666666668,0.0
17068,4552.14,15.378851351351353,16.5,85.0,2.08,2164,7.3108108108108105,24,1,21,116,118,2.5016554054054057,12.75,0.39,1,2010-12-06 13:58:00,2011-11-27 13:14:00,12,355,216.76857142857145,103.04761904761905,5.523809523809524,0.045454545454545456
17069,2709.7000000000003,18.948951048951052,16.95,63.75,0.85,1506,10.531468531468532,25,1,9,111,113,2.8552447552447555,16.95,0.39,1,2010-12-01 16:49:00,2011-11-11 17:13:00,28,345,301.0777777777778,167.33333333333334,12.333333333333334,0.8461538461538461
17070,312.14,4.8771875,3.3,23.8,0.85,133,2.078125,12,1,1,62,62,2.5853125,9.95,0.83,1,2011-08-17 17:01:00,2011-08-17 17:01:00,114,0,312.14,133.0,62.0,0.0
17071,2429.03,17.350214285714287,15.9,59.400000000000006,1.9,1197,8.55,40,1,9,102,103,3.376714285714286,9.95,0.29,1,2011-02-03 08:18:00,2011-11-11 16:31:00,28,281,269.89222222222224,133.0,11.333333333333334,0.5714285714285714
17073,1446.09,8.310862068965516,7.5,34.65,0.42,759,4.362068965517241,48,1,4,142,142,3.1235632183908044,12.5,0.29,1,2011-08-22 14:37:00,2011-11-22 11:47:00,18,91,361.5225,189.75,35.5,0.0
17075,834.12,10.832727272727272,8.32,59.5,0.42,292,3.792207792207792,20,1,4,62,65,3.8464935064935064,19.95,0.42,1,2011-01-26 13:20:00,2011-11-22 11:58:00,18,299,208.53,73.0,15.5,0.6
17076,841.0799999999999,33.6432,20.4,76.32000000000001,9.899999999999999,295,11.8,72,1,3,17,18,5.8696,25.0,0.85,1,2010-12-10 10:08:00,2011-11-03 17:53:00,36,328,280.35999999999996,98.33333333333333,5.666666666666667,0.0
17078,378.2,13.507142857142856,7.319999999999999,61.199999999999996,0.5700000000000001,788,28.142857142857142,100,2,2,28,28,0.6025,2.55,0.08,1,2011-11-03 18:49:00,2011-11-03 19:17:00,36,0,189.1,394.0,14.0,0.0
17079,118.80000000000001,59.400000000000006,59.400000000000006,59.400000000000006,59.400000000000006,24,12.0,12,12,1,2,2,4.95,4.95,4.95,1,2011-09-22 15:34:00,2011-09-22 15:34:00,78,0,118.80000000000001,24.0,2.0,0.0
17080,287.62,35.9525,25.2,76.32000000000001,15.0,166,20.75,72,2,2,8,8,3.76375,9.95,0.85,1,2011-03-15 12:05:00,2011-11-17 12:59:00,22,247,143.81,83.0,4.0,0.3333333333333333
17081,290.16,4.53375,3.955,17.0,0.42,78,1.21875,3,1,2,55,55,3.7953125,12.5,0.42,1,2011-10-24 13:08:00,2011-11-14 12:56:00,25,20,145.08,39.0,27.5,0.0
17082,2003.85,24.738888888888887,19.5,250.0,2.89,1049,12.950617283950617,72,1,2,75,76,4.224567901234568,125.0,0.19,1,2011-01-25 14:36:00,2011-11-06 15:17:00,33,285,1001.925,524.5,37.5,0.0
17083,1405.78,27.034230769230767,20.14,99.60000000000001,6.8,772,14.846153846153847,36,2,3,24,28,2.0717307692307694,7.95,0.65,1,2011-02-09 11:38:00,2011-08-22 15:43:00,109,194,468.5933333333333,257.3333333333333,8.0,0.0
17084,2949.75,18.208333333333332,16.5,87.0,1.25,1816,11.209876543209877,75,1,2,146,146,2.892283950617284,14.95,0.39,1,2011-11-04 14:49:00,2011-11-04 14:54:00,35,0,1474.875,908.0,73.0,0.0
17085,1566.65,8.377807486631017,6.6,50.0,0.85,786,4.2032085561497325,42,1,5,115,115,2.732192513368984,9.95,0.29,1,2010-12-12 12:24:00,2011-08-08 14:15:00,123,239,313.33000000000004,157.2,23.0,0.3333333333333333
17086,2050.08,21.355,16.75,208.79999999999998,4.68,1859,19.364583333333332,144,1,6,76,76,2.1609374999999997,15.0,0.06,1,2011-10-07 11:22:00,2011-12-02 13:54:00,7,56,341.68,309.8333333333333,12.666666666666666,0.0
17088,1991.01,17.313130434782607,17.0,39.8,6.6000000000000005,868,7.547826086956522,24,1,4,96,98,3.8090434782608695,25.0,0.29,1,2011-03-31 09:48:00,2011-11-11 14:23:00,28,225,497.7525,217.0,24.0,0.0
17090,2043.95,32.4436507936508,20.4,162.72,1.1400000000000001,921,14.619047619047619,72,1,7,45,45,2.742063492063492,12.75,0.19,1,2010-12-20 13:52:00,2011-12-05 13:44:00,4,349,291.99285714285713,131.57142857142858,6.428571428571429,0.125
17091,3827.76,19.629538461538463,19.5,69.6,6.8,1746,8.953846153846154,48,1,9,119,120,3.139846153846154,19.95,0.29,1,2010-12-07 09:55:00,2011-12-07 10:43:00,3,365,425.3066666666667,194.0,13.222222222222221,0.3
17092,1777.78,14.22224,11.25,50.0,0.39,1131,9.048,48,1,4,99,99,2.2588000000000004,16.95,0.21,1,2011-03-07 14:51:00,2011-10-20 19:51:00,50,227,444.445,282.75,24.75,0.0
17094,302.0,21.571428571428573,12.5,59.400000000000006,8.5,152,10.857142857142858,12,6,1,14,14,2.1464285714285714,7.95,0.85,1,2011-01-21 13:09:00,2011-01-21 13:09:00,322,0,302.0,152.0,14.0,0.5
17095,1324.16,17.894054054054056,12.325,70.8,3.36,618,8.35135135135135,36,1,3,69,69,3.755135135135135,12.75,0.29,1,2011-01-09 11:05:00,2011-11-17 12:21:00,23,312,441.3866666666667,206.0,23.0,0.5
17096,1022.13,21.294375,17.55,59.699999999999996,10.2,339,7.0625,32,1,4,46,46,4.555416666666667,14.95,0.42,1,2011-03-23 12:05:00,2011-11-24 15:01:00,15,246,255.5325,84.75,11.5,0.5714285714285714
17097,954.42,4.523317535545024,3.3,39.8,0.21,459,2.175355450236967,12,1,8,153,153,2.5918009478672985,29.95,0.21,1,2010-12-09 14:55:00,2011-12-07 17:05:00,2,363,119.3025,57.375,19.125,0.2222222222222222
17100,971.74,14.949846153846154,15.0,25.200000000000003,5.04,800,12.307692307692308,36,3,2,65,65,1.9433846153846153,5.95,0.29,1,2011-11-21 16:36:00,2011-11-21 16:36:00,18,0,485.87,400.0,32.5,0.0
17101,1621.73,38.61261904761905,21.45,179.0,5.04,815,19.404761904761905,100,1,4,28,29,2.8811904761904765,14.95,0.42,1,2011-06-14 14:49:00,2011-11-29 13:57:00,10,167,405.4325,203.75,7.0,0.0
17102,25.5,25.5,25.5,25.5,25.5,2,2.0,2,2,1,1,1,12.75,12.75,12.75,1,2011-03-23 10:08:00,2011-03-23 10:08:00,262,0,25.5,2.0,1.0,0.0
17105,665.78,7.397555555555555,7.1049999999999995,16.5,1.0,693,7.7,100,1,2,80,80,1.9445555555555554,12.75,0.1,1,2011-02-06 14:46:00,2011-07-03 15:53:00,159,147,332.89,346.5,40.0,0.0
17107,10815.43,25.874234449760767,10.055,222.0,0.42,4837,11.57177033492823,192,1,6,269,272,3.343612440191388,16.95,0.21,1,2011-03-06 15:17:00,2011-11-06 14:14:00,33,244,1802.5716666666667,806.1666666666666,44.833333333333336,0.42857142857142855
17109,885.04,7.564444444444444,4.25,40.56,0.39,589,5.034188034188034,36,1,6,107,107,2.3304273504273505,14.95,0.19,1,2011-04-21 15:46:00,2011-11-10 16:59:00,29,203,147.50666666666666,98.16666666666667,17.833333333333332,0.5
17110,163.29999999999998,13.608333333333333,13.25,25.5,3.3,50,4.166666666666667,10,1,1,12,12,5.166666666666667,12.75,1.25,1,2011-06-27 12:58:00,2011-06-27 12:58:00,165,0,163.29999999999998,50.0,12.0,0.0
17111,248.61,8.287,7.05,18.72,0.83,302,10.066666666666666,50,1,1,29,29,1.8419999999999999,8.5,0.21,1,2011-10-23 15:59:00,2011-10-23 15:59:00,47,0,248.61,302.0,29.0,0.0
17114,808.62,6.367086614173228,5.9,25.0,0.39,219,1.7244094488188977,12,1,8,85,86,5.023464566929134,16.95,0.39,1,2011-01-09 11:39:00,2011-12-04 12:17:00,6,329,101.0775,27.375,10.625,0.8
17115,837.5,21.474358974358974,19.8,97.80000000000001,10.2,372,9.538461538461538,48,1,3,33,33,4.382307692307692,12.75,0.38,1,2011-04-20 14:46:00,2011-12-01 14:30:00,8,224,279.1666666666667,124.0,11.0,0.8
17117,116.19999999999999,12.91111111111111,12.75,19.799999999999997,6.6000000000000005,68,7.555555555555555,12,1,1,9,9,3.966666666666667,9.95,0.55,1,2011-02-24 13:54:00,2011-02-24 13:54:00,288,0,116.19999999999999,68.0,9.0,0.0
17118,157.02,15.702000000000002,16.05,30.599999999999998,6.959999999999999,154,15.4,24,6,1,10,10,1.3579999999999999,2.55,0.29,1,2011-01-26 12:19:00,2011-01-26 12:19:00,318,0,157.02,154.0,10.0,0.0
17119,606.91,17.340285714285713,17.0,30.599999999999998,8.5,334,9.542857142857143,48,1,2,35,35,3.578857142857143,15.0,0.39,1,2011-10-11 11:03:00,2011-12-06 14:40:00,3,56,303.455,167.0,17.5,1.0
17120,307.46,17.08111111111111,16.5,25.5,9.959999999999999,120,6.666666666666667,12,2,1,18,18,4.396111111111111,12.75,0.83,1,2011-04-20 15:21:00,2011-04-20 15:21:00,233,0,307.46,120.0,18.0,0.0
17122,138.32,19.759999999999998,19.799999999999997,30.0,13.52,80,11.428571428571429,24,6,1,7,7,1.97,2.95,1.25,1,2011-08-12 14:33:00,2011-08-12 14:33:00,119,0,138.32,80.0,7.0,0.0
17123,345.29999999999995,38.36666666666666,30.0,81.6,25.200000000000003,246,27.333333333333332,96,12,1,9,9,1.7722222222222221,2.95,0.85,1,2011-07-01 10:47:00,2011-07-01 10:47:00,162,0,345.29999999999995,246.0,9.0,0.0
17124,298.89,9.3403125,7.95,29.75,0.39,130,4.0625,18,1,1,31,31,3.435625,7.95,0.39,1,2011-06-07 14:02:00,2011-06-07 14:02:00,185,0,298.89,130.0,31.0,0.0
17125,259.35,6.483750000000001,4.075,35.400000000000006,0.55,291,7.275,100,1,1,34,34,3.4685,12.75,0.04,1,2011-10-20 14:41:00,2011-10-20 14:41:00,50,0,259.35,291.0,34.0,0.0
17126,1004.75,3.8644230769230767,2.5,27.04,0.39,792,3.046153846153846,72,1,5,187,187,1.8555384615384616,9.95,0.12,1,2010-12-12 11:26:00,2011-07-10 13:52:00,152,210,200.95,158.4,37.4,0.2857142857142857
17128,157.09,11.220714285714285,9.32,30.0,3.95,76,5.428571428571429,24,1,1,14,14,3.985,8.5,0.85,1,2011-01-09 12:02:00,2011-01-09 12:02:00,335,0,157.09,76.0,14.0,0.0
17131,2463.17,18.38186567164179,15.0,81.6,0.39,983,7.335820895522388,32,1,5,78,78,3.519402985074627,19.95,0.39,1,2011-09-25 12:42:00,2011-12-04 12:52:00,5,70,492.634,196.6,15.6,0.0
17133,4892.240000000001,181.1940740740741,139.2,816.0,6.6,2730,101.11111111111111,360,4,7,13,13,2.1211111111111114,4.95,0.55,1,2011-03-18 13:47:00,2011-11-24 12:27:00,16,250,698.8914285714287,390.0,1.8571428571428572,0.0
17134,425.0,17.708333333333332,15.9,31.8,7.5,102,4.25,12,1,2,21,21,5.45,9.95,1.25,1,2011-03-20 11:56:00,2011-08-25 09:53:00,107,157,212.5,51.0,10.5,0.0
17135,1139.73,21.917884615384615,15.600000000000001,85.0,4.5600000000000005,1224,23.53846153846154,96,1,7,34,35,5.040961538461539,85.0,0.19,1,2010-12-03 09:31:00,2011-11-23 16:48:00,16,355,162.81857142857143,174.85714285714286,4.857142857142857,0.0
17138,380.5,15.854166666666666,15.850000000000001,25.5,9.95,126,5.25,12,1,1,24,24,4.90625,12.75,0.85,1,2011-03-09 11:54:00,2011-03-09 11:54:00,276,0,380.5,126.0,24.0,0.0
17139,10668.47,22.31897489539749,17.0,165.0,6.8,5182,10.841004184100418,50,1,12,309,313,3.764456066945607,165.0,0.42,1,2011-02-24 09:32:00,2011-11-24 10:12:00,16,273,889.0391666666666,431.8333333333333,25.75,0.6
17140,465.32,23.266,8.075,180.0,0.95,302,15.1,144,1,1,16,16,2.5025,12.75,0.65,1,2011-04-06 13:33:00,2011-04-06 13:33:00,247,0,465.32,302.0,16.0,0.0
17142,579.0,38.6,19.799999999999997,195.0,16.5,81,5.4,12,1,1,15,15,19.186666666666667,195.0,1.65,1,2011-04-14 18:22:00,2011-04-14 18:22:00,239,0,579.0,81.0,15.0,0.0
17144,984.57,20.511875,16.5,99.0,5.04,483,10.0625,200,1,2,42,42,5.275833333333334,16.95,0.36,1,2011-09-16 12:50:00,2011-12-08 17:57:00,1,83,492.285,241.5,21.0,0.0
17146,749.78,21.422285714285714,16.35,170.0,6.6000000000000005,212,6.057142857142857,24,2,3,33,33,7.031142857142857,85.0,0.55,1,2010-12-16 12:20:00,2011-08-26 12:44:00,106,253,249.92666666666665,70.66666666666667,11.0,0.0
17147,1714.59,21.167777777777776,17.700000000000003,102.0,5.04,882,10.88888888888889,48,1,4,68,68,3.190987654320988,12.75,0.29,1,2011-02-01 09:36:00,2011-11-17 12:32:00,23,289,428.6475,220.5,17.0,0.6666666666666666
17148,124.88,13.875555555555556,15.0,19.799999999999997,8.5,82,9.11111111111111,12,6,1,9,9,1.62,2.95,0.85,1,2011-10-19 09:59:00,2011-10-19 09:59:00,52,0,124.88,82.0,9.0,0.0
17152,1689.5,120.67857142857143,43.275000000000006,558.0,2.1,517,36.92857142857143,120,1,3,9,9,3.482857142857143,5.95,0.55,1,2011-03-21 16:20:00,2011-05-29 12:19:00,195,68,563.1666666666666,172.33333333333334,3.0,0.5
17153,213.78,15.27,15.0,20.8,8.5,104,7.428571428571429,12,2,1,14,14,2.789285714285714,6.25,0.85,1,2011-11-15 13:42:00,2011-11-15 13:42:00,24,0,213.78,104.0,14.0,0.0
17154,329.34,14.319130434782608,15.0,25.5,4.5600000000000005,490,21.304347826086957,96,4,1,23,23,1.1069565217391304,4.25,0.12,1,2011-09-25 13:42:00,2011-09-25 13:42:00,75,0,329.34,490.0,23.0,0.0
17155,251.70000000000002,12.585,6.6000000000000005,69.6,1.26,242,12.1,48,1,2,19,19,2.568,9.95,0.12,1,2011-06-15 10:22:00,2011-11-22 12:38:00,18,160,125.85000000000001,121.0,9.5,0.0
17157,319.0,24.53846153846154,19.799999999999997,81.36,6.959999999999999,172,13.23076923076923,24,4,2,11,11,2.5461538461538464,5.95,0.29,1,2011-06-16 15:08:00,2011-12-02 09:10:00,8,168,159.5,86.0,5.5,0.6666666666666666
17158,1266.97,18.91,16.5,45.0,5.04,778,11.611940298507463,36,1,3,53,53,3.2455223880597015,12.75,0.42,1,2010-12-14 13:03:00,2011-11-07 15:15:00,32,328,422.3233333333333,259.3333333333333,17.666666666666668,0.0
17159,1538.88,15.236435643564358,15.0,41.6,2.88,1111,11.0,48,2,3,96,97,2.389108910891089,12.75,0.06,1,2011-06-21 09:49:00,2011-11-18 10:52:00,22,150,512.96,370.3333333333333,32.0,0.25
17160,3518.03,15.362576419213974,15.6,33.0,5.04,2856,12.471615720524017,48,1,6,111,113,1.6480349344978165,15.0,0.29,1,2011-04-12 12:00:00,2011-11-08 14:05:00,31,210,586.3383333333334,476.0,18.5,0.0
17162,1715.46,16.494807692307692,15.9,30.599999999999998,5.04,1001,9.625,25,1,10,81,82,3.83,12.75,0.42,1,2011-02-07 12:27:00,2011-11-11 11:34:00,29,276,171.546,100.1,8.1,0.09090909090909091
17163,293.1,58.620000000000005,59.400000000000006,102.0,29.700000000000003,66,13.2,24,6,2,3,3,4.529999999999999,4.95,4.25,1,2011-09-22 15:54:00,2011-11-18 08:57:00,22,56,146.55,33.0,1.5,0.0
17164,2467.35,17.134375,15.299999999999999,35.7,5.04,1501,10.42361111111111,24,1,7,92,92,2.4883333333333333,15.95,0.42,1,2011-03-11 14:26:00,2011-11-07 09:14:00,33,240,352.4785714285714,214.42857142857142,13.142857142857142,0.125
17165,158.68,15.868,15.45,19.9,10.08,100,10.0,24,2,1,10,10,3.0669999999999997,9.95,0.42,1,2011-02-28 16:39:00,2011-02-28 16:39:00,284,0,158.68,100.0,10.0,0.0
17166,206.34,17.195,14.375,56.25,6.8,78,6.5,15,2,2,11,11,3.115,6.95,0.85,1,2011-05-20 08:18:00,2011-11-01 09:46:00,39,165,103.17,39.0,5.5,0.6666666666666666
17169,835.78,15.477407407407407,15.299999999999999,30.0,5.04,526,9.74074074074074,36,2,2,51,51,2.830740740740741,8.95,0.29,1,2011-06-09 13:16:00,2011-10-13 10:25:00,58,125,417.89,263.0,25.5,1.5
17171,224.91,14.056875,11.55,39.599999999999994,5.04,185,11.5625,24,2,1,16,16,2.38,12.75,0.42,1,2011-02-23 16:37:00,2011-02-23 16:37:00,289,0,224.91,185.0,16.0,0.0
17172,317.76,21.184,18.72,46.8,9.36,480,32.0,72,12,1,15,15,0.8446666666666667,2.95,0.29,1,2011-09-22 09:36:00,2011-09-22 09:36:00,79,0,317.76,480.0,15.0,0.5
17173,3766.6,43.79767441860465,40.68,142.8,12.600000000000001,1122,13.046511627906977,36,6,8,36,36,3.7151162790697674,10.95,1.06,1,2011-07-31 15:26:00,2011-12-04 14:40:00,5,125,470.825,140.25,4.5,0.1111111111111111
17174,59.9,14.975,15.0,19.5,10.4,41,10.25,16,5,1,4,4,1.6625,2.1,0.65,1,2011-05-06 11:47:00,2011-05-06 11:47:00,218,0,59.9,41.0,4.0,0.0
17175,1443.69,22.915714285714287,17.700000000000003,95.2,10.08,866,13.746031746031745,112,1,4,42,42,4.0947619047619055,59.95,0.42,1,2011-02-16 14:56:00,2011-10-26 15:31:00,44,252,360.9225,216.5,10.5,0.2
17176,306.13,20.408666666666665,16.5,81.6,10.08,170,11.333333333333334,32,2,1,15,15,2.772666666666667,8.25,0.42,1,2011-05-22 12:41:00,2011-05-22 12:41:00,202,0,306.13,170.0,15.0,0.0
17179,711.79,8.897375,5.0,41.5,0.42,290,3.625,16,1,3,56,61,2.314375,9.95,0.39,1,2010-12-13 14:24:00,2011-06-14 16:48:00,178,183,237.26333333333332,96.66666666666667,18.666666666666668,0.0
17180,796.03,6.218984375,3.4799999999999995,30.0,0.55,683,5.3359375,48,1,4,91,91,1.8921875,12.75,0.29,1,2011-01-27 18:05:00,2011-10-14 15:46:00,56,259,199.0075,170.75,22.75,0.5
17181,239.92000000000002,10.431304347826087,2.95,79.2,1.25,241,10.478260869565217,144,1,2,23,23,3.039565217391304,9.95,0.55,1,2010-12-01 12:38:00,2011-10-13 14:48:00,57,316,119.96000000000001,120.5,11.5,0.0
17183,3347.31,45.85356164383562,25.200000000000003,180.0,5.04,1296,17.753424657534246,96,1,6,42,42,4.032465753424658,16.95,0.29,1,2011-08-26 15:25:00,2011-12-02 10:07:00,8,97,557.885,216.0,7.0,0.375
17186,144.0,72.0,72.0,72.0,72.0,200,100.0,100,100,2,1,1,0.72,0.72,0.72,1,2011-10-10 12:52:00,2011-10-24 10:20:00,47,13,72.0,100.0,0.5,0.0
17187,203.95,20.395,19.7,49.8,9.75,144,14.4,60,2,1,10,10,3.7649999999999997,9.95,0.42,1,2011-04-27 12:39:00,2011-04-27 12:39:00,227,0,203.95,144.0,10.0,0.0
17188,2474.23,29.455119047619046,17.55,175.2,5.04,1328,15.80952380952381,50,2,7,71,71,2.6591666666666667,10.95,0.29,1,2010-12-12 12:56:00,2011-11-28 13:53:00,11,351,353.4614285714286,189.71428571428572,10.142857142857142,0.5555555555555556
17189,384.40000000000003,6.301639344262296,4.95,31.8,0.29,227,3.721311475409836,12,1,2,52,52,2.3147540983606554,8.5,0.19,1,2010-12-15 17:28:00,2011-08-25 19:39:00,106,253,192.20000000000002,113.5,26.0,0.0
17190,444.74,23.40736842105263,8.32,195.0,0.85,161,8.473684210526315,50,1,2,19,19,12.313684210526317,195.0,0.42,1,2011-05-16 15:29:00,2011-10-12 11:33:00,59,148,222.37,80.5,9.5,0.3333333333333333
17191,2095.13,8.840210970464135,6.25,60.0,0.85,1167,4.924050632911392,72,1,7,163,164,2.56506329113924,16.95,0.19,1,2010-12-06 14:36:00,2011-11-11 16:58:00,28,340,299.30428571428575,166.71428571428572,23.285714285714285,0.0
17193,1699.3000000000002,53.103125000000006,49.800000000000004,140.4,6.64,1254,39.1875,216,4,7,17,18,2.4309375,4.25,0.42,1,2011-06-16 10:04:00,2011-11-04 12:47:00,36,141,242.7571428571429,179.14285714285714,2.4285714285714284,0.3333333333333333
17194,262.62,9.055862068965517,2.95,87.0,0.42,119,4.103448275862069,60,1,2,26,26,3.9117241379310346,20.0,0.21,1,2010-12-14 12:06:00,2011-03-11 12:05:00,274,86,131.31,59.5,13.0,0.0
17197,1013.01,34.93137931034483,19.9,119.39999999999999,13.9,191,6.586206896551724,12,2,1,29,29,5.508965517241379,9.95,1.25,1,2011-11-10 10:32:00,2011-11-10 10:32:00,30,0,1013.01,191.0,29.0,0.0
17198,692.22,7.210625,3.75,51.0,0.21,357,3.71875,36,1,3,89,89,2.8972916666666664,12.75,0.21,1,2010-12-03 14:54:00,2011-11-16 10:39:00,24,347,230.74,119.0,29.666666666666668,0.0
17201,342.63,8.56575,2.6950000000000003,52.199999999999996,0.39,268,6.7,60,1,1,38,38,1.9490000000000003,7.5,0.39,1,2011-10-17 11:55:00,2011-10-17 11:55:00,54,0,342.63,268.0,38.0,0.0
17203,3563.85,23.446381578947367,4.949999999999999,214.56,0.42,2850,18.75,144,1,6,116,116,1.7332236842105262,9.95,0.19,1,2011-10-10 14:37:00,2011-11-04 12:27:00,36,24,593.975,475.0,19.333333333333332,0.0
17204,1564.56,27.448421052631577,17.85,106.2,12.75,646,11.333333333333334,36,1,4,44,44,4.6410526315789475,16.95,0.55,1,2011-03-21 12:42:00,2011-06-17 14:46:00,175,88,391.14,161.5,11.0,1.1111111111111112
17205,384.08,29.544615384615383,31.200000000000003,72.0,10.0,884,68.0,200,8,1,13,13,0.5253846153846153,1.25,0.36,1,2011-10-17 12:46:00,2011-10-17 12:46:00,54,0,384.08,884.0,13.0,0.0
17206,204.24,29.177142857142858,24.96,45.0,15.0,76,10.857142857142858,12,4,1,7,7,2.7885714285714287,3.75,2.08,1,2011-10-17 13:25:00,2011-10-17 13:25:00,53,0,204.24,76.0,7.0,0.0
17211,2317.2200000000003,10.982085308056874,8.5,50.0,1.25,1323,6.270142180094787,48,1,8,150,153,3.2573933649289097,50.0,0.12,1,2010-12-05 12:44:00,2011-11-13 12:03:00,27,342,289.65250000000003,165.375,18.75,0.2222222222222222
17212,226.85,56.7125,52.8,117.3,3.95,147,36.75,48,5,1,4,4,1.385,2.55,0.79,1,2011-03-31 19:42:00,2011-03-31 19:42:00,253,0,226.85,147.0,4.0,0.0
17213,2781.23,17.71484076433121,16.5,39.95,6.6000000000000005,1176,7.490445859872612,36,1,7,85,86,4.155414012738853,39.95,0.39,1,2010-12-08 13:03:00,2011-10-30 14:53:00,40,326,397.31857142857143,168.0,12.142857142857142,0.6363636363636364
17214,1069.1200000000001,10.37980582524272,8.5,85.0,0.42,276,2.679611650485437,12,1,6,79,79,5.273495145631068,85.0,0.42,1,2010-12-15 15:14:00,2011-10-10 13:17:00,60,298,178.1866666666667,46.0,13.166666666666666,0.14285714285714285
17217,113.5,12.61111111111111,3.95,65.45,0.95,24,2.6666666666666665,11,1,1,9,9,3.716666666666667,7.95,0.95,1,2011-04-19 17:19:00,2011-04-19 17:19:00,234,0,113.5,24.0,9.0,0.0
17218,1960.72,7.155912408759124,4.949999999999999,42.5,0.42,958,3.4963503649635035,36,1,10,146,146,2.9099270072992702,14.95,0.39,1,2010-12-06 15:25:00,2011-12-05 13:52:00,4,363,196.072,95.8,14.6,0.0
17219,114.23,4.5692,3.75,15.0,0.85,89,3.56,12,1,1,24,24,1.8852000000000002,8.25,0.29,1,2011-11-08 11:25:00,2011-11-08 11:25:00,32,0,114.23,89.0,24.0,0.0
17220,3198.25,6.775953389830509,5.0,33.9,0.55,1905,4.036016949152542,50,1,14,303,307,2.460635593220339,16.95,0.21,1,2010-12-10 14:54:00,2011-11-15 13:47:00,24,339,228.44642857142858,136.07142857142858,21.642857142857142,0.0
17221,335.13,5.319523809523809,2.5,76.32000000000001,0.21,288,4.571428571428571,72,1,2,59,59,1.9444444444444444,12.5,0.06,1,2011-11-03 17:39:00,2011-12-02 13:35:00,7,28,167.565,144.0,29.5,0.0
17222,354.15,12.648214285714285,9.375,55.65,2.08,128,4.571428571428571,12,1,1,27,27,2.9910714285714284,7.95,0.42,1,2011-10-05 13:58:00,2011-10-05 13:58:00,65,0,354.15,128.0,27.0,0.0
17223,426.79,8.71,4.95,76.5,0.84,112,2.2857142857142856,8,1,2,43,43,4.364285714285714,35.0,0.42,1,2010-12-06 14:08:00,2011-02-02 15:57:00,310,58,213.395,56.0,21.5,0.0
17226,393.49,18.73761904761905,10.2,102.0,1.95,406,19.333333333333332,120,1,1,21,21,2.5752380952380953,12.75,0.14,1,2011-02-04 11:52:00,2011-02-04 11:52:00,309,0,393.49,406.0,21.0,0.0
17227,939.32,19.985531914893617,7.5,201.60000000000002,0.39,741,15.76595744680851,100,1,6,28,28,1.3721276595744683,7.95,0.04,1,2010-12-06 11:16:00,2011-11-21 10:51:00,19,349,156.55333333333334,123.5,4.666666666666667,0.0
17228,1906.09,9.16389423076923,7.5,49.92,1.6500000000000001,1532,7.365384615384615,72,1,8,140,145,1.7266346153846153,8.5,0.21,1,2010-12-02 16:00:00,2011-11-24 10:24:00,16,356,238.26125,191.5,17.5,0.0
17229,318.76,6.782127659574468,3.3,23.700000000000003,1.1,185,3.9361702127659575,12,1,2,39,39,2.008936170212766,9.95,0.29,1,2011-07-20 12:38:00,2011-09-04 13:56:00,96,46,159.38,92.5,19.5,0.0
17230,3638.41,52.73057971014492,31.9,175.2,0.95,1651,23.92753623188406,100,1,8,51,51,3.736521739130435,16.95,0.42,1,2010-12-15 11:22:00,2011-03-20 16:12:00,264,95,454.80125,206.375,6.375,0.36363636363636365
17231,3174.32,5.867504621072089,4.2,30.0,0.29,1742,3.21996303142329,72,1,10,292,295,2.7424584103512015,12.75,0.12,1,2010-12-13 14:16:00,2011-11-27 15:18:00,12,349,317.432,174.2,29.2,0.35714285714285715
17232,421.52,11.708888888888888,9.75,35.7,2.08,203,5.638888888888889,12,1,2,30,30,2.656388888888889,6.95,0.42,1,2011-11-25 12:24:00,2011-12-07 12:21:00,3,11,210.76,101.5,15.0,0.0
17233,190.88,7.6352,5.1,26.56,1.25,131,5.24,32,1,1,25,25,2.4748,12.5,0.39,1,2011-11-04 14:06:00,2011-11-04 14:06:00,35,0,190.88,131.0,25.0,0.0
17234,149.89000000000001,10.706428571428573,5.9,35.849999999999994,3.75,55,3.9285714285714284,12,1,1,14,14,3.697857142857143,11.95,0.42,1,2011-06-10 11:20:00,2011-06-10 11:20:00,183,0,149.89000000000001,55.0,14.0,0.0
17235,550.06,18.96758620689655,9.75,69.36,0.78,224,7.724137931034483,30,1,2,24,24,3.179310344827586,7.95,0.39,1,2010-12-02 13:38:00,2011-11-14 15:51:00,25,347,275.03,112.0,12.0,0.0
17236,916.13,8.725047619047618,4.35,47.6,0.42,474,4.514285714285714,48,1,6,88,88,2.6937142857142855,16.95,0.19,1,2010-12-12 11:49:00,2011-11-27 12:00:00,13,350,152.68833333333333,79.0,14.666666666666666,0.0
17237,314.69,16.562631578947368,9.9,90.0,1.45,105,5.526315789473684,24,1,2,18,18,3.2257894736842103,7.95,0.95,1,2011-11-17 12:55:00,2011-11-28 15:02:00,11,11,157.345,52.5,9.0,0.0
17238,3744.65,6.615989399293286,4.95,41.25,0.39,1822,3.2190812720848054,36,1,17,297,304,2.688268551236749,16.95,0.21,1,2010-12-03 15:05:00,2011-12-07 11:35:00,3,368,220.2735294117647,107.17647058823529,17.470588235294116,0.0
17239,382.5,25.5,19.9,70.80000000000001,6.6000000000000005,150,10.0,24,2,1,15,15,4.066666666666666,9.95,0.55,1,2011-01-31 09:41:00,2011-01-31 09:41:00,313,0,382.5,150.0,15.0,0.5
17242,1135.04,28.375999999999998,18.7,60.0,5.04,611,15.275,48,4,2,30,30,2.14775,4.15,0.42,1,2011-06-12 13:04:00,2011-08-23 14:55:00,108,72,567.52,305.5,15.0,0.0
17243,8676.85,21.692125,15.8,408.0,0.85,3370,8.425,96,1,26,180,183,4.198025,16.65,0.12,1,2010-12-05 10:03:00,2011-12-08 13:26:00,1,368,333.725,129.6153846153846,6.923076923076923,0.23333333333333334
17244,954.9,30.80322580645161,19.799999999999997,157.92000000000002,1.9,616,19.870967741935484,60,1,1,31,31,1.7067741935483869,4.25,0.29,1,2011-10-17 15:19:00,2011-10-17 15:19:00,53,0,954.9,616.0,31.0,0.0
17245,171.45,19.049999999999997,17.85,35.7,10.2,75,8.333333333333334,12,3,1,9,9,2.9055555555555554,5.95,0.85,1,2011-05-19 10:43:00,2011-05-19 10:43:00,205,0,171.45,75.0,9.0,0.0
17247,282.19,5.130727272727273,2.89,25.0,0.39,106,1.9272727272727272,20,1,1,53,53,3.282,16.95,0.39,1,2011-11-24 15:21:00,2011-11-24 15:21:00,15,0,282.19,106.0,53.0,0.0
17248,318.65,4.618115942028985,2.55,44.550000000000004,0.29,213,3.0869565217391304,48,1,1,68,68,1.905217391304348,5.95,0.29,1,2011-08-11 13:34:00,2011-08-11 13:34:00,120,0,318.65,213.0,68.0,0.0
17250,384.52,6.7459649122807015,3.9000000000000004,45.0,0.39,168,2.9473684210526314,25,1,2,55,55,3.0140350877192983,19.95,0.29,1,2011-03-23 16:45:00,2011-12-06 12:15:00,4,257,192.26,84.0,27.5,0.0
17251,283.28000000000003,7.263589743589744,5.9,18.75,1.7,110,2.8205128205128207,12,1,1,37,37,3.503589743589744,8.5,0.29,1,2010-12-12 11:06:00,2010-12-12 11:06:00,363,0,283.28000000000003,110.0,37.0,0.0
17252,353.86,4.067356321839081,2.95,15.0,0.38,193,2.218390804597701,12,1,2,86,86,2.7728735632183907,9.95,0.38,1,2011-06-06 16:41:00,2011-08-15 09:45:00,117,69,176.93,96.5,43.0,0.0
17253,178.26,9.903333333333332,9.925,17.85,0.95,43,2.388888888888889,7,1,1,18,18,5.614444444444445,15.95,0.95,1,2011-11-21 12:59:00,2011-11-21 12:59:00,18,0,178.26,43.0,18.0,0.0
17254,272.44,2.4325,1.65,23.400000000000002,0.21,252,2.25,36,1,2,100,100,1.5055357142857144,12.75,0.06,1,2011-11-24 14:09:00,2011-12-05 12:46:00,5,10,136.22,126.0,50.0,0.0
17255,298.41,3.825769230769231,2.95,25.44,0.42,232,2.9743589743589745,42,1,2,69,69,1.9242307692307692,9.95,0.29,1,2011-02-13 15:18:00,2011-10-30 12:18:00,41,258,149.205,116.0,34.5,0.0
17256,240.0,15.0,6.8,89.7,1.65,141,8.8125,46,1,2,12,12,2.448125,5.95,0.42,1,2011-01-31 14:53:00,2011-08-24 13:30:00,107,204,120.0,70.5,6.0,0.0
17259,603.37,4.865887096774194,2.95,31.6,0.42,410,3.306451612903226,30,1,2,104,104,2.3345967741935483,9.95,0.42,1,2010-12-06 12:55:00,2011-07-14 15:01:00,148,220,301.685,205.0,52.0,0.0
17262,1253.3600000000001,104.44666666666667,81.47999999999999,415.00000000000006,1.65,367,30.583333333333332,100,1,5,9,9,4.0275,7.95,0.85,1,2010-12-08 13:30:00,2011-10-18 12:56:00,52,313,250.67200000000003,73.4,1.8,0.0
17263,63.440000000000005,2.7582608695652175,2.5,6.75,0.42,36,1.565217391304348,4,1,1,23,23,2.011304347826087,6.75,0.42,1,2011-05-15 14:32:00,2011-05-15 14:32:00,208,0,63.440000000000005,36.0,23.0,0.0
17265,562.9,4.432283464566929,3.3,21.75,0.38,394,3.1023622047244093,20,1,2,106,106,2.3281889763779526,12.5,0.19,1,2011-06-12 12:00:00,2011-07-24 10:49:00,139,41,281.45,197.0,53.0,0.0
17266,310.64,3.883,2.55,19.9,0.29,161,2.0125,20,1,3,60,60,2.5951250000000003,9.95,0.29,1,2011-07-15 11:57:00,2011-12-07 14:12:00,2,145,103.54666666666667,53.666666666666664,20.0,0.0
17267,317.62,8.358421052631579,7.05,67.5,0.42,159,4.184210526315789,54,1,2,37,37,3.401315789473684,8.25,0.42,1,2011-08-04 17:19:00,2011-08-04 17:22:00,127,0,158.81,79.5,18.5,0.0
17268,763.64,127.27333333333333,138.24,299.52,15.0,844,140.66666666666666,288,12,4,3,3,1.0066666666666666,1.25,0.72,1,2011-04-08 13:20:00,2011-08-24 10:06:00,108,137,190.91,211.0,0.75,0.0
17272,2148.63,18.847631578947368,15.0,141.6,5.04,1778,15.596491228070175,72,2,4,70,71,1.8583333333333334,11.95,0.21,1,2011-03-22 12:05:00,2011-10-28 16:37:00,42,220,537.1575,444.5,17.5,0.4
17274,111.97999999999999,4.147407407407407,2.25,26.56,0.42,79,2.925925925925926,32,1,1,24,24,1.744074074074074,4.95,0.42,1,2011-11-04 13:16:00,2011-11-04 13:16:00,35,0,111.97999999999999,79.0,24.0,0.0
17277,1065.3500000000001,15.43985507246377,15.0,89.10000000000001,1.25,430,6.231884057971015,24,1,2,67,67,3.351594202898551,9.95,0.29,1,2011-01-21 12:37:00,2011-04-26 12:47:00,228,95,532.6750000000001,215.0,33.5,0.0
17278,246.04,16.402666666666665,17.4,39.95,5.04,179,11.933333333333334,25,1,1,15,15,4.753333333333334,39.95,0.42,1,2011-04-12 13:10:00,2011-04-12 13:10:00,241,0,246.04,179.0,15.0,0.0
17279,187.82999999999998,20.869999999999997,9.95,76.5,1.65,48,5.333333333333333,30,1,1,8,8,6.736666666666666,24.95,1.65,1,2011-10-13 11:58:00,2011-10-13 11:58:00,58,0,187.82999999999998,48.0,8.0,0.0
17282,1703.41,18.121382978723407,4.949999999999999,381.6,0.55,1877,19.96808510638298,360,1,3,79,79,2.3886170212765956,15.95,0.36,1,2011-02-13 11:36:00,2011-08-01 14:29:00,130,169,567.8033333333334,625.6666666666666,26.333333333333332,0.0
17284,1652.58,5.659520547945205,4.2,48.75,0.63,1364,4.671232876712328,36,1,6,229,230,1.6184246575342465,8.5,0.21,1,2011-01-07 14:31:00,2011-10-10 14:38:00,60,276,275.43,227.33333333333334,38.166666666666664,0.2857142857142857
17286,153.92,3.420444444444444,2.55,17.0,0.21,118,2.6222222222222222,20,1,1,44,44,1.8722222222222222,8.5,0.21,1,2011-11-18 12:47:00,2011-11-18 12:47:00,22,0,153.92,118.0,44.0,0.0
17287,1064.11,8.581532258064515,5.1,60.0,0.39,559,4.508064516129032,48,1,7,88,88,3.17258064516129,16.95,0.29,1,2010-12-02 12:22:00,2011-11-13 13:27:00,26,346,152.01571428571427,79.85714285714286,12.571428571428571,0.0
17288,1419.73,9.998098591549295,4.99,60.0,0.19,1203,8.471830985915492,72,1,7,118,118,2.674647887323944,19.95,0.19,1,2010-12-16 13:33:00,2011-11-30 16:09:00,9,349,202.81857142857143,171.85714285714286,16.857142857142858,0.0
17289,944.41,8.508198198198198,3.75,90.0,0.42,520,4.684684684684685,24,1,3,86,86,2.1884684684684688,12.5,0.29,1,2011-06-12 13:51:00,2011-11-08 12:01:00,32,148,314.80333333333334,173.33333333333334,28.666666666666668,0.25
17290,525.24,5.149411764705882,3.3499999999999996,30.0,0.39,404,3.9607843137254903,96,1,2,92,92,2.572941176470588,12.75,0.12,1,2011-11-23 15:53:00,2011-12-06 12:38:00,4,12,262.62,202.0,46.0,0.0
17291,550.8000000000001,550.8000000000001,550.8000000000001,550.8000000000001,550.8000000000001,72,72.0,72,72,1,1,1,7.65,7.65,7.65,1,2011-02-04 13:04:00,2011-02-04 13:04:00,308,0,550.8000000000001,72.0,1.0,0.0
17293,1875.1100000000001,13.889703703703704,9.9,75.0,0.62,1140,8.444444444444445,60,1,9,93,93,2.766074074074074,65.0,0.12,1,2010-12-13 14:55:00,2011-12-01 14:37:00,8,352,208.34555555555556,126.66666666666667,10.333333333333334,0.0
17295,556.95,8.071739130434784,7.470000000000001,30.0,1.45,294,4.260869565217392,36,1,3,53,53,2.9497101449275362,12.75,0.39,1,2011-10-06 12:22:00,2011-11-11 10:49:00,29,35,185.65,98.0,17.666666666666668,0.0
17297,131.78,2.583921568627451,1.65,9.95,0.19,67,1.3137254901960784,6,1,1,49,49,2.2054901960784314,9.95,0.19,1,2011-11-22 14:43:00,2011-11-22 14:43:00,17,0,131.78,67.0,49.0,0.0
17298,498.42,16.614,9.93,83.2,0.84,387,12.9,48,1,2,30,30,2.0803333333333334,7.95,0.19,1,2011-08-07 12:21:00,2011-08-30 16:43:00,101,23,249.21,193.5,15.0,0.0
17299,669.11,11.738771929824562,9.9,67.6,0.85,678,11.894736842105264,48,1,4,50,50,1.6266666666666667,5.45,0.29,1,2011-06-19 16:04:00,2011-11-28 12:01:00,12,161,167.2775,169.5,12.5,0.0
17301,197.63,2.994393939393939,2.1,13.52,0.29,149,2.257575757575758,12,1,1,59,59,1.910909090909091,10.4,0.19,1,2011-11-18 13:43:00,2011-11-18 13:43:00,21,0,197.63,149.0,59.0,0.0
17302,1135.63,14.375063291139242,14.850000000000001,90.0,0.39,575,7.2784810126582276,24,1,5,68,68,2.506582278481013,12.75,0.39,1,2011-02-07 10:14:00,2011-11-25 09:36:00,15,290,227.12600000000003,115.0,13.6,0.3333333333333333
17303,250.04,4.717735849056604,3.75,20.28,0.42,144,2.7169811320754715,25,1,1,53,53,2.940943396226415,16.95,0.3,1,2010-12-13 13:32:00,2010-12-13 13:32:00,361,0,250.04,144.0,53.0,0.0
17306,8631.31,130.77742424242425,105.6,324.0,19.92,11491,174.1060606060606,1296,8,19,13,14,1.558030303030303,3.75,0.25,1,2010-12-21 13:34:00,2011-11-29 12:14:00,11,342,454.2794736842105,604.7894736842105,0.6842105263157895,0.14285714285714285
17309,82.75,6.895833333333333,5.85,12.600000000000001,1.3,41,3.4166666666666665,12,1,1,11,11,2.9375,6.75,0.65,1,2011-09-05 15:20:00,2011-09-05 15:20:00,95,0,82.75,41.0,11.0,0.0
17311,1384.85,25.179090909090906,19.799999999999997,144.0,5.04,1005,18.272727272727273,200,2,2,55,55,3.0627272727272725,16.95,0.29,1,2011-01-27 10:56:00,2011-09-22 14:11:00,78,238,692.425,502.5,27.5,0.0
17312,644.3,46.021428571428565,16.35,244.79999999999998,0.85,372,26.571428571428573,120,1,3,11,11,2.305,7.95,0.42,1,2011-07-03 13:12:00,2011-07-24 11:52:00,139,20,214.76666666666665,124.0,3.6666666666666665,0.0
17313,2328.84,97.03500000000001,88.68,224.64000000000001,10.5,1402,58.416666666666664,108,24,1,24,24,2.1425,7.65,0.42,1,2011-11-08 15:45:00,2011-11-08 15:45:00,31,0,2328.84,1402.0,24.0,2.0
17314,2527.92,19.297099236641223,15.299999999999999,76.19999999999999,5.04,1896,14.473282442748092,192,2,8,120,120,2.458091603053435,12.5,0.29,1,2011-01-31 11:25:00,2011-11-15 09:41:00,25,287,315.99,237.0,15.0,0.45454545454545453
17315,6292.26,13.302875264270613,7.5,175.2,0.12,3888,8.219873150105709,432,1,38,256,257,2.75061310782241,16.95,0.12,1,2010-12-17 12:24:00,2011-12-08 12:15:00,2,355,165.58578947368423,102.3157894736842,6.7368421052631575,0.32558139534883723
17317,2600.34,288.9266666666667,306.0,622.5,38.160000000000004,1146,127.33333333333333,504,36,3,8,8,3.2244444444444444,8.25,1.06,1,2011-09-11 12:45:00,2011-10-24 17:19:00,46,43,866.7800000000001,382.0,2.6666666666666665,0.4
17320,1200.6200000000001,16.446849315068494,15.0,66.6,1.68,634,8.684931506849315,72,1,3,57,59,3.742191780821918,9.95,0.42,1,2010-12-06 15:38:00,2011-08-31 13:31:00,100,267,400.2066666666667,211.33333333333334,19.0,0.0
17321,700.86,6.550093457943925,3.9,41.25,0.85,373,3.485981308411215,36,1,2,94,94,2.766728971962617,14.95,0.21,1,2011-10-03 11:34:00,2011-12-01 13:41:00,8,59,350.43,186.5,47.0,0.0
17323,921.07,4.6053500000000005,4.03,20.8,0.55,776,3.88,12,1,7,125,127,1.4286500000000002,4.95,0.19,1,2011-02-20 14:38:00,2011-11-24 17:29:00,15,277,131.58142857142857,110.85714285714286,17.857142857142858,0.4444444444444444
17324,990.23,19.8046,10.5,139.2,0.95,844,16.88,96,1,4,43,43,2.7656,25.0,0.42,1,2010-12-08 12:45:00,2011-11-22 10:34:00,18,348,247.5575,211.0,10.75,0.0
17325,96.8,16.133333333333333,16.5,19.799999999999997,11.7,60,10.0,12,6,1,6,6,1.633333333333333,1.95,1.25,1,2011-03-04 13:09:00,2011-03-04 13:09:00,280,0,96.8,60.0,6.0,0.0
17329,523.11,15.851818181818182,8.850000000000001,68.58,1.25,142,4.303030303030303,18,1,2,29,30,4.12939393939394,8.25,1.25,1,2011-01-28 15:29:00,2011-11-25 14:24:00,14,300,261.555,71.0,14.5,0.0
17330,363.9,60.65,52.2,99.0,44.7,120,20.0,36,6,2,5,5,4.488333333333333,7.45,1.25,1,2011-10-03 11:26:00,2011-11-17 08:56:00,23,44,181.95,60.0,2.5,0.0
17331,175.2,175.2,175.2,175.2,175.2,16,16.0,16,16,1,1,1,10.95,10.95,10.95,1,2011-08-08 11:55:00,2011-08-08 11:55:00,124,0,175.2,16.0,1.0,0.0
17333,494.25,17.651785714285715,18.825,39.599999999999994,5.04,375,13.392857142857142,36,3,1,28,28,1.772142857142857,5.95,0.42,1,2011-09-15 10:11:00,2011-09-15 10:11:00,86,0,494.25,375.0,28.0,0.0
17334,307.02,27.91090909090909,25.200000000000003,70.2,5.04,315,28.636363636363637,108,12,2,11,11,1.3527272727272728,2.95,0.42,1,2011-02-04 09:03:00,2011-02-10 14:59:00,302,6,153.51,157.5,5.5,0.3333333333333333
17337,2027.8700000000001,3.7345672191528547,2.5,38.35,0.21,1269,2.3370165745856353,36,1,4,421,419,2.2972375690607736,12.75,0.12,1,2011-02-02 17:06:00,2011-07-11 14:55:00,151,158,506.96750000000003,317.25,105.25,0.7142857142857143
17338,6643.93,8.8232802124834,6.75,51.0,0.21,3128,4.154050464807437,42,1,8,389,389,2.779442231075697,14.95,0.12,1,2010-12-13 12:57:00,2011-11-22 14:23:00,17,344,830.49125,391.0,48.625,0.4
17339,243.36,27.040000000000003,15.0,82.80000000000001,13.919999999999998,152,16.88888888888889,48,4,2,9,9,2.9522222222222223,3.75,0.29,1,2010-12-09 14:44:00,2011-09-06 13:29:00,94,270,121.68,76.0,4.5,0.0
17340,12353.29,30.352063882063884,23.1,276.0,1.25,5967,14.660933660933662,144,1,11,229,235,3.148869778869779,39.95,0.12,1,2010-12-08 15:56:00,2011-11-10 10:45:00,30,336,1123.0263636363636,542.4545454545455,20.818181818181817,1.0625
17341,781.36,4.2697267759562845,2.1,51.0,0.29,489,2.6721311475409837,48,1,3,147,147,2.1207650273224044,9.95,0.29,1,2010-12-08 12:46:00,2011-07-06 12:33:00,157,209,260.4533333333333,163.0,49.0,0.0
17343,193.64,11.390588235294118,7.95,35.7,1.25,56,3.2941176470588234,12,1,1,17,17,4.70235294117647,16.95,0.29,1,2010-12-19 15:07:00,2010-12-19 15:07:00,355,0,193.64,56.0,17.0,0.0
17344,160.57,5.0178125,2.95,25.0,0.42,66,2.0625,12,1,1,31,31,2.8334375,12.5,0.42,1,2011-10-24 12:56:00,2011-10-24 12:56:00,46,0,160.57,66.0,31.0,0.0
17345,537.74,6.180919540229885,4.25,40.8,0.42,346,3.9770114942528734,48,1,4,70,70,2.7472413793103447,16.95,0.29,1,2011-05-27 12:26:00,2011-11-24 15:03:00,15,181,134.435,86.5,17.5,0.0
17346,2676.56,5.35312,3.75,45.760000000000005,0.12,1657,3.314,36,1,15,299,302,2.39966,16.95,0.12,1,2010-12-01 14:34:00,2011-12-06 12:18:00,4,369,178.43733333333333,110.46666666666667,19.933333333333334,0.1875
17347,228.96,228.96,228.96,228.96,228.96,216,216.0,216,216,1,1,1,1.06,1.06,1.06,1,2011-09-14 13:12:00,2011-09-14 13:12:00,86,0,228.96,216.0,1.0,0.0
17348,1159.52,5.393116279069767,2.95,39.599999999999994,0.21,1401,6.5162790697674415,80,1,5,180,180,1.6951627906976743,16.95,0.06,1,2011-02-15 10:49:00,2011-11-25 11:25:00,15,283,231.904,280.2,36.0,0.0
17349,110.75,12.305555555555555,10.5,42.5,1.25,112,12.444444444444445,50,1,1,8,8,3.0877777777777777,12.75,0.42,1,2011-06-13 14:29:00,2011-06-13 14:29:00,179,0,110.75,112.0,8.0,0.0
17350,1286.07,18.113661971830986,15.0,122.04,1.25,795,11.19718309859155,36,1,4,66,66,2.4407042253521127,12.5,0.19,1,2011-10-19 16:05:00,2011-12-01 15:47:00,8,42,321.5175,198.75,16.5,0.2
17351,587.15,21.746296296296297,14.850000000000001,135.0,0.95,113,4.185185185185185,24,1,3,22,22,5.725555555555555,9.95,0.19,1,2011-03-11 16:05:00,2011-11-03 18:45:00,36,237,195.71666666666667,37.666666666666664,7.333333333333333,0.0
17353,1740.0,217.5,217.5,217.5,217.5,1200,150.0,150,150,2,5,5,1.45,1.45,1.45,1,2011-07-08 16:17:00,2011-08-02 17:19:00,129,25,870.0,600.0,2.5,0.0
17354,1393.06,87.06625,83.1,222.0,6.64,1006,62.875,120,7,1,15,15,1.4068749999999999,4.15,0.19,1,2011-10-20 10:34:00,2011-10-20 10:34:00,51,0,1393.06,1006.0,15.0,0.0
17356,178.22,9.38,7.5,29.7,1.9,166,8.736842105263158,18,2,1,19,19,1.121578947368421,3.75,0.29,1,2011-02-01 11:07:00,2011-02-01 11:07:00,312,0,178.22,166.0,19.0,0.0
17357,388.14,8.625333333333334,4.2,75.46,0.39,153,3.4,24,1,2,41,41,3.4548888888888887,14.95,0.29,1,2011-11-15 16:29:00,2011-11-15 16:30:00,24,0,194.07,76.5,20.5,0.0
17358,365.85,6.200847457627119,5.0,17.700000000000003,0.85,202,3.4237288135593222,12,1,2,55,55,2.692372881355932,9.95,0.29,1,2010-12-19 14:16:00,2011-02-09 16:57:00,303,52,182.925,101.0,27.5,0.0
17359,127.86,8.524,4.16,25.5,0.42,161,10.733333333333333,60,1,1,13,13,2.104,9.95,0.39,1,2011-11-28 14:37:00,2011-11-28 14:37:00,11,0,127.86,161.0,13.0,0.0
17360,585.79,4.43780303030303,3.75,24.75,0.39,335,2.537878787878788,25,1,3,113,113,2.8299242424242426,12.75,0.21,1,2011-06-08 17:09:00,2011-11-22 13:11:00,17,166,195.26333333333332,111.66666666666667,37.666666666666664,0.0
17361,488.2,16.834482758620688,15.0,45.0,0.42,157,5.413793103448276,24,1,3,26,26,4.833793103448276,14.95,0.42,1,2011-02-21 09:55:00,2011-10-21 15:43:00,49,242,162.73333333333332,52.333333333333336,8.666666666666666,0.0
17362,312.23,8.920857142857143,7.25,35.95,1.26,191,5.457142857142857,16,1,2,30,30,2.991142857142857,35.95,0.42,1,2011-02-03 10:26:00,2011-04-14 14:43:00,239,70,156.115,95.5,15.0,0.0
17364,4481.18,10.903114355231144,7.8,69.36,0.21,2701,6.571776155717761,48,1,11,288,288,2.703065693430657,19.95,0.16,1,2011-01-12 16:57:00,2011-12-09 09:00:00,1,330,407.38000000000005,245.54545454545453,26.181818181818183,0.25
17365,4801.56,10.259743589743591,7.5,71.4,0.39,4777,10.207264957264957,120,1,8,278,278,1.9343803418803418,16.95,0.19,1,2011-01-11 12:11:00,2011-11-27 12:13:00,13,320,600.195,597.125,34.75,0.0
17367,168.4,4.952941176470588,3.35,17.4,0.85,150,4.411764705882353,36,1,1,33,33,1.8961764705882354,8.5,0.29,1,2011-04-15 14:21:00,2011-04-15 14:21:00,238,0,168.4,150.0,33.0,0.0
17368,1912.67,17.231261261261263,5.1,297.0,0.78,1391,12.531531531531531,120,1,8,93,93,2.488468468468468,12.75,0.21,1,2011-01-06 11:57:00,2011-11-16 15:26:00,23,314,239.08375,173.875,11.625,1.8888888888888888
17370,446.18,13.520606060606061,14.040000000000001,24.96,2.88,540,16.363636363636363,48,2,4,31,31,1.396969696969697,8.5,0.06,1,2011-06-23 11:50:00,2011-09-28 10:14:00,73,96,111.545,135.0,7.75,0.0
17371,423.89,4.872298850574713,2.1,47.7,0.39,152,1.7471264367816093,30,1,3,83,83,3.1804597701149424,12.75,0.39,1,2010-12-13 15:20:00,2011-11-22 13:30:00,17,343,141.29666666666665,50.666666666666664,27.666666666666668,0.0
17372,1342.68,5.30703557312253,3.75,35.400000000000006,0.84,749,2.960474308300395,36,1,8,215,215,2.326600790513834,12.75,0.19,1,2010-12-12 12:00:00,2011-10-30 11:37:00,41,321,167.835,93.625,26.875,0.0
17373,646.92,11.349473684210526,9.899999999999999,39.0,0.95,408,7.157894736842105,24,1,4,47,47,1.8789473684210525,7.95,0.55,1,2011-01-31 11:46:00,2011-10-30 15:28:00,40,272,161.73,102.0,11.75,0.0
17374,495.77,17.706071428571427,15.9,35.7,13.52,85,3.0357142857142856,12,2,2,24,24,7.0996428571428565,9.95,1.25,1,2011-03-03 12:53:00,2011-05-05 09:05:00,219,62,247.885,42.5,12.0,0.0
17375,400.1,5.798550724637681,5.04,21.25,0.55,367,5.318840579710145,36,1,3,63,63,2.7102898550724634,12.75,0.21,1,2010-12-13 15:16:00,2011-05-24 15:45:00,199,162,133.36666666666667,122.33333333333333,21.0,0.5
17376,203.2,8.466666666666667,7.5,23.4,1.25,86,3.5833333333333335,12,1,2,23,23,3.454166666666667,9.95,0.85,1,2011-02-01 14:12:00,2011-09-30 12:36:00,71,240,101.6,43.0,11.5,0.0
17377,4100.92,9.810813397129186,5.04,153.0,0.55,2076,4.966507177033493,36,1,20,190,191,2.604186602870813,9.95,0.29,1,2010-12-01 12:35:00,2011-11-16 11:17:00,24,349,205.046,103.8,9.5,0.047619047619047616
17379,404.66,4.875421686746988,3.3,23.1,0.42,663,7.9879518072289155,100,1,1,71,71,1.3718072289156626,5.45,0.04,1,2011-11-28 13:56:00,2011-11-28 13:56:00,11,0,404.66,663.0,71.0,0.0
17381,20275.61,186.01477064220185,146.16,1326.0,12.600000000000001,25649,235.3119266055046,1200,6,29,40,40,1.3353211009174313,8.5,0.12,1,2010-12-02 12:58:00,2011-12-01 11:59:00,9,363,699.1589655172414,884.448275862069,1.3793103448275863,0.03333333333333333
17382,65.4,32.7,32.7,50.400000000000006,15.0,25,12.5,24,1,1,2,2,8.55,15.0,2.1,1,2011-10-05 13:05:00,2011-10-05 13:05:00,65,0,65.4,25.0,2.0,0.0
17383,199.29,3.9076470588235295,2.55,21.8,0.42,150,2.9411764705882355,25,1,1,49,49,1.8564705882352943,5.45,0.29,1,2011-12-05 17:36:00,2011-12-05 17:36:00,4,0,199.29,150.0,49.0,0.0
17384,336.4,22.426666666666666,8.32,214.20000000000002,4.16,88,5.866666666666666,36,1,2,12,12,3.2493333333333334,6.25,1.25,1,2011-05-04 16:07:00,2011-11-20 15:48:00,19,199,168.2,44.0,6.0,0.0
17385,261.11,5.555531914893617,4.68,25.0,0.83,201,4.276595744680851,24,1,1,42,42,1.92,9.95,0.12,1,2011-11-25 11:02:00,2011-11-25 11:02:00,15,0,261.11,201.0,42.0,0.0
17386,2686.42,95.94357142857143,71.96000000000001,851.76,1.9,1902,67.92857142857143,504,2,6,23,23,1.6421428571428573,3.75,0.85,1,2011-06-27 12:11:00,2011-12-02 11:28:00,8,157,447.7366666666667,317.0,3.8333333333333335,0.0
17387,784.11,10.052692307692308,7.65,50.0,1.26,542,6.948717948717949,48,1,2,71,71,2.417692307692308,12.75,0.29,1,2011-11-06 11:25:00,2011-11-20 11:00:00,20,13,392.055,271.0,35.5,0.0
17388,1259.56,83.97066666666666,15.0,381.6,1.25,1068,71.2,360,1,4,13,13,4.6979999999999995,19.95,1.06,1,2011-02-25 12:28:00,2011-09-23 10:31:00,78,209,314.89,267.0,3.25,0.0
17389,31833.68,149.45389671361502,76.5,1051.1999999999998,3.84,7612,35.737089201877936,336,6,34,45,45,5.688826291079812,12.75,0.64,1,2011-01-12 15:48:00,2011-12-09 09:38:00,1,330,936.2847058823529,223.88235294117646,1.3235294117647058,0.2558139534883721
17391,508.8,169.6,203.52,203.52,101.76,480,160.0,192,96,2,2,2,1.06,1.06,1.06,1,2011-06-28 12:21:00,2011-06-29 09:58:00,164,0,254.4,240.0,1.0,0.0
17392,457.91,7.385645161290323,5.04,33.6,0.29,320,5.161290322580645,25,1,2,53,53,3.4179032258064517,26.95,0.29,1,2010-12-16 19:04:00,2011-02-06 12:48:00,307,51,228.955,160.0,26.5,0.0
17394,203.86999999999998,50.967499999999994,19.825,155.51999999999998,8.7,241,60.25,216,1,1,4,4,3.4425,9.95,0.72,1,2011-05-04 13:22:00,2011-05-04 13:22:00,219,0,203.86999999999998,241.0,4.0,0.0
17396,7330.8,271.5111111111111,185.0,1226.3999999999999,18.0,2005,74.25925925925925,144,1,8,24,24,4.416296296296296,18.0,1.25,1,2010-12-03 09:45:00,2011-10-31 14:12:00,39,332,916.35,250.625,3.0,0.0
17397,696.41,7.569673913043478,5.365,49.5,0.42,254,2.760869565217391,12,1,2,88,88,3.074782608695652,16.95,0.42,1,2011-11-17 13:58:00,2011-11-17 14:08:00,22,0,348.205,127.0,44.0,0.0
17398,653.38,17.19421052631579,15.0,43.8,6.64,310,8.157894736842104,24,1,3,30,30,4.841578947368421,12.75,0.29,1,2011-03-29 13:04:00,2011-08-17 09:48:00,115,140,217.79333333333332,103.33333333333333,10.0,0.0
17400,2129.96,9.99981220657277,8.3,60.0,0.39,1097,5.150234741784038,48,1,5,175,175,3.355680751173709,16.95,0.29,1,2010-12-21 17:16:00,2011-08-05 15:38:00,126,226,425.992,219.4,35.0,0.0
17402,2633.85,44.641525423728815,16.5,271.2,0.42,701,11.88135593220339,96,1,13,33,33,5.860169491525424,35.0,0.42,1,2010-12-05 13:53:00,2011-12-05 10:15:00,5,364,202.60384615384615,53.92307692307692,2.5384615384615383,0.0
17403,281.62,8.533939393939393,5.81,35.400000000000006,0.79,117,3.5454545454545454,12,1,1,32,32,3.1360606060606058,9.95,0.39,1,2011-11-03 15:18:00,2011-11-03 15:18:00,36,0,281.62,117.0,32.0,0.0
17404,31906.82,161.14555555555555,123.6,1188.0,9.0,32748,165.3939393939394,768,1,15,111,111,2.193939393939394,40.0,0.29,1,2010-12-14 13:28:00,2011-12-05 16:26:00,4,356,2127.1213333333335,2183.2,7.4,0.16666666666666666
17405,1031.41,12.578170731707319,14.850000000000001,53.1,2.34,726,8.853658536585366,25,1,3,77,77,3.1534146341463414,16.95,0.29,1,2011-07-12 14:17:00,2011-12-08 17:12:00,1,149,343.80333333333334,242.0,25.666666666666668,2.4
17406,2200.42,19.47274336283186,9.95,295.0,0.19,787,6.964601769911504,36,1,3,99,99,6.764955752212389,295.0,0.19,1,2010-12-08 10:35:00,2011-01-10 15:07:00,333,33,733.4733333333334,262.3333333333333,33.0,0.6
17408,32.65,16.325,16.325,19.9,12.75,3,1.5,2,1,1,2,2,11.35,12.75,9.95,1,2011-06-29 12:53:00,2011-06-29 12:53:00,163,0,32.65,3.0,2.0,0.0
17409,771.85,59.37307692307692,59.8,119.6,15.9,105,8.076923076923077,12,2,2,13,13,7.625384615384615,14.95,2.08,1,2011-04-05 16:42:00,2011-06-08 10:36:00,185,63,385.925,52.5,6.5,0.0
17410,1214.72,18.98,17.0,72.0,4.5600000000000005,616,9.625,100,1,5,57,58,3.48953125,16.95,0.19,1,2011-05-08 15:21:00,2011-11-23 15:46:00,16,199,242.94400000000002,123.2,11.4,0.0
17411,778.94,18.998536585365855,16.5,50.0,6.72,306,7.463414634146342,32,2,3,39,39,4.144146341463415,9.95,0.42,1,2011-03-23 13:44:00,2011-11-27 14:25:00,12,249,259.6466666666667,102.0,13.0,0.5
17412,1258.06,19.061515151515152,17.55,54.0,6.84,738,11.181818181818182,48,2,7,48,50,2.721060606060606,8.5,0.19,1,2010-12-02 16:29:00,2011-12-07 11:36:00,3,369,179.72285714285712,105.42857142857143,6.857142857142857,0.0
17414,778.0,129.66666666666666,97.2,390.0,6.4,2100,350.0,720,20,2,5,5,0.425,0.72,0.25,1,2011-06-08 11:43:00,2011-10-27 12:13:00,44,141,389.0,1050.0,2.5,0.0
17415,507.84,36.27428571428571,17.4,170.0,6.64,114,8.142857142857142,24,1,1,14,14,13.96642857142857,85.0,0.83,1,2011-09-21 12:50:00,2011-09-21 12:50:00,80,0,507.84,114.0,14.0,0.0
17416,6893.42,25.626096654275095,17.85,207.50000000000003,4.68,4302,15.992565055762082,100,2,7,186,187,2.3484758364312266,12.75,0.12,1,2011-03-03 13:45:00,2011-11-10 12:47:00,30,251,984.7742857142857,614.5714285714286,26.571428571428573,0.2222222222222222
17418,463.46000000000004,15.448666666666668,15.0,33.0,4.5600000000000005,289,9.633333333333333,24,2,2,29,29,2.941666666666667,8.25,0.19,1,2011-01-20 11:39:00,2011-10-28 13:00:00,42,281,231.73000000000002,144.5,14.5,0.0
17419,4226.57,20.517330097087378,17.0,85.0,4.68,1876,9.106796116504855,24,1,12,155,155,4.12121359223301,85.0,0.39,1,2010-12-07 15:03:00,2011-11-28 13:47:00,11,355,352.21416666666664,156.33333333333334,12.916666666666666,0.14285714285714285
17420,598.83,19.961000000000002,20.115000000000002,39.599999999999994,12.48,265,8.833333333333334,24,1,3,28,28,3.881333333333333,19.95,1.25,1,2010-12-01 09:56:00,2011-10-20 14:52:00,50,323,199.61,88.33333333333333,9.333333333333334,0.0
17422,1979.37,16.917692307692306,15.0,60.0,2.32,2253,19.256410256410255,144,3,6,93,93,1.4844444444444445,4.95,0.12,1,2011-02-16 14:44:00,2011-11-23 13:27:00,16,279,329.895,375.5,15.5,1.8
17423,698.41,26.861923076923077,17.700000000000003,102.0,10.2,459,17.653846153846153,96,2,2,26,26,2.2849999999999997,6.75,0.55,1,2011-05-06 09:14:00,2011-10-24 13:36:00,46,171,349.205,229.5,13.0,0.5
17425,759.17,17.655116279069766,16.5,70.2,7.9,407,9.465116279069768,36,2,2,42,42,2.670930232558139,8.25,0.55,1,2011-10-10 11:37:00,2011-11-20 15:30:00,19,41,379.585,203.5,21.0,0.0
17426,5037.26,18.58767527675277,15.0,239.70000000000002,5.04,3094,11.416974169741698,48,2,6,179,181,3.014686346863469,39.95,0.29,1,2011-03-02 16:34:00,2011-12-01 18:07:00,8,274,839.5433333333334,515.6666666666666,29.833333333333332,0.14285714285714285
17427,100.8,50.4,50.4,70.8,30.0,34,17.0,24,10,1,2,2,4.165,7.08,1.25,1,2011-09-29 11:29:00,2011-09-29 11:29:00,72,0,100.8,34.0,2.0,0.0
17428,17256.85,52.61234756097561,19.9,302.40000000000003,2.34,9474,28.884146341463413,216,1,28,252,258,3.572774390243903,49.95,0.12,1,2010-12-06 09:37:00,2011-12-09 09:45:00,1,368,616.3160714285714,338.35714285714283,9.0,0.45454545454545453
17429,524.9200000000001,13.459487179487182,12.16,35.400000000000006,2.2800000000000002,624,16.0,64,2,3,36,36,2.086153846153846,8.5,0.12,1,2011-05-05 09:53:00,2011-08-03 13:22:00,128,90,174.97333333333336,208.0,12.0,0.75
17430,265.76,18.982857142857142,17.700000000000003,39.0,4.5600000000000005,190,13.571428571428571,36,4,2,14,14,1.997857142857143,5.95,0.19,1,2010-12-09 13:05:00,2011-11-07 09:24:00,33,332,132.88,95.0,7.0,0.0
17431,403.3,9.37906976744186,5.95,34.8,0.42,292,6.790697674418604,36,1,1,41,41,1.9611627906976743,7.65,0.29,1,2011-01-30 14:36:00,2011-01-30 14:36:00,313,0,403.3,292.0,41.0,0.0
17432,365.76,7.62,4.555,31.6,1.25,207,4.3125,24,1,2,44,45,2.5272916666666667,8.25,0.83,1,2011-11-02 17:30:00,2011-11-21 17:33:00,18,19,182.88,103.5,22.0,0.0
17433,303.15999999999997,5.6140740740740736,4.95,15.0,0.65,185,3.425925925925926,12,1,1,53,53,2.4059259259259256,9.95,0.39,1,2011-09-12 14:24:00,2011-09-12 14:24:00,88,0,303.15999999999997,185.0,53.0,0.0
17434,2373.82,17.715074626865672,15.0,83.4,4.15,1693,12.634328358208956,64,1,7,100,100,2.741044776119403,14.95,0.19,1,2011-09-15 13:54:00,2011-12-07 13:16:00,2,82,339.1171428571429,241.85714285714286,14.285714285714286,0.4444444444444444
17436,216.29999999999998,24.03333333333333,17.4,45.9,15.299999999999999,90,10.0,18,6,2,7,7,2.4277777777777776,2.55,1.45,1,2011-04-27 11:33:00,2011-12-08 12:30:00,2,225,108.14999999999999,45.0,3.5,0.0
17438,388.45000000000005,22.85,19.9,35.7,14.75,103,6.0588235294117645,12,2,1,17,17,5.238235294117647,10.95,1.25,1,2011-03-31 10:26:00,2011-03-31 10:26:00,254,0,388.45000000000005,103.0,17.0,1.0
17440,186.42000000000002,37.284000000000006,30.599999999999998,102.0,7.0200000000000005,246,49.2,120,18,3,3,3,0.678,0.85,0.39,1,2011-04-06 12:05:00,2011-07-06 11:54:00,157,90,62.14000000000001,82.0,1.0,0.6
17442,2248.56,16.656,15.0,49.800000000000004,5.04,1496,11.08148148148148,48,2,6,96,98,2.5273333333333334,15.95,0.29,1,2011-02-22 13:02:00,2011-11-03 09:17:00,37,253,374.76,249.33333333333334,16.0,0.5
17443,534.24,534.24,534.24,534.24,534.24,504,504.0,504,504,1,1,1,1.06,1.06,1.06,1,2011-05-04 10:47:00,2011-05-04 10:47:00,220,0,534.24,504.0,1.0,0.0
17444,2940.04,21.778074074074073,16.5,550.94,2.5,2119,15.696296296296296,288,1,3,132,131,6.547407407407408,550.94,0.1,1,2011-06-20 09:04:00,2011-07-15 12:05:00,148,25,980.0133333333333,706.3333333333334,44.0,0.0
17446,120.9,13.433333333333334,13.200000000000001,15.299999999999999,13.200000000000001,198,22.0,24,6,2,6,6,0.7722222222222223,2.55,0.55,1,2011-02-02 14:40:00,2011-06-16 10:42:00,177,133,60.45,99.0,3.0,0.0
17447,541.53,15.042499999999999,12.48,40.56,5.04,443,12.305555555555555,24,2,2,33,33,1.6922222222222223,7.5,0.42,1,2011-09-29 10:10:00,2011-10-30 14:18:00,40,31,270.765,221.5,16.5,0.0
17449,2520.86,9.10057761732852,7.95,30.0,0.29,1122,4.050541516245487,25,1,7,178,178,3.4911552346570396,16.65,0.12,1,2010-12-15 10:57:00,2011-12-07 16:56:00,2,357,360.1228571428572,160.28571428571428,25.428571428571427,0.25
17450,194550.79,577.3020474777448,288.0,7144.719999999999,6.84,69993,207.69436201780417,1944,4,46,124,125,3.392640949554896,12.98,0.72,1,2010-12-07 09:23:00,2011-12-01 13:29:00,8,359,4229.365,1521.5869565217392,2.6956521739130435,0.2545454545454545
17451,1721.4,17.214000000000002,16.5,45.0,2.5,1203,12.03,48,2,7,83,84,2.2744,9.95,0.1,1,2011-08-26 11:54:00,2011-12-08 15:02:00,1,104,245.91428571428574,171.85714285714286,11.857142857142858,0.7
17453,486.71999999999997,25.616842105263157,16.5,61.199999999999996,8.7,219,11.526315789473685,24,1,2,19,19,3.4231578947368417,12.75,0.79,1,2011-10-06 17:02:00,2011-11-22 09:42:00,18,46,243.35999999999999,109.5,9.5,0.0
17454,517.53,8.484098360655738,5.75,39.8,0.29,243,3.9836065573770494,12,1,4,57,57,2.6434426229508197,9.95,0.29,1,2010-12-15 10:54:00,2011-05-31 13:58:00,192,167,129.3825,60.75,14.25,0.0
17455,131.7,16.4625,16.5,19.9,11.6,66,8.25,10,2,1,8,8,2.825,9.95,1.45,1,2011-05-20 12:31:00,2011-05-20 12:31:00,204,0,131.7,66.0,8.0,0.0
17456,249.86,14.69764705882353,13.52,35.400000000000006,6.8,222,13.058823529411764,36,4,1,17,17,1.5076470588235293,3.75,0.42,1,2010-12-09 15:23:00,2010-12-09 15:23:00,365,0,249.86,222.0,17.0,0.0
17457,1737.7,91.4578947368421,68.58,367.2,6.72,826,43.473684210526315,144,1,5,14,14,3.221052631578947,12.75,0.42,1,2011-01-04 14:33:00,2011-08-05 12:48:00,127,212,347.54,165.2,2.8,0.0
17458,316.5,5.861111111111111,4.3,17.700000000000003,1.25,170,3.1481481481481484,12,1,1,52,52,2.4331481481481485,8.25,0.14,1,2011-11-24 13:01:00,2011-11-24 13:01:00,15,0,316.5,170.0,52.0,0.0
17459,657.3,5.921621621621621,3.75,30.24,0.39,537,4.837837837837838,72,1,2,88,88,1.9172072072072073,12.5,0.19,1,2011-10-10 17:00:00,2011-10-27 13:25:00,43,16,328.65,268.5,44.0,0.0
17460,622.4300000000001,21.463103448275863,19.799999999999997,50.400000000000006,10.2,236,8.137931034482758,25,1,6,18,18,4.310689655172414,12.75,0.42,1,2010-12-01 16:24:00,2011-09-06 15:04:00,94,278,103.73833333333334,39.333333333333336,3.0,1.0
17461,757.46,6.823963963963965,5.25,29.700000000000003,0.42,799,7.198198198198198,50,1,3,104,104,2.4001801801801803,14.95,0.12,1,2011-11-10 12:01:00,2011-11-17 10:21:00,23,6,252.48666666666668,266.3333333333333,34.666666666666664,0.0
17462,675.69,25.025555555555556,17.0,102.0,9.48,227,8.407407407407407,24,1,2,25,25,3.8862962962962966,12.75,0.79,1,2011-02-28 17:01:00,2011-10-10 13:56:00,60,223,337.845,113.5,12.5,0.3333333333333333
17463,1896.41,8.820511627906978,6.6,35.7,0.85,1095,5.093023255813954,25,1,5,162,165,2.794604651162791,16.65,0.29,1,2011-01-30 15:48:00,2011-11-23 13:40:00,16,296,379.28200000000004,219.0,32.4,0.6666666666666666
17464,289.96000000000004,32.21777777777778,19.799999999999997,71.4,2.8499999999999996,220,24.444444444444443,144,3,1,9,9,2.7211111111111115,5.95,0.29,1,2011-07-04 13:19:00,2011-07-04 13:19:00,158,0,289.96000000000004,220.0,9.0,0.0
17466,763.28,18.61658536585366,17.0,38.25,5.04,306,7.463414634146342,24,1,2,41,41,4.690975609756098,24.95,0.42,1,2011-09-22 09:16:00,2011-11-29 13:15:00,10,68,381.64,153.0,20.5,0.0
17468,137.0,27.4,30.0,30.0,17.0,116,23.2,24,20,2,5,5,1.17,1.25,0.85,1,2011-11-25 12:52:00,2011-11-29 15:33:00,10,4,68.5,58.0,2.5,0.0
17469,1870.97,21.261022727272728,20.8,49.5,9.9,787,8.943181818181818,24,2,5,61,63,3.0990909090909096,9.95,0.82,1,2011-05-19 08:55:00,2011-11-23 13:15:00,16,188,374.194,157.4,12.2,0.3333333333333333
17470,1125.07,14.423974358974359,14.040000000000001,47.7,2.88,1675,21.474358974358974,96,3,5,67,67,1.2026923076923077,7.95,0.12,1,2010-12-07 09:57:00,2011-10-26 12:42:00,45,323,225.01399999999998,335.0,13.4,0.0
17472,710.29,3.9242541436464085,2.5,20.4,0.29,462,2.552486187845304,24,1,3,142,142,2.055303867403315,8.5,0.25,1,2011-02-13 14:40:00,2011-06-01 14:57:00,191,108,236.76333333333332,154.0,47.333333333333336,0.0
17475,194.37,13.883571428571429,11.55,26.099999999999998,5.04,178,12.714285714285714,25,3,1,14,14,1.7764285714285715,4.95,0.42,1,2011-09-21 14:55:00,2011-09-21 14:55:00,79,0,194.37,178.0,14.0,0.0
17480,511.82,17.64896551724138,15.0,39.599999999999994,9.959999999999999,338,11.655172413793103,24,4,1,29,29,1.8,4.25,0.42,1,2011-09-23 11:39:00,2011-09-23 11:39:00,78,0,511.82,338.0,29.0,1.0
17481,1255.59,15.312073170731706,15.299999999999999,46.8,4.68,1061,12.939024390243903,96,1,4,69,69,2.549390243902439,9.95,0.19,1,2011-09-07 09:57:00,2011-12-06 12:28:00,4,90,313.8975,265.25,17.25,0.2
17483,414.04,19.716190476190476,17.34,39.6,10.2,191,9.095238095238095,25,2,3,18,18,3.264761904761905,8.25,0.42,1,2011-06-09 19:40:00,2011-10-05 13:10:00,65,117,138.01333333333335,63.666666666666664,6.0,0.0
17486,396.87,16.53625,17.55,25.200000000000003,5.04,191,7.958333333333333,12,2,1,24,24,2.89625,9.95,0.42,1,2011-03-23 14:00:00,2011-03-23 14:00:00,261,0,396.87,191.0,24.0,0.0
17489,376.64,12.987586206896552,10.4,30.0,5.04,428,14.758620689655173,36,4,2,28,28,1.076896551724138,3.75,0.42,1,2011-05-11 11:34:00,2011-10-12 08:56:00,59,153,188.32,214.0,14.0,0.0
17490,2092.32,27.530526315789476,17.0,131.39999999999998,1.65,1134,14.921052631578947,96,1,7,63,63,3.0061842105263157,10.95,0.39,1,2011-06-16 09:15:00,2011-12-09 09:08:00,1,175,298.90285714285716,162.0,9.0,0.9090909090909091
17491,3558.87,32.65018348623853,24.96,152.64000000000001,6.8,2013,18.46788990825688,144,2,10,72,76,3.312935779816514,16.95,0.42,1,2010-12-07 12:18:00,2011-12-08 16:18:00,1,366,355.887,201.3,7.2,0.09090909090909091
17492,374.57,31.214166666666667,33.0,67.5,10.2,155,12.916666666666666,24,3,1,12,12,3.5233333333333334,12.75,0.65,1,2011-04-05 15:21:00,2011-04-05 15:21:00,248,0,374.57,155.0,12.0,0.0
17495,497.56,18.42814814814815,15.9,35.400000000000006,9.959999999999999,229,8.481481481481481,24,1,2,21,21,3.68,12.5,0.83,1,2011-11-01 12:06:00,2011-12-02 12:08:00,8,31,248.78,114.5,10.5,0.0
17496,271.05,27.105,29.700000000000003,37.2,9.0,79,7.9,12,1,1,10,10,5.165,19.95,0.75,1,2010-12-16 08:39:00,2010-12-16 08:39:00,359,0,271.05,79.0,10.0,0.0
17498,272.22,16.01294117647059,17.0,29.700000000000003,6.959999999999999,394,23.176470588235293,96,4,1,17,17,2.0194117647058825,4.95,0.19,1,2011-09-25 12:25:00,2011-09-25 12:25:00,76,0,272.22,394.0,17.0,0.0
17499,622.88,15.572,12.600000000000001,40.8,5.04,711,17.775,48,2,1,40,40,1.73825,9.95,0.21,1,2011-02-23 09:14:00,2011-02-23 09:14:00,290,0,622.88,711.0,40.0,0.0
17500,1138.0,227.6,255.0,510.0,16.5,17,3.4,6,2,3,3,3,54.3,85.0,8.25,1,2011-11-10 09:08:00,2011-11-22 14:25:00,17,12,379.3333333333333,5.666666666666667,1.0,0.0
17501,288.6,16.033333333333335,15.0,25.5,9.9,160,8.88888888888889,24,1,2,18,18,3.4944444444444445,12.75,0.55,1,2011-05-03 09:46:00,2011-05-03 09:47:00,221,0,144.3,80.0,9.0,0.0
17502,689.1,24.610714285714288,24.45,40.56,10.2,376,13.428571428571429,48,2,4,25,25,2.8096428571428573,12.75,0.63,1,2011-11-10 16:39:00,2011-11-30 13:13:00,9,19,172.275,94.0,6.25,0.0
17503,558.96,14.709473684210527,15.0,53.1,4.5600000000000005,486,12.789473684210526,35,2,2,36,36,2.3276315789473685,9.95,0.19,1,2011-11-01 11:12:00,2011-12-07 09:18:00,3,35,279.48,243.0,18.0,0.0
17504,2997.0299999999997,23.598661417322834,17.4,122.39999999999999,4.95,1664,13.10236220472441,80,1,9,112,112,3.409527559055118,16.95,0.29,1,2011-01-21 11:09:00,2011-05-17 12:59:00,206,116,333.00333333333333,184.88888888888889,12.444444444444445,1.3
17505,1145.84,22.035384615384615,19.799999999999997,68.0,5.04,556,10.692307692307692,24,2,2,48,48,2.9532692307692305,12.75,0.42,1,2011-05-18 09:01:00,2011-07-01 12:50:00,162,44,572.92,278.0,24.0,0.0
17506,302.2,21.585714285714285,23.75,31.6,10.5,139,9.928571428571429,25,4,1,14,14,3.6342857142857143,6.25,0.42,1,2011-09-25 11:39:00,2011-09-25 11:39:00,76,0,302.2,139.0,14.0,1.0
17507,605.58,6.881590909090909,5.9,23.4,1.25,359,4.079545454545454,25,1,2,79,79,2.6617045454545454,10.95,0.55,1,2011-02-03 18:08:00,2011-03-23 11:48:00,262,47,302.79,179.5,39.5,0.0
17508,387.31,17.605,15.0,44.25,3.3600000000000003,289,13.136363636363637,24,4,1,22,22,1.622272727272727,3.75,0.14,1,2011-03-04 08:10:00,2011-03-04 08:10:00,281,0,387.31,289.0,22.0,0.0
17509,6115.14,16.708032786885248,15.0,30.0,6.64,3534,9.655737704918034,24,3,8,75,75,2.259207650273224,5.95,0.55,1,2011-10-07 13:14:00,2011-10-13 10:26:00,58,5,764.3925,441.75,9.375,0.2727272727272727
17510,308.48,15.424000000000001,15.0,25.5,5.04,214,10.7,24,2,1,20,20,2.211,12.75,0.42,1,2011-11-15 10:00:00,2011-11-15 10:00:00,25,0,308.48,214.0,20.0,0.0
17511,91062.38,94.5611422637591,75.60000000000001,745.0,1.17,64549,67.02907580477674,600,1,31,453,465,2.3066251298027,16.95,0.1,1,2010-12-01 10:19:00,2011-12-07 10:12:00,3,370,2937.496129032258,2082.2258064516127,14.612903225806452,2.4565217391304346
17512,2924.9900000000002,27.85704761904762,17.700000000000003,138.24,7.800000000000001,2753,26.21904761904762,192,2,10,61,61,1.9543809523809526,8.25,0.55,1,2011-02-11 12:22:00,2011-11-11 12:11:00,29,272,292.499,275.3,6.1,0.09090909090909091
17513,513.2,85.53333333333335,70.19999999999999,199.20000000000002,30.0,254,42.333333333333336,100,10,1,6,6,2.77,7.08,1.04,1,2011-09-28 16:42:00,2011-09-28 16:42:00,72,0,513.2,254.0,6.0,0.0
17514,208.65,5.2162500000000005,4.205,16.6,1.26,135,3.375,12,1,1,40,40,2.228,8.5,0.19,1,2011-08-03 15:45:00,2011-08-03 15:45:00,128,0,208.65,135.0,40.0,0.0
17515,639.02,7.345057471264368,6.25,25.5,1.69,243,2.793103448275862,7,1,4,49,49,3.7408045977011493,14.95,0.83,1,2011-01-25 14:33:00,2011-11-08 14:04:00,31,286,159.755,60.75,12.25,0.0
17516,768.08,5.606423357664234,4.15,20.650000000000002,0.55,416,3.0364963503649633,48,1,5,113,113,2.759124087591241,19.95,0.21,1,2011-02-27 12:41:00,2011-11-24 16:51:00,15,270,153.616,83.2,22.6,0.0
17517,153.94,13.994545454545454,13.6,25.5,5.04,102,9.272727272727273,16,2,1,11,11,2.5381818181818185,12.75,0.42,1,2011-02-04 11:48:00,2011-02-04 11:48:00,309,0,153.94,102.0,11.0,0.0
17519,1844.02,22.488048780487805,17.0,89.10000000000001,4.25,1236,15.073170731707316,96,1,6,60,60,3.1192682926829267,9.95,0.42,1,2010-12-06 15:18:00,2011-11-22 16:43:00,17,351,307.33666666666664,206.0,10.0,0.14285714285714285
17520,546.81,18.226999999999997,17.55,34.0,4.5600000000000005,365,12.166666666666666,48,2,1,30,30,3.2976666666666663,15.95,0.19,1,2011-10-17 12:04:00,2011-10-17 12:04:00,54,0,546.81,365.0,30.0,0.0
17521,723.2099999999999,16.07133333333333,15.0,39.599999999999994,5.04,519,11.533333333333333,48,2,3,38,38,1.9406666666666665,9.95,0.39,1,2011-05-24 15:14:00,2011-11-10 11:22:00,30,169,241.06999999999996,173.0,12.666666666666666,0.25
17522,1070.71,14.667260273972603,10.2,93.6,0.65,1034,14.164383561643836,48,1,5,59,59,1.9445205479452052,12.75,0.12,1,2011-05-05 16:31:00,2011-12-08 12:31:00,2,216,214.142,206.8,11.8,0.0
17523,652.74,19.78,8.850000000000001,217.5,1.25,872,26.424242424242426,288,1,4,25,25,3.128181818181818,16.95,0.12,1,2011-11-20 13:40:00,2011-11-28 13:20:00,11,7,163.185,218.0,6.25,0.0
17524,145.0,24.166666666666668,24.225,37.800000000000004,8.25,90,15.0,20,5,1,6,6,1.5916666666666668,2.1,1.25,1,2010-12-13 14:32:00,2010-12-13 14:32:00,361,0,145.0,90.0,6.0,0.0
17525,422.70000000000005,46.96666666666667,31.8,102.0,22.5,82,9.11111111111111,24,4,1,9,9,6.005555555555556,7.95,3.75,1,2010-12-15 12:05:00,2010-12-15 12:05:00,360,0,422.70000000000005,82.0,9.0,0.0
17526,1195.8999999999999,62.942105263157885,29.9,262.79999999999995,10.5,310,16.31578947368421,48,2,4,17,17,5.22578947368421,14.95,0.42,1,2010-12-09 12:20:00,2011-12-05 11:05:00,5,360,298.97499999999997,77.5,4.25,0.5
17527,939.37,19.98659574468085,15.600000000000001,63.75,6.2,488,10.382978723404255,25,2,4,45,45,3.408936170212766,12.75,0.42,1,2011-05-05 13:43:00,2011-10-17 12:32:00,54,164,234.8425,122.0,11.25,0.3333333333333333
17528,3628.5,14.34189723320158,13.5,101.69999999999999,0.39,2138,8.450592885375494,48,1,8,183,183,3.161818181818182,24.95,0.12,1,2011-09-29 13:04:00,2011-12-08 13:27:00,1,70,453.5625,267.25,22.875,0.6363636363636364
17530,2385.0,6.053299492385787,4.2,39.8,0.55,1526,3.8730964467005076,72,1,10,306,308,2.3262690355329947,35.95,0.36,1,2010-12-09 20:01:00,2011-12-08 18:42:00,1,363,238.5,152.6,30.6,0.0
17531,296.7,21.192857142857143,18.6,39.6,10.5,136,9.714285714285714,25,2,1,14,14,4.1242857142857146,7.95,0.42,1,2011-06-02 19:17:00,2011-06-02 19:17:00,190,0,296.7,136.0,14.0,0.5
17534,223.36,24.817777777777778,24.96,39.6,10.5,103,11.444444444444445,25,6,1,9,9,2.677777777777778,4.95,0.42,1,2011-10-17 12:47:00,2011-10-17 12:47:00,54,0,223.36,103.0,9.0,0.0
17535,164.4,12.646153846153847,12.5,17.700000000000003,10.2,136,10.461538461538462,16,4,1,13,13,1.473076923076923,3.75,0.65,1,2011-03-04 15:20:00,2011-03-04 15:20:00,280,0,164.4,136.0,13.0,0.0
17536,76.5,25.5,25.5,25.5,25.5,6,2.0,2,2,1,3,3,12.75,12.75,12.75,1,2011-06-15 13:23:00,2011-06-15 13:23:00,177,0,76.5,6.0,3.0,0.0
17537,897.62,11.968266666666667,7.800000000000001,40.8,0.18,700,9.333333333333334,48,1,2,74,74,2.6604,9.95,0.18,1,2011-02-09 13:37:00,2011-11-10 10:56:00,30,273,448.81,350.0,37.0,0.0
17538,98.42,10.935555555555556,10.2,16.6,5.76,134,14.88888888888889,48,4,1,9,9,1.1933333333333334,4.15,0.12,1,2011-11-14 12:12:00,2011-11-14 12:12:00,26,0,98.42,134.0,9.0,0.0
17540,578.9,23.156,17.700000000000003,59.400000000000006,12.600000000000001,194,7.76,12,3,2,20,20,3.534,8.5,1.25,1,2011-01-27 14:35:00,2011-11-15 11:56:00,25,291,289.45,97.0,10.0,0.3333333333333333
17542,170.75,6.83,2.55,26.4,0.55,134,5.36,25,1,1,24,24,2.5839999999999996,10.75,0.1,1,2011-03-15 11:45:00,2011-03-15 11:45:00,270,0,170.75,134.0,24.0,0.0
17545,645.96,4.454896551724138,2.5,102.0,0.3,341,2.3517241379310345,36,1,3,122,122,2.4860689655172417,12.75,0.06,1,2011-10-27 13:48:00,2011-10-27 14:04:00,43,0,215.32000000000002,113.66666666666667,40.666666666666664,0.0
17548,103.3,20.66,16.5,30.0,16.5,58,11.6,24,4,1,5,5,2.43,5.95,1.25,1,2011-04-20 12:01:00,2011-04-20 12:01:00,234,0,103.3,58.0,5.0,4.0
17549,148.86,24.810000000000002,23.4,47.7,6.959999999999999,210,35.0,72,6,2,5,5,1.7666666666666666,7.95,0.29,1,2011-10-19 10:05:00,2011-11-16 09:59:00,24,27,74.43,105.0,2.5,0.0
17550,267.16,6.360952380952382,3.825,59.8,0.85,86,2.0476190476190474,4,1,3,42,42,2.978095238095238,14.95,0.42,1,2011-04-10 15:19:00,2011-05-26 14:09:00,197,45,89.05333333333334,28.666666666666668,14.0,0.0
17551,306.84,7.1358139534883716,5.1,30.0,1.25,150,3.488372093023256,24,1,1,39,39,2.5411627906976744,8.5,0.42,1,2010-12-15 14:12:00,2010-12-15 14:12:00,359,0,306.84,150.0,39.0,0.0
17552,930.41,18.987959183673468,17.700000000000003,45.0,9.36,719,14.673469387755102,48,2,4,43,43,2.2583673469387753,9.95,0.29,1,2010-12-02 18:45:00,2011-10-10 17:00:00,60,311,232.6025,179.75,10.75,0.3333333333333333
17553,1487.6,743.8,743.8,1250.0,237.60000000000002,1048,524.0,1000,48,1,2,2,3.1,4.95,1.25,1,2011-08-02 10:00:00,2011-08-02 10:00:00,130,0,1487.6,1048.0,2.0,0.0
17554,1952.45,22.18693181818182,15.899999999999999,76.32000000000001,0.39,1763,20.03409090909091,200,1,5,58,58,3.0594318181818183,14.95,0.04,1,2011-07-14 20:01:00,2011-12-08 14:15:00,1,146,390.49,352.6,11.6,0.0
17555,483.26,4.559056603773585,4.4,17.34,0.84,349,3.292452830188679,24,1,2,101,101,2.184622641509434,8.5,0.12,1,2011-01-09 12:31:00,2011-11-20 12:22:00,20,314,241.63,174.5,50.5,0.0
17556,157.9,26.316666666666666,16.325000000000003,75.0,10.5,101,16.833333333333332,60,1,1,6,6,4.778333333333333,14.95,0.42,1,2011-05-18 10:48:00,2011-05-18 10:48:00,206,0,157.9,101.0,6.0,0.0
17557,541.46,15.92529411764706,14.1,59.400000000000006,1.65,306,9.0,24,1,3,27,27,2.702058823529412,8.5,0.39,1,2011-09-19 14:23:00,2011-11-25 12:57:00,14,66,180.48666666666668,102.0,9.0,0.0
17560,854.95,32.88269230769231,21.96,82.5,10.2,635,24.423076923076923,96,2,4,22,22,3.4342307692307696,12.75,0.42,1,2011-02-02 11:14:00,2011-09-06 09:18:00,95,215,213.7375,158.75,5.5,0.0
17561,167.62,3.643913043478261,2.95,15.12,0.19,146,3.1739130434782608,36,1,1,44,44,2.0943478260869566,12.5,0.19,1,2011-11-20 12:53:00,2011-11-20 12:53:00,19,0,167.62,146.0,44.0,0.0
17562,1122.38,17.81555555555556,16.5,49.800000000000004,3.3600000000000003,817,12.968253968253968,72,4,7,48,49,1.8968253968253967,4.95,0.14,1,2011-06-19 13:06:00,2011-11-25 14:21:00,14,159,160.34,116.71428571428571,6.857142857142857,0.125
17564,454.01,9.265510204081632,9.899999999999999,25.5,2.9,146,2.979591836734694,10,1,3,38,38,3.722448979591837,9.95,1.45,1,2011-09-20 14:00:00,2011-11-15 13:27:00,24,55,151.33666666666667,48.666666666666664,12.666666666666666,0.0
17566,901.21,5.929013157894737,4.16,39.599999999999994,0.65,518,3.4078947368421053,24,1,2,113,113,2.6539473684210524,14.95,0.29,1,2011-11-14 13:42:00,2011-12-01 19:54:00,8,17,450.605,259.0,56.5,0.0
17567,4331.48,26.251393939393935,15.299999999999999,232.0,6.959999999999999,2632,15.951515151515151,160,1,8,110,110,2.3494545454545457,12.75,0.29,1,2010-12-02 15:18:00,2011-12-02 15:48:00,7,365,541.435,329.0,13.75,1.2
17569,344.14,11.866896551724137,8.4,40.56,1.45,159,5.482758620689655,32,1,1,29,29,3.3531034482758617,9.95,0.42,1,2011-01-11 14:15:00,2011-01-11 14:15:00,332,0,344.14,159.0,29.0,0.0
17571,1498.51,5.0117391304347825,2.95,45.0,0.12,905,3.0267558528428093,36,1,4,247,247,2.758227424749164,16.65,0.06,1,2011-02-14 15:15:00,2011-10-20 15:57:00,50,248,374.6275,226.25,61.75,0.0
17572,226.75000000000003,18.895833333333336,17.700000000000003,26.099999999999998,13.049999999999999,95,7.916666666666667,18,2,4,7,7,3.158333333333333,9.95,1.45,1,2010-12-01 12:51:00,2011-09-29 17:53:00,71,302,56.68750000000001,23.75,1.75,0.0
17573,380.6,15.224,15.0,30.240000000000002,6.959999999999999,308,12.32,48,3,3,24,24,2.2028,5.95,0.29,1,2011-09-07 10:36:00,2011-11-10 13:01:00,29,64,126.86666666666667,102.66666666666667,8.0,0.25
17574,185.65,23.20625,23.0,35.7,15.0,77,9.625,12,3,1,8,8,3.3162499999999997,9.95,1.25,1,2011-04-11 09:47:00,2011-04-11 09:47:00,243,0,185.65,77.0,8.0,0.0
17576,3622.68,8.814306569343065,7.5,51.0,0.29,1994,4.851581508515815,36,1,19,245,244,3.015547445255475,16.95,0.19,1,2010-12-09 16:57:00,2011-12-01 17:56:00,8,357,190.66736842105263,104.94736842105263,12.894736842105264,0.2727272727272727
17578,143.45999999999998,28.691999999999997,28.44,46.8,16.5,138,27.6,48,10,1,5,5,1.286,1.95,0.39,1,2011-05-05 18:38:00,2011-05-05 18:38:00,218,0,143.45999999999998,138.0,5.0,0.5
17579,448.90000000000003,8.978000000000002,5.8,30.0,0.95,258,5.16,24,1,3,46,46,2.476,12.75,0.39,1,2011-06-13 14:12:00,2011-12-05 12:28:00,5,174,149.63333333333335,86.0,15.333333333333334,0.5
17580,215.72,4.793777777777778,2.95,47.7,0.58,88,1.9555555555555555,6,1,3,43,43,2.1575555555555557,7.95,0.29,1,2010-12-16 15:27:00,2011-04-01 12:41:00,253,105,71.90666666666667,29.333333333333332,14.333333333333334,0.0
17581,11045.04,25.102363636363638,17.9,195.0,4.68,5927,13.470454545454546,50,1,25,229,236,3.117909090909091,195.0,0.39,1,2010-12-02 14:47:00,2011-12-09 12:21:00,1,371,441.8016,237.08,9.16,0.3870967741935484
17582,175.27,6.043793103448277,3.3,60.0,0.65,123,4.241379310344827,48,1,1,28,28,2.134137931034483,7.95,0.29,1,2011-04-17 13:18:00,2011-04-17 13:18:00,236,0,175.27,123.0,28.0,0.0
17584,1242.3,35.494285714285716,29.700000000000003,120.0,6.25,458,13.085714285714285,40,2,2,30,30,3.982857142857143,14.95,0.55,1,2011-08-04 14:12:00,2011-12-02 17:12:00,7,120,621.15,229.0,15.0,0.3333333333333333
17585,1133.07,5.294719626168224,3.25,41.5,0.29,1671,7.808411214953271,80,1,4,176,176,1.380981308411215,9.95,0.06,1,2011-01-05 15:09:00,2011-08-22 13:30:00,109,228,283.2675,417.75,44.0,0.0
17588,1240.2,53.92173913043479,35.8,264.0,9.120000000000001,676,29.391304347826086,180,2,3,19,20,5.203043478260869,8.95,0.19,1,2011-04-21 10:31:00,2011-08-31 13:37:00,100,132,413.40000000000003,225.33333333333334,6.333333333333333,0.0
17589,2404.17,9.502648221343874,6.8,74.25,0.39,1631,6.446640316205533,72,1,4,172,173,2.1748221343873517,35.95,0.21,1,2011-04-13 13:47:00,2011-10-10 16:58:00,60,180,601.0425,407.75,43.0,0.0
17590,1479.22,7.359303482587065,4.949999999999999,49.5,0.38,828,4.119402985074627,72,1,3,162,162,2.668407960199005,16.95,0.12,1,2011-10-30 14:05:00,2011-12-07 12:55:00,2,37,493.0733333333333,276.0,54.0,0.0
17591,2225.9700000000003,13.409457831325303,7.800000000000001,75.60000000000001,0.55,1009,6.078313253012048,36,1,7,81,81,3.532228915662651,14.95,0.19,1,2010-12-07 15:39:00,2011-09-27 13:42:00,73,293,317.9957142857143,144.14285714285714,11.571428571428571,0.125
17593,3927.34,18.438215962441316,15.0,79.80000000000001,0.55,3101,14.55868544600939,96,1,5,190,191,2.497136150234742,14.95,0.19,1,2010-12-22 10:29:00,2011-12-06 10:30:00,4,349,785.4680000000001,620.2,38.0,0.3333333333333333
17594,993.18,19.863599999999998,17.369999999999997,39.6,8.5,550,11.0,20,4,2,42,42,1.9409999999999998,4.95,0.85,1,2011-03-30 10:32:00,2011-09-15 16:34:00,85,169,496.59,275.0,21.0,0.0
17595,388.79,4.68421686746988,3.3,34.68,0.39,229,2.7590361445783134,16,1,2,68,68,2.497710843373494,9.95,0.38,1,2011-11-02 16:19:00,2011-11-27 16:08:00,12,24,194.395,114.5,34.0,0.0
17596,2827.93,10.473814814814814,4.225,142.8,0.29,4400,16.296296296296298,216,1,7,168,168,1.9154814814814818,12.75,0.19,1,2010-12-06 12:34:00,2011-11-16 14:11:00,23,345,403.98999999999995,628.5714285714286,24.0,0.0
17597,2044.3700000000001,37.17036363636364,19.919999999999998,207.50000000000003,5.04,1176,21.381818181818183,288,1,1,55,55,3.3992727272727272,39.95,0.21,1,2011-05-10 11:54:00,2011-05-10 11:54:00,214,0,2044.3700000000001,1176.0,55.0,0.0
17600,161.67000000000002,12.436153846153847,14.040000000000001,19.8,2.5,144,11.076923076923077,36,1,1,13,13,3.5307692307692307,16.65,0.1,1,2011-11-22 09:43:00,2011-11-22 09:43:00,18,0,161.67000000000002,144.0,13.0,0.0
17601,116.00999999999999,12.889999999999999,9.899999999999999,30.0,2.1,103,11.444444444444445,36,1,1,9,9,1.6122222222222222,2.55,0.21,1,2011-04-14 18:02:00,2011-04-14 18:02:00,239,0,116.00999999999999,103.0,9.0,0.0
17602,5102.97,9.11244642857143,6.07,252.0,0.55,4151,7.4125,120,1,6,335,336,1.9664464285714287,14.95,0.19,1,2011-01-19 16:18:00,2011-12-07 13:53:00,2,321,850.495,691.8333333333334,55.833333333333336,0.625
17603,394.72,35.88363636363636,15.0,250.0,9.899999999999999,74,6.7272727272727275,12,2,1,11,11,13.392727272727273,125.0,1.25,1,2011-09-22 14:18:00,2011-09-22 14:18:00,78,0,394.72,74.0,11.0,0.8
17604,309.36,4.91047619047619,3.75,17.4,1.1,169,2.6825396825396823,36,1,2,57,57,2.5342857142857143,8.5,0.29,1,2011-01-31 15:09:00,2011-05-06 13:43:00,217,94,154.68,84.5,28.5,0.0
17608,193.42,3.2783050847457624,2.55,11.8,0.19,232,3.9322033898305087,25,1,2,54,54,1.153050847457627,3.75,0.19,1,2011-11-06 13:00:00,2011-11-06 13:06:00,33,0,96.71,116.0,27.0,0.0
17609,1112.22,4.692911392405064,3.75,33.9,0.65,723,3.050632911392405,36,1,5,199,200,2.3075105485232066,16.95,0.19,1,2011-01-16 16:23:00,2011-10-30 12:28:00,41,286,222.44400000000002,144.6,39.8,0.16666666666666666
17611,3984.22,6.9170486111111105,4.3,46.0,0.29,2560,4.444444444444445,72,1,15,440,441,2.5292881944444447,12.75,0.21,1,2010-12-13 13:52:00,2011-12-02 13:29:00,7,353,265.61466666666666,170.66666666666666,29.333333333333332,0.3157894736842105
17612,2048.45,15.173703703703703,15.299999999999999,179.0,2.88,1808,13.392592592592592,100,1,6,116,118,2.5762962962962965,14.95,0.04,1,2011-02-15 10:40:00,2011-10-17 14:59:00,53,244,341.4083333333333,301.3333333333333,19.333333333333332,0.7
17613,4559.150000000001,14.612660256410258,14.05,124.80000000000001,0.85,2496,8.0,60,1,14,211,211,2.6451602564102563,12.75,0.12,1,2011-02-07 11:20:00,2011-11-17 10:51:00,23,282,325.65357142857147,178.28571428571428,15.071428571428571,0.4117647058823529
17614,390.07,3.9007,2.5,18.72,0.42,238,2.38,12,1,1,97,97,2.2116,12.75,0.19,1,2011-10-13 16:01:00,2011-10-13 16:01:00,57,0,390.07,238.0,97.0,0.0
17615,329.6,23.542857142857144,16.35,88.80000000000001,9.899999999999999,140,10.0,48,1,3,13,13,3.9107142857142856,9.95,1.25,1,2011-05-01 15:33:00,2011-08-01 14:06:00,130,91,109.86666666666667,46.666666666666664,4.333333333333333,0.0
17616,571.1999999999999,190.39999999999998,163.2,326.4,81.6,224,74.66666666666667,128,32,3,1,1,2.55,2.55,2.55,1,2010-12-07 10:04:00,2011-06-19 10:11:00,174,194,190.39999999999998,74.66666666666667,0.3333333333333333,0.0
17618,971.58,12.456153846153846,7.95,79.9,1.45,331,4.243589743589744,12,1,3,56,56,4.282820512820513,39.95,0.42,1,2010-12-12 16:05:00,2011-12-04 11:50:00,6,356,323.86,110.33333333333333,18.666666666666668,0.0
17619,218.52,2.837922077922078,1.7,15.9,0.42,127,1.6493506493506493,6,1,1,71,71,1.8036363636363635,7.95,0.29,1,2011-01-31 14:18:00,2011-01-31 14:18:00,312,0,218.52,127.0,71.0,0.0
17620,81.44,20.36,20.4,34.0,6.64,60,15.0,24,4,1,4,4,2.7575,8.5,0.83,1,2011-10-11 12:08:00,2011-10-11 12:08:00,60,0,81.44,60.0,4.0,0.0
17621,1379.9,53.073076923076925,31.700000000000003,122.39999999999999,10.08,514,19.76923076923077,48,4,3,24,24,3.1365384615384615,8.25,0.42,1,2010-12-20 13:31:00,2011-11-18 17:11:00,21,333,459.9666666666667,171.33333333333334,8.0,0.25
17623,527.0500000000001,15.971212121212123,15.0,47.7,5.8,265,8.030303030303031,24,2,1,33,33,2.8709090909090906,11.95,0.55,1,2011-11-07 11:32:00,2011-11-07 11:32:00,33,0,527.0500000000001,265.0,33.0,0.0
17624,843.48,16.869600000000002,15.55,35.8,6.959999999999999,554,11.08,25,1,2,49,49,2.958,12.5,0.29,1,2011-05-05 17:59:00,2011-11-25 10:52:00,15,203,421.74,277.0,24.5,0.0
17625,2047.0,6.498412698412698,5.0,59.0,0.39,1198,3.803174603174603,25,1,4,223,223,2.539587301587302,9.95,0.12,1,2011-03-27 12:21:00,2011-11-21 13:36:00,18,239,511.75,299.5,55.75,0.0
17628,75.75,15.15,13.200000000000001,19.8,13.200000000000001,79,15.8,24,3,1,5,5,2.41,5.45,0.55,1,2011-09-19 15:21:00,2011-09-19 15:21:00,81,0,75.75,79.0,5.0,0.0
17629,1814.12,14.748943089430893,10.5,85.0,0.42,1629,13.24390243902439,48,1,8,106,106,2.0857723577235774,16.95,0.06,1,2010-12-15 09:58:00,2011-12-04 10:56:00,6,354,226.765,203.625,13.25,0.1111111111111111
17630,503.59999999999997,19.369230769230768,15.9,39.95,9.95,158,6.076923076923077,24,1,2,24,24,7.825000000000001,39.95,0.85,1,2011-04-21 14:03:00,2011-06-23 11:58:00,170,62,251.79999999999998,79.0,12.0,0.0
17631,528.33,13.546923076923077,14.850000000000001,19.8,2.9,334,8.564102564102564,36,1,3,39,39,3.712820512820513,16.95,0.19,1,2011-04-21 13:22:00,2011-12-08 09:47:00,2,230,176.11,111.33333333333333,13.0,0.0
17633,1324.84,18.92628571428571,16.97,67.5,5.04,644,9.2,24,2,4,59,59,2.797428571428571,8.95,0.42,1,2011-08-11 15:43:00,2011-11-08 13:25:00,31,88,331.21,161.0,14.75,0.3333333333333333
17634,2361.9700000000003,7.952760942760944,5.07,119.0,0.58,840,2.8282828282828283,24,1,9,209,209,3.7267003367003366,14.95,0.29,1,2011-01-06 12:45:00,2011-11-03 13:09:00,36,301,262.4411111111111,93.33333333333333,23.22222222222222,0.0
17636,285.56,14.278,15.0,20.8,6.959999999999999,182,9.1,24,3,1,20,20,2.3905000000000003,6.25,0.29,1,2011-11-20 14:40:00,2011-11-20 14:40:00,19,0,285.56,182.0,20.0,2.0
17637,547.0600000000001,15.630285714285716,15.9,25.5,5.04,280,8.0,24,1,2,35,35,3.432857142857143,12.75,0.42,1,2011-08-16 13:25:00,2011-11-08 12:51:00,31,83,273.53000000000003,140.0,17.5,0.0
17639,108.5,15.5,19.9,30.0,0.95,49,7.0,24,1,1,7,7,5.514285714285714,9.95,0.95,1,2011-03-08 15:22:00,2011-03-08 15:22:00,276,0,108.5,49.0,7.0,0.0
17640,621.66,124.332,107.28,236.88,53.1,250,50.0,72,18,1,5,5,2.566,3.29,1.49,1,2011-09-14 09:13:00,2011-09-14 09:13:00,87,0,621.66,250.0,5.0,0.0
17642,712.29,17.80725,15.0,45.0,5.04,474,11.85,36,2,2,34,35,2.3432500000000003,7.95,0.29,1,2011-06-16 12:55:00,2011-08-12 09:11:00,120,56,356.145,237.0,17.0,0.0
17643,101.55,12.69375,11.775,15.9,10.2,71,8.875,24,1,1,8,8,4.01875,10.95,0.65,1,2010-12-01 14:38:00,2010-12-01 14:38:00,373,0,101.55,71.0,8.0,0.0
17644,2895.64,18.443566878980892,15.9,74.0,1.65,1793,11.420382165605096,48,1,11,102,105,2.771783439490446,12.5,0.29,1,2011-03-24 09:44:00,2011-12-08 13:43:00,1,259,263.24,163.0,9.272727272727273,0.7058823529411765
17646,1008.39,19.77235294117647,15.9,59.400000000000006,9.95,323,6.333333333333333,24,1,3,46,46,4.756666666666667,14.95,0.85,1,2010-12-09 14:28:00,2011-05-04 13:17:00,219,145,336.13,107.66666666666667,15.333333333333334,0.75
17647,133.06,19.00857142857143,17.0,24.96,14.850000000000001,30,4.285714285714286,12,1,1,7,7,7.097142857142857,16.95,2.08,1,2011-10-05 15:38:00,2011-10-05 15:38:00,65,0,133.06,30.0,7.0,0.0
17648,1797.5,19.752747252747252,17.0,52.02,6.72,487,5.351648351648351,24,1,4,81,81,5.536483516483516,12.75,0.39,1,2011-04-04 10:29:00,2011-10-10 09:41:00,61,188,449.375,121.75,20.25,0.2
17649,868.49,16.70173076923077,16.55,25.5,6.8,399,7.673076923076923,24,1,1,52,52,3.581153846153846,16.95,0.55,1,2011-07-24 15:53:00,2011-07-24 15:53:00,138,0,868.49,399.0,52.0,0.5
17650,166.08,20.76,17.625,34.65,10.08,150,18.75,24,3,1,8,8,1.89625,4.95,0.42,1,2011-11-18 14:52:00,2011-11-18 14:52:00,21,0,166.08,150.0,8.0,0.0
17651,3945.0,17.004310344827587,16.5,65.4,2.88,3112,13.413793103448276,100,1,10,149,151,2.0029310344827587,12.75,0.04,1,2011-06-15 15:57:00,2011-11-28 10:29:00,12,165,394.5,311.2,14.9,0.5
17652,4867.72,18.794285714285714,16.5,69.12,1.44,2509,9.687258687258687,96,1,12,118,121,3.3447490347490345,16.95,0.12,1,2011-03-03 14:05:00,2011-11-14 12:55:00,25,255,405.6433333333334,209.08333333333334,9.833333333333334,0.6111111111111112
17653,1207.56,27.44454545454545,17.2,211.20000000000002,6.959999999999999,1409,32.02272727272727,384,1,4,44,44,4.069090909090909,20.8,0.29,1,2011-08-11 15:24:00,2011-11-03 12:46:00,37,83,301.89,352.25,11.0,1.2
17654,117.55,5.343181818181818,4.05,19.9,1.25,41,1.8636363636363635,6,1,1,22,22,3.1568181818181817,9.95,0.85,1,2011-03-07 13:17:00,2011-03-07 13:17:00,277,0,117.55,41.0,22.0,0.0
17655,2638.94,28.99934065934066,17.88,197.1,7.800000000000001,1116,12.263736263736265,80,1,7,66,66,4.826153846153846,39.95,0.42,1,2010-12-08 16:45:00,2011-11-29 11:34:00,11,355,376.99142857142857,159.42857142857142,9.428571428571429,0.25
17656,1674.69,20.423048780487804,17.700000000000003,89.5,4.5600000000000005,1399,17.0609756097561,96,2,5,67,68,2.772560975609756,12.5,0.12,1,2011-08-03 10:45:00,2011-09-27 13:04:00,73,55,334.938,279.8,13.4,0.0
17658,595.42,31.337894736842102,27.36,61.199999999999996,9.36,616,32.421052631578945,120,2,2,17,17,2.561052631578947,12.75,0.38,1,2011-05-12 15:23:00,2011-11-14 12:07:00,26,185,297.71,308.0,8.5,1.3333333333333333
17659,2999.46,18.98392405063291,17.17,53.1,4.68,1525,9.651898734177216,96,1,12,127,127,4.0412025316455695,39.95,0.19,1,2010-12-02 16:46:00,2011-11-22 13:29:00,17,354,249.955,127.08333333333333,10.583333333333334,0.21428571428571427
17660,196.0,4.355555555555555,2.55,49.800000000000004,0.21,130,2.888888888888889,25,1,1,37,37,2.0037777777777777,9.95,0.21,1,2011-07-21 13:37:00,2011-07-21 13:37:00,141,0,196.0,130.0,37.0,0.0
17663,1802.91,20.96406976744186,17.4,59.95,9.959999999999999,797,9.267441860465116,24,1,7,63,63,3.9981395348837214,59.95,0.42,1,2011-02-25 14:11:00,2011-11-14 08:56:00,26,261,257.55857142857144,113.85714285714286,9.0,0.4444444444444444
17664,604.64,14.061395348837209,13.200000000000001,40.8,5.04,604,14.046511627906977,48,2,2,41,41,1.9167441860465118,7.95,0.29,1,2011-05-11 14:17:00,2011-11-21 11:29:00,19,193,302.32,302.0,20.5,0.0
17666,728.16,40.45333333333333,24.96,99.0,9.899999999999999,596,33.111111111111114,60,2,2,14,14,1.8988888888888888,12.75,0.39,1,2011-10-05 11:06:00,2011-12-06 09:06:00,4,61,364.08,298.0,7.0,0.0
17667,2055.51,17.71991379310345,15.9,51.0,6.72,1033,8.905172413793103,32,1,5,85,86,3.6650862068965515,12.75,0.42,1,2011-02-14 09:24:00,2011-10-04 14:32:00,66,232,411.10200000000003,206.6,17.0,0.0
17668,347.75,23.183333333333334,19.8,44.849999999999994,12.75,93,6.2,24,1,2,14,14,7.336666666666667,14.95,1.25,1,2011-11-01 14:45:00,2011-12-08 13:25:00,1,36,173.875,46.5,7.0,0.0
17669,3406.7200000000003,50.09882352941177,20.299999999999997,179.0,6.8,1916,28.176470588235293,100,4,7,45,47,1.8576470588235294,4.95,0.42,1,2011-04-04 10:11:00,2011-10-28 08:53:00,43,206,486.67428571428576,273.7142857142857,6.428571428571429,0.0
17670,205.7,18.7,15.0,31.8,12.5,110,10.0,24,4,1,11,11,2.590909090909091,7.95,0.85,1,2011-04-26 09:12:00,2011-04-26 09:12:00,228,0,205.7,110.0,11.0,0.0
17671,1572.71,29.67377358490566,20.4,232.0,4.5600000000000005,772,14.566037735849056,160,2,4,40,40,3.197358490566038,14.95,0.19,1,2010-12-09 14:27:00,2011-11-24 12:21:00,16,349,393.1775,193.0,10.0,1.3333333333333333
17672,3178.17,28.892454545454545,18.75,252.0,5.04,1690,15.363636363636363,120,1,2,105,105,3.331818181818182,16.95,0.42,1,2011-02-03 13:29:00,2011-10-20 14:18:00,50,259,1589.085,845.0,52.5,1.25
17673,1629.12,7.176740088105727,5.0,69.0,0.84,1487,6.5506607929515415,120,1,6,118,117,1.6033920704845817,6.75,0.12,1,2011-01-23 15:16:00,2011-12-08 12:50:00,2,318,271.52,247.83333333333334,19.666666666666668,0.14285714285714285
17674,551.04,20.40888888888889,10.5,152.64000000000001,5.04,672,24.88888888888889,144,8,2,19,19,0.7588888888888888,2.25,0.42,1,2010-12-06 10:20:00,2011-09-26 13:35:00,74,294,275.52,336.0,9.5,0.0
17675,20374.28,28.89968794326241,20.8,163.2,4.68,8360,11.858156028368795,64,1,31,239,244,3.53868085106383,16.95,0.39,1,2010-12-07 13:22:00,2011-12-08 18:03:00,1,366,657.2348387096774,269.6774193548387,7.709677419354839,0.3902439024390244
17676,1387.68,17.790769230769232,16.5,50.400000000000006,8.5,932,11.948717948717949,40,2,6,49,49,1.9006410256410255,8.25,0.39,1,2010-12-08 13:49:00,2011-12-05 15:16:00,4,362,231.28,155.33333333333334,8.166666666666666,0.14285714285714285
17677,16363.23,53.82641447368421,17.700000000000003,249.00000000000003,2.88,9775,32.1546052631579,120,1,30,178,184,2.732993421052632,16.95,0.12,1,2010-12-06 08:42:00,2011-12-08 09:56:00,2,367,545.441,325.8333333333333,5.933333333333334,0.3953488372093023
17678,298.11,18.631875,16.5,31.2,10.5,207,12.9375,25,3,1,16,16,2.235625,4.95,0.42,1,2011-03-21 11:52:00,2011-03-21 11:52:00,264,0,298.11,207.0,16.0,0.0
17679,1992.1100000000001,66.40366666666667,60.480000000000004,178.4,22.5,729,24.3,120,1,2,29,29,5.309,39.95,0.42,1,2011-09-15 10:35:00,2011-10-18 07:43:00,53,32,996.0550000000001,364.5,14.5,0.0
17680,184.4,16.763636363636365,15.0,33.2,8.5,96,8.727272727272727,12,2,1,11,11,2.8000000000000003,8.25,0.85,1,2011-11-16 12:42:00,2011-11-16 12:42:00,24,0,184.4,96.0,11.0,0.0
17682,2474.33,20.968898305084746,16.5,39.6,6.72,1367,11.584745762711865,48,1,6,48,49,2.400762711864407,15.95,0.42,1,2010-12-06 13:35:00,2011-11-29 15:59:00,10,358,412.3883333333333,227.83333333333334,8.0,0.14285714285714285
17684,239.41,15.960666666666667,16.6,24.75,4.5600000000000005,145,9.666666666666666,24,2,1,15,15,2.916,10.95,0.19,1,2011-10-27 11:10:00,2011-10-27 11:10:00,44,0,239.41,145.0,15.0,0.0
17685,3191.53,24.550230769230772,15.36,174.0,1.26,1956,15.046153846153846,120,2,7,88,90,2.000923076923077,9.95,0.19,1,2010-12-02 14:42:00,2011-11-23 11:36:00,17,355,455.9328571428572,279.42857142857144,12.571428571428571,0.0
17686,5739.46,20.06804195804196,17.4,81.6,4.68,2478,8.664335664335665,48,1,7,205,209,3.8588811188811194,16.95,0.39,1,2011-02-10 10:18:00,2011-12-02 15:39:00,7,295,819.9228571428572,354.0,29.285714285714285,0.0
17690,4757.95,18.5857421875,15.0,250.0,1.25,1773,6.92578125,50,1,15,186,186,5.7077734375,125.0,0.39,1,2010-12-01 16:15:00,2011-11-09 15:17:00,30,342,317.19666666666666,118.2,12.4,0.125
17691,290.40000000000003,15.28421052631579,15.0,17.700000000000003,10.2,134,7.052631578947368,12,2,2,18,18,3.4026315789473687,7.95,0.85,1,2010-12-06 11:10:00,2010-12-16 17:20:00,358,10,145.20000000000002,67.0,9.0,0.0
17692,740.9399999999999,16.107391304347825,15.0,45.0,2.55,672,14.608695652173912,48,1,4,34,34,1.6482608695652174,7.95,0.12,1,2010-12-15 13:37:00,2011-08-04 14:01:00,127,232,185.23499999999999,168.0,8.5,0.2
17693,200.47,12.529375,15.0,17.4,2.88,231,14.4375,25,2,1,16,16,2.0825,8.5,0.12,1,2011-07-25 15:48:00,2011-07-25 15:48:00,137,0,200.47,231.0,16.0,0.6666666666666666
17694,283.12,18.874666666666666,17.700000000000003,34.0,6.8,184,12.266666666666667,48,4,1,15,15,2.6086666666666667,5.95,0.29,1,2011-07-21 12:00:00,2011-07-21 12:00:00,142,0,283.12,184.0,15.0,0.0
17695,765.34,21.866857142857143,15.0,118.80000000000001,6.959999999999999,779,22.257142857142856,96,4,2,30,29,1.2517142857142858,4.95,0.19,1,2011-06-21 12:35:00,2011-07-31 10:40:00,132,39,382.67,389.5,15.0,0.0
17696,2285.71,19.875739130434784,15.0,97.80000000000001,5.04,1756,15.269565217391305,72,1,8,78,78,2.3863478260869564,14.95,0.21,1,2010-12-10 09:51:00,2011-11-01 13:43:00,38,326,285.71375,219.5,9.75,0.7857142857142857
17697,338.95,17.839473684210525,17.700000000000003,39.6,10.9,93,4.894736842105263,12,1,1,19,19,5.084210526315789,12.75,1.65,1,2011-04-17 15:40:00,2011-04-17 15:40:00,236,0,338.95,93.0,19.0,0.0
17698,154.95,19.36875,18.825,30.0,11.7,93,11.625,24,3,1,8,8,2.1375,5.95,1.25,1,2011-03-24 11:34:00,2011-03-24 11:34:00,261,0,154.95,93.0,8.0,0.0
17700,2534.64,17.84957746478873,15.149999999999999,81.6,2.9,1266,8.915492957746478,36,1,4,116,116,3.167887323943662,16.95,0.29,1,2011-03-03 16:34:00,2011-11-23 11:51:00,17,264,633.66,316.5,29.0,0.6666666666666666
17701,417.95,17.414583333333333,16.5,31.8,14.850000000000001,109,4.541666666666667,12,2,1,24,24,5.754166666666666,12.75,1.45,1,2011-04-01 12:25:00,2011-04-01 12:25:00,253,0,417.95,109.0,24.0,0.0
17702,1824.37,24.653648648648648,16.5,179.0,2.88,1353,18.283783783783782,100,2,4,58,59,1.7451351351351354,8.25,0.12,1,2011-05-17 16:23:00,2011-11-09 16:03:00,30,175,456.0925,338.25,14.5,1.0
17703,798.74,14.522545454545455,15.0,24.96,5.04,590,10.727272727272727,24,4,3,47,48,1.6427272727272726,4.15,0.42,1,2011-07-24 13:30:00,2011-11-04 15:51:00,35,103,266.24666666666667,196.66666666666666,15.666666666666666,0.0
17704,885.19,28.554516129032258,19.5,99.0,4.5600000000000005,343,11.064516129032258,48,2,2,27,27,3.918709677419355,10.95,0.19,1,2011-04-14 09:28:00,2011-06-24 09:40:00,169,71,442.595,171.5,13.5,0.0
17705,1823.52,17.70407766990291,16.5,51.0,7.9,963,9.349514563106796,25,2,9,63,64,2.987378640776699,9.95,0.39,1,2011-02-11 10:57:00,2011-12-06 13:45:00,3,298,202.61333333333334,107.0,7.0,0.5
17706,10504.49,27.498664921465966,20.4,150.0,0.95,3899,10.206806282722512,36,1,17,270,273,4.205471204188481,49.95,0.29,1,2010-12-08 11:02:00,2011-12-05 13:34:00,4,362,617.9111764705882,229.35294117647058,15.882352941176471,0.5909090909090909
17707,152.4,30.48,17.700000000000003,51.0,15.0,144,28.8,60,6,2,3,3,1.7700000000000002,2.95,0.85,1,2011-01-07 13:30:00,2011-06-07 15:03:00,185,151,76.2,72.0,1.5,0.0
17708,267.08,7.630857142857143,3.75,30.599999999999998,1.25,91,2.6,12,1,2,28,28,3.144,8.5,0.79,1,2011-01-19 10:09:00,2011-06-05 10:12:00,188,137,133.54,45.5,14.0,0.0
17709,137.45,19.635714285714283,16.5,49.95,9.9,17,2.4285714285714284,6,1,1,7,7,13.007142857142858,49.95,2.95,1,2011-06-23 11:55:00,2011-06-23 11:55:00,170,0,137.45,17.0,7.0,0.0
17711,385.1,16.743478260869566,15.8,30.0,4.5600000000000005,246,10.695652173913043,24,2,2,22,22,2.4530434782608697,7.65,0.19,1,2011-02-23 11:32:00,2011-11-29 11:40:00,11,279,192.55,123.0,11.0,0.0
17712,522.91,18.031379310344825,15.0,79.9,7.800000000000001,215,7.413793103448276,24,2,1,29,29,4.665172413793103,39.95,0.65,1,2011-10-26 12:28:00,2011-10-26 12:28:00,45,0,522.91,215.0,29.0,0.0
17714,153.0,15.3,15.0,17.700000000000003,15.0,92,9.2,12,4,1,10,10,2.05,3.75,1.25,1,2011-01-23 10:32:00,2011-01-23 10:32:00,321,0,153.0,92.0,10.0,0.0
17715,326.4,326.4,326.4,326.4,326.4,384,384.0,384,384,1,1,1,0.85,0.85,0.85,1,2011-05-23 12:32:00,2011-05-23 12:32:00,201,0,326.4,384.0,1.0,0.0
17716,5655.99,23.085673469387753,17.0,102.0,6.8,3072,12.538775510204081,40,1,11,171,172,2.530040816326531,16.95,0.42,1,2011-03-17 10:38:00,2011-11-17 12:00:00,23,245,514.180909090909,279.27272727272725,15.545454545454545,0.75
17718,139.35,23.224999999999998,23.175,30.0,12.600000000000001,83,13.833333333333334,24,2,1,6,6,4.191666666666666,12.75,0.85,1,2011-04-21 13:39:00,2011-04-21 13:39:00,232,0,139.35,83.0,6.0,0.0
17719,5396.04,19.693576642335767,16.65,90.0,2.88,2466,9.0,96,1,15,111,111,4.476167883211679,24.95,0.12,1,2011-03-29 11:29:00,2011-11-02 10:36:00,38,217,359.736,164.4,7.4,0.2222222222222222
17720,1195.94,23.9188,17.325000000000003,102.0,9.959999999999999,576,11.52,48,1,4,39,39,5.4342,39.95,0.42,1,2010-12-07 10:43:00,2011-11-13 15:04:00,26,341,298.985,144.0,9.75,0.0
17722,2424.04,21.078608695652175,15.299999999999999,306.0,4.5600000000000005,1595,13.869565217391305,120,1,4,111,111,3.3454782608695655,16.95,0.19,1,2010-12-08 12:41:00,2011-09-04 15:22:00,96,270,606.01,398.75,27.75,0.8333333333333334
17723,3276.4000000000005,327.64000000000004,311.25000000000006,830.0000000000001,29.5,792,79.2,200,8,6,4,4,4.07,4.95,2.95,1,2011-05-09 14:44:00,2011-08-04 18:37:00,127,87,546.0666666666667,132.0,0.6666666666666666,0.0
17724,1033.0,25.825,21.15,89.10000000000001,11.7,300,7.5,18,2,3,38,38,4.37125,12.75,1.25,1,2011-07-24 13:26:00,2011-09-29 15:26:00,71,67,344.3333333333333,100.0,12.666666666666666,1.25
17725,3439.08,17.911875,15.0,88.80000000000001,4.5600000000000005,2162,11.260416666666666,48,1,11,115,115,2.5801041666666666,16.65,0.19,1,2011-03-17 19:47:00,2011-11-23 16:34:00,16,250,312.64363636363635,196.54545454545453,10.454545454545455,0.42857142857142855
17727,1060.25,16.064393939393938,15.8,27.0,6.64,645,9.772727272727273,25,1,1,66,66,3.1312121212121213,12.5,0.42,1,2011-11-24 17:06:00,2011-11-24 17:06:00,15,0,1060.25,645.0,66.0,0.5
17728,2876.01,17.430363636363637,17.0,29.700000000000003,8.3,1469,8.903030303030302,48,1,3,153,154,3.3267272727272728,16.95,0.29,1,2011-09-14 11:39:00,2011-12-06 08:52:00,4,82,958.6700000000001,489.6666666666667,51.0,0.8
17730,5298.4800000000005,24.304954128440368,17.2,204.0,3.4799999999999995,3576,16.40366972477064,50,2,13,127,130,1.9898165137614678,9.95,0.21,1,2011-01-17 14:49:00,2011-12-06 15:43:00,3,323,407.5753846153847,275.0769230769231,9.76923076923077,0.13333333333333333
17731,1240.11,18.509104477611938,17.0,39.6,7.800000000000001,493,7.358208955223881,24,1,4,54,54,5.1274626865671635,16.95,0.55,1,2011-06-09 14:18:00,2011-09-21 15:02:00,79,104,310.0275,123.25,13.5,3.2
17732,303.97,16.887222222222224,17.700000000000003,19.9,10.2,93,5.166666666666667,12,1,1,18,18,4.9494444444444445,12.75,0.85,1,2010-12-02 09:29:00,2010-12-02 09:29:00,373,0,303.97,93.0,18.0,0.0
17733,692.19,19.776857142857143,17.0,101.88,6.959999999999999,463,13.228571428571428,48,1,2,33,33,2.959142857142857,14.95,0.29,1,2011-03-23 09:54:00,2011-11-01 08:16:00,39,222,346.095,231.5,16.5,0.0
17734,700.63,16.293720930232556,15.0,39.6,5.04,422,9.813953488372093,48,2,3,40,40,2.8969767441860466,12.5,0.29,1,2011-04-20 10:04:00,2011-10-17 12:33:00,54,180,233.54333333333332,140.66666666666666,13.333333333333334,0.0
17735,13110.02,19.000028985507246,16.5,104.04,0.19,8439,12.230434782608695,96,1,19,319,323,2.192463768115942,12.75,0.12,1,2010-12-07 10:32:00,2011-12-07 16:47:00,2,365,690.001052631579,444.1578947368421,16.789473684210527,0.0
17736,377.44,15.0976,15.0,39.95,5.04,238,9.52,24,1,3,24,24,5.2212,39.95,0.39,1,2011-08-18 14:33:00,2011-11-30 15:36:00,9,104,125.81333333333333,79.33333333333333,8.0,0.25
17737,168.24,16.824,15.0,30.599999999999998,10.2,108,10.8,36,3,2,8,8,2.414,4.95,0.85,1,2011-10-12 14:42:00,2011-11-30 15:16:00,9,49,84.12,54.0,4.0,0.0
17738,1879.05,19.371649484536082,16.35,102.0,4.5600000000000005,1029,10.608247422680412,48,1,4,89,89,3.5612371134020617,16.95,0.19,1,2011-03-02 16:26:00,2011-11-20 15:05:00,19,262,469.7625,257.25,22.25,0.4
17739,2791.35,59.39042553191489,59.400000000000006,212.4,14.850000000000001,861,18.319148936170212,108,2,7,29,30,4.5727659574468085,8.25,1.06,1,2010-12-14 14:26:00,2011-11-28 09:12:00,12,348,398.7642857142857,123.0,4.142857142857143,0.125
17742,355.11,23.674,23.6,70.80000000000001,11.9,89,5.933333333333334,24,1,2,13,13,8.895333333333333,24.95,1.25,1,2011-01-11 10:04:00,2011-08-18 15:28:00,113,219,177.555,44.5,6.5,0.0
17744,2322.4,17.076470588235296,15.0,60.0,4.5600000000000005,3412,25.08823529411765,150,6,6,110,109,0.8940441176470588,3.95,0.12,1,2010-12-16 14:17:00,2011-12-06 12:11:00,4,354,387.06666666666666,568.6666666666666,18.333333333333332,0.14285714285714285
17746,110.25,18.375,15.3,31.6,9.95,29,4.833333333333333,8,1,1,6,6,5.741666666666667,12.75,1.95,1,2011-04-13 14:31:00,2011-04-13 14:31:00,240,0,110.25,29.0,6.0,1.0
17747,71.4,71.4,71.4,71.4,71.4,12,12.0,12,12,1,1,1,5.95,5.95,5.95,1,2011-08-19 08:13:00,2011-08-19 08:13:00,113,0,71.4,12.0,1.0,0.5
17749,674.52,19.272,16.8,79.2,4.949999999999999,320,9.142857142857142,48,1,2,33,33,4.591714285714286,15.95,0.39,1,2011-03-28 13:39:00,2011-06-14 15:45:00,178,78,337.26,160.0,16.5,0.0
17750,1797.57,9.313834196891191,9.36,40.32,0.21,3957,20.502590673575128,96,1,9,101,101,0.6623316062176166,3.29,0.19,1,2011-06-28 15:44:00,2011-12-04 14:09:00,5,158,199.73,439.6666666666667,11.222222222222221,0.0
17752,80.64,80.64,80.64,80.64,80.64,192,192.0,192,192,1,1,1,0.42,0.42,0.42,1,2010-12-15 16:19:00,2010-12-15 16:19:00,359,0,80.64,192.0,1.0,0.0
17754,1772.26,19.26369565217391,9.36,179.0,0.85,1869,20.315217391304348,108,1,5,82,82,0.9895652173913044,4.15,0.08,1,2011-03-24 13:54:00,2011-12-09 11:20:00,1,259,354.452,373.8,16.4,0.16666666666666666
17757,5605.29,7.564493927125506,5.0,252.0,0.42,3320,4.480431848852901,350,1,30,275,278,2.748758434547908,12.75,0.12,1,2010-12-02 17:17:00,2011-12-08 15:31:00,1,370,186.843,110.66666666666667,9.166666666666666,0.03225806451612903
17758,3456.7000000000003,8.390048543689321,6.6,34.0,0.42,2091,5.075242718446602,25,1,8,310,312,2.375485436893204,15.95,0.19,1,2011-04-03 15:22:00,2011-11-20 14:45:00,19,230,432.08750000000003,261.375,38.75,0.0
17759,834.99,8.789368421052632,5.9,37.44,0.42,708,7.4526315789473685,96,1,3,82,82,2.266947368421053,12.5,0.14,1,2011-06-23 13:35:00,2011-11-22 16:02:00,17,152,278.33,236.0,27.333333333333332,0.0
17760,287.59,11.503599999999999,8.5,30.599999999999998,2.25,239,9.56,72,1,2,25,25,2.2716,8.5,0.42,1,2010-12-01 15:08:00,2011-11-18 10:56:00,22,351,143.795,119.5,12.5,0.0
17761,712.78,37.514736842105265,24.900000000000002,175.2,6.959999999999999,398,20.94736842105263,48,3,1,19,19,3.142105263157895,10.95,0.29,1,2011-11-07 10:23:00,2011-11-07 10:23:00,33,0,712.78,398.0,19.0,0.0
17763,15.0,15.0,15.0,15.0,15.0,12,12.0,12,12,1,1,1,1.25,1.25,1.25,1,2011-03-21 14:25:00,2011-03-21 14:25:00,263,0,15.0,12.0,1.0,0.0
17764,818.8199999999999,10.917599999999998,8.25,45.0,0.72,395,5.266666666666667,25,1,2,71,71,3.154533333333333,16.95,0.12,1,2011-05-12 16:11:00,2011-10-20 11:03:00,51,160,409.40999999999997,197.5,35.5,0.0
17765,371.88,6.524210526315789,5.1,24.900000000000002,0.85,144,2.526315789473684,20,1,3,51,51,3.8773684210526316,12.5,0.42,1,2011-03-28 11:58:00,2011-07-04 12:41:00,159,98,123.96,48.0,17.0,0.0
17767,271.2,12.914285714285715,12.600000000000001,25.200000000000003,3.75,128,6.095238095238095,12,1,1,21,21,2.7976190476190474,8.25,0.42,1,2011-11-24 14:42:00,2011-11-24 14:42:00,15,0,271.2,128.0,21.0,0.0
17768,2273.1800000000003,21.649333333333335,13.200000000000001,100.80000000000001,0.95,1186,11.295238095238096,60,1,3,77,77,3.846857142857143,15.95,0.39,1,2011-06-26 13:46:00,2011-12-01 13:22:00,8,157,757.7266666666668,395.3333333333333,25.666666666666668,0.0
17769,3997.98,12.896709677419356,9.925,85.92,0.55,1862,6.006451612903226,48,1,10,200,200,3.0608709677419355,16.65,0.29,1,2011-01-23 11:15:00,2011-11-27 11:18:00,13,308,399.798,186.2,20.0,0.25
17770,1143.27,30.086052631578948,22.275,102.0,0.95,365,9.605263157894736,48,1,5,33,33,4.827105263157895,12.75,0.29,1,2011-03-02 13:35:00,2011-05-25 12:34:00,199,83,228.654,73.0,6.6,0.0
17771,245.81,4.552037037037037,3.75,10.5,0.42,287,5.314814814814815,25,1,2,51,51,2.247592592592593,8.25,0.12,1,2011-01-20 14:13:00,2011-10-14 11:43:00,57,266,122.905,143.5,25.5,0.0
17772,182.77,3.448490566037736,2.95,14.95,0.42,58,1.0943396226415094,2,1,2,50,50,3.320943396226415,14.95,0.42,1,2011-11-29 10:57:00,2011-11-29 11:05:00,11,0,91.385,29.0,25.0,0.0
17774,1225.41,7.855192307692308,7.5,25.5,0.39,512,3.282051282051282,48,1,4,123,123,3.3438461538461537,15.95,0.29,1,2011-02-07 13:13:00,2011-09-04 12:49:00,97,208,306.3525,128.0,30.75,0.2
17775,56.4,18.8,20.4,20.4,15.600000000000001,72,24.0,24,24,1,3,3,0.7833333333333333,0.85,0.65,1,2011-03-30 10:50:00,2011-03-30 10:50:00,255,0,56.4,72.0,3.0,0.0
17777,665.86,3.4322680412371134,2.575,12.48,0.19,507,2.61340206185567,24,1,3,141,141,1.6470103092783503,9.95,0.19,1,2011-08-31 14:35:00,2011-11-15 12:02:00,25,75,221.95333333333335,169.0,47.0,0.0
17779,658.57,8.031341463414634,5.9,49.5,0.95,397,4.841463414634147,36,1,3,73,73,2.803170731707317,12.5,0.21,1,2011-07-19 12:19:00,2011-11-18 14:15:00,21,122,219.52333333333334,132.33333333333334,24.333333333333332,0.4
17781,188.02,15.668333333333335,7.95,89.25,0.84,34,2.8333333333333335,10,1,2,12,12,5.5566666666666675,12.75,0.42,1,2011-03-31 19:54:00,2011-07-03 16:00:00,159,93,94.01,17.0,6.0,0.0
17783,283.47,4.23089552238806,3.9000000000000004,12.5,0.55,354,5.2835820895522385,25,1,2,67,67,1.922686567164179,8.5,0.29,1,2011-04-06 10:07:00,2011-09-28 16:07:00,72,175,141.735,177.0,33.5,0.0
17785,131.94,10.149230769230769,11.8,23.6,1.95,67,5.153846153846154,12,1,1,13,13,2.563076923076923,8.5,0.42,1,2011-10-17 13:43:00,2011-10-17 13:43:00,53,0,131.94,67.0,13.0,0.0
17786,278.74,3.871388888888889,3.125,15.12,0.39,200,2.7777777777777777,36,1,2,57,57,2.1241666666666665,8.5,0.29,1,2011-01-26 14:35:00,2011-09-15 12:51:00,85,231,139.37,100.0,28.5,0.0
17787,1865.19,13.919328358208956,10.35,67.5,1.25,910,6.791044776119403,48,1,4,94,94,2.8470895522388058,12.75,0.42,1,2010-12-03 13:43:00,2011-07-10 11:24:00,153,218,466.2975,227.5,23.5,0.0
17788,1117.9,223.58,8.5,826.2,3.25,211,42.2,108,1,2,3,3,5.42,8.5,2.75,1,2011-08-02 10:38:00,2011-09-27 10:09:00,74,55,558.95,105.5,1.5,0.0
17789,225.9,16.135714285714286,11.8,35.400000000000006,5.9,74,5.285714285714286,12,1,1,14,14,3.9714285714285715,12.75,1.45,1,2011-03-03 13:14:00,2011-03-03 13:14:00,281,0,225.9,74.0,14.0,0.0
17790,1965.55,10.345,8.5,58.0,0.95,836,4.4,40,1,14,121,121,3.126894736842105,16.95,0.29,1,2010-12-10 10:47:00,2011-11-13 11:30:00,27,338,140.39642857142857,59.714285714285715,8.642857142857142,0.0
17791,106.1,10.61,9.875,19.8,3.75,46,4.6,8,1,1,10,10,2.77,4.95,1.25,1,2011-11-10 12:09:00,2011-11-10 12:09:00,30,0,106.1,46.0,10.0,0.0
17793,323.04,5.5696551724137935,3.75,30.24,0.42,232,4.0,72,1,1,49,49,3.7682758620689656,16.95,0.39,1,2011-11-14 14:24:00,2011-11-14 14:24:00,25,0,323.04,232.0,49.0,0.0
17795,350.39,7.617173913043478,6.1000000000000005,25.200000000000003,1.1,341,7.413043478260869,36,1,2,43,43,1.9260869565217391,16.95,0.19,1,2011-03-20 12:02:00,2011-06-13 12:36:00,180,85,175.195,170.5,21.5,0.0
17796,697.9,8.510975609756096,5.925000000000001,39.6,0.85,178,2.1707317073170733,10,1,4,63,63,4.017073170731707,12.75,0.85,1,2010-12-05 12:23:00,2011-10-30 15:38:00,40,329,174.475,44.5,15.75,0.0
17797,780.43,7.0309009009009005,5.04,39.8,0.42,498,4.486486486486487,25,1,3,102,102,2.552792792792793,14.95,0.42,1,2011-06-10 11:29:00,2011-11-17 13:21:00,22,160,260.1433333333333,166.0,34.0,0.0
17799,3055.93,7.490024509803921,5.8,50.849999999999994,0.65,1758,4.3088235294117645,48,1,10,280,280,2.532769607843137,16.95,0.29,1,2010-12-13 13:10:00,2011-11-17 15:16:00,22,339,305.59299999999996,175.8,28.0,0.18181818181818182
17800,1199.01,11.528942307692308,7.65,60.0,0.65,736,7.076923076923077,48,1,9,51,51,2.200480769230769,9.95,0.42,1,2011-01-09 13:50:00,2011-11-02 12:57:00,37,296,133.22333333333333,81.77777777777777,5.666666666666667,0.0
17802,1285.04,9.178857142857142,5.1,70.8,0.55,752,5.371428571428571,36,1,3,102,103,2.2339285714285713,8.95,0.21,1,2010-12-02 13:44:00,2011-09-18 14:56:00,82,290,428.34666666666664,250.66666666666666,34.0,1.75
17805,512.31,51.230999999999995,35.82,184.32,2.1,478,47.8,288,1,1,10,10,2.257,3.75,0.42,1,2011-09-27 11:49:00,2011-09-27 11:49:00,74,0,512.31,478.0,10.0,0.0
17806,546.04,12.698604651162789,9.959999999999999,50.0,2.1,727,16.906976744186046,72,1,1,43,43,1.0211627906976743,4.95,0.19,1,2011-11-28 14:12:00,2011-11-28 14:12:00,11,0,546.04,727.0,43.0,0.0
17809,5411.91,88.71983606557377,61.199999999999996,425.0,0.95,2057,33.721311475409834,144,1,12,46,48,2.9057377049180326,8.25,0.21,1,2010-12-01 09:41:00,2011-11-23 12:59:00,16,357,450.9925,171.41666666666666,3.8333333333333335,0.2
17811,7837.7300000000005,9.210023501762633,4.95,204.0,0.19,4177,4.90834312573443,100,1,39,359,362,2.7256756756756757,16.95,0.19,1,2011-01-10 10:58:00,2011-12-05 13:46:00,4,329,200.9674358974359,107.1025641025641,9.205128205128204,0.4117647058823529
17812,732.16,5.192624113475177,2.95,30.0,0.38,350,2.482269503546099,24,1,4,113,113,3.029645390070922,24.95,0.19,1,2010-12-06 15:27:00,2011-11-27 11:47:00,13,355,183.04,87.5,28.25,0.0
17813,1770.8799999999999,4.773261455525606,3.3,39.8,0.29,790,2.129380053908356,36,1,5,297,297,3.3684636118598386,35.95,0.29,1,2011-09-29 15:57:00,2011-11-25 16:13:00,14,57,354.176,158.0,59.4,1.0
17816,36.56,2.150588235294118,2.08,5.1,0.42,30,1.7647058823529411,6,1,4,16,16,1.4105882352941177,2.95,0.25,1,2010-12-09 14:10:00,2011-11-03 11:34:00,37,328,9.14,7.5,4.0,0.0
17817,387.68,11.747878787878788,3.9,195.0,0.83,67,2.0303030303030303,6,1,3,32,32,9.148484848484848,195.0,0.42,1,2011-03-07 17:30:00,2011-12-05 14:39:00,4,272,129.22666666666666,22.333333333333332,10.666666666666666,0.0
17819,3704.87,77.18479166666667,55.349999999999994,350.4,1.1,1031,21.479166666666668,50,1,7,36,36,4.4487499999999995,15.95,0.29,1,2010-12-03 14:26:00,2011-09-29 10:52:00,72,299,529.2671428571429,147.28571428571428,5.142857142857143,0.125
17824,298.4,22.95384615384615,25.0,41.76,10.08,408,31.384615384615383,144,8,1,13,13,1.0692307692307692,3.75,0.29,1,2011-10-19 14:14:00,2011-10-19 14:14:00,51,0,298.4,408.0,13.0,0.0
17827,1995.46,9.070272727272727,5.9,50.8,0.19,1247,5.668181818181818,48,1,5,190,190,2.3783636363636362,12.75,0.19,1,2010-12-10 10:18:00,2011-12-04 15:00:00,5,359,399.092,249.4,38.0,0.0
17828,1820.09,27.1655223880597,17.4,455.0,5.0,667,9.955223880597014,48,1,4,54,54,5.273432835820896,65.0,0.29,1,2011-06-08 08:31:00,2011-11-17 08:41:00,23,162,455.0225,166.75,13.5,1.6666666666666667
17829,889.24,29.641333333333332,25.35,65.4,15.0,496,16.533333333333335,72,2,1,30,30,2.5856666666666666,7.95,0.65,1,2011-02-14 12:46:00,2011-02-14 12:46:00,299,0,889.24,496.0,30.0,0.0
17830,398.7,17.33478260869565,17.0,31.8,9.95,92,4.0,12,1,3,18,18,6.01304347826087,12.75,1.45,1,2011-02-24 10:15:00,2011-12-08 12:28:00,2,287,132.9,30.666666666666668,6.0,0.0
17831,35.400000000000006,17.700000000000003,17.700000000000003,17.700000000000003,17.700000000000003,12,6.0,6,6,1,2,2,2.95,2.95,2.95,1,2011-11-06 15:09:00,2011-11-06 15:09:00,33,0,35.400000000000006,12.0,2.0,0.0
17832,155.37,2.547049180327869,1.25,14.850000000000001,0.29,208,3.4098360655737703,36,1,1,61,61,1.1116393442622952,5.95,0.12,1,2011-10-21 11:43:00,2011-10-21 11:43:00,50,0,155.37,208.0,61.0,0.0
17835,350.64,5.7481967213114755,4.16,30.0,0.79,348,5.704918032786885,60,1,3,45,45,1.6985245901639343,7.95,0.38,1,2011-11-16 16:30:00,2011-12-07 11:48:00,3,20,116.88,116.0,15.0,0.0
17836,110.21000000000001,4.592083333333334,2.09,29.7,0.38,88,3.6666666666666665,18,1,1,23,23,1.3658333333333335,2.95,0.29,1,2011-10-23 16:13:00,2011-10-23 16:13:00,47,0,110.21000000000001,88.0,23.0,0.0
17837,1593.38,9.42828402366864,7.5,59.699999999999996,0.42,518,3.06508875739645,12,1,8,110,111,3.8654437869822487,16.95,0.39,1,2011-06-29 16:44:00,2011-10-28 16:13:00,42,120,199.1725,64.75,13.75,0.3
17838,2779.3,22.969421487603306,18.849999999999998,125.0,3.3,1879,15.52892561983471,192,1,5,96,96,3.797685950413223,125.0,0.29,1,2010-12-02 15:55:00,2011-11-13 11:20:00,27,345,555.86,375.8,19.2,2.6666666666666665
17839,338.8,6.05,5.0,19.799999999999997,0.42,285,5.089285714285714,25,1,1,50,50,1.7505357142857143,5.95,0.42,1,2011-10-28 17:27:00,2011-10-28 17:27:00,42,0,338.8,285.0,50.0,0.0
17841,40991.57,5.223852427679368,2.95,349.5,0.29,23071,2.9401044985344718,288,1,124,1323,1345,2.52943672741175,39.95,0.04,1,2010-12-01 14:41:00,2011-12-08 12:07:00,2,371,330.5771774193548,186.05645161290323,10.669354838709678,0.8047337278106509
17843,205.48,5.553513513513513,4.2,15.0,0.85,113,3.054054054054054,24,1,1,36,36,3.2051351351351354,8.95,0.2,1,2011-02-09 15:33:00,2011-02-09 15:33:00,303,0,205.48,113.0,36.0,0.0
17844,51.559999999999995,10.312,10.0,15.0,6.64,52,10.4,16,8,1,5,5,0.998,1.25,0.83,1,2011-08-25 11:27:00,2011-08-25 11:27:00,107,0,51.559999999999995,52.0,5.0,0.0
17846,2033.1,2033.1,2033.1,2033.1,2033.1,1,1.0,1,1,1,1,1,2033.1,2033.1,2033.1,1,2011-09-15 15:20:00,2011-09-15 15:20:00,85,0,2033.1,1.0,1.0,0.0
17848,901.1999999999999,17.670588235294115,5.9,148.72,0.5700000000000001,398,7.803921568627451,88,1,9,41,41,4.231372549019608,12.75,0.16,1,2010-12-16 18:38:00,2011-09-19 16:49:00,81,276,100.13333333333333,44.22222222222222,4.555555555555555,0.0
17849,605.8000000000001,23.300000000000004,11.925,79.9,0.95,114,4.384615384615385,36,1,4,14,15,10.323076923076924,39.95,0.85,1,2011-01-10 11:59:00,2011-05-05 13:46:00,218,115,151.45000000000002,28.5,3.5,0.0
17850,5391.21,18.15222222222222,15.299999999999999,107.25,6.36,1733,5.835016835016835,12,2,34,21,21,3.9603703703703705,35.75,1.06,1,2010-12-01 08:26:00,2010-12-02 15:27:00,372,1,158.565,50.970588235294116,0.6176470588235294,0.42857142857142855
17852,114.34,4.764166666666667,4.65,8.3,1.25,53,2.2083333333333335,6,1,2,21,21,2.3679166666666664,4.95,0.85,1,2011-11-28 12:31:00,2011-11-28 12:36:00,12,0,57.17,26.5,10.5,0.0
17854,311.26,20.750666666666667,9.9,102.0,1.9500000000000002,84,5.6,12,2,2,15,15,3.586,12.75,0.65,1,2011-04-26 16:53:00,2011-06-07 16:21:00,185,41,155.63,42.0,7.5,0.0
17855,208.97,12.292352941176471,10.2,30.0,5.04,197,11.588235294117647,24,1,1,17,17,1.7658823529411765,9.95,0.42,1,2010-12-02 09:44:00,2010-12-02 09:44:00,373,0,208.97,197.0,17.0,0.0
17856,1418.03,94.53533333333333,45.0,433.92,5.9,842,56.13333333333333,288,1,4,12,12,3.5593333333333335,15.0,0.65,1,2011-03-03 11:40:00,2011-12-08 09:40:00,2,279,354.5075,210.5,3.0,0.3333333333333333
17857,26879.04,497.76,292.5,1695.0,5.5,19256,356.5925925925926,1600,1,23,19,19,10.332407407407405,250.0,0.25,1,2010-12-09 11:35:00,2011-12-05 13:13:00,4,361,1168.6539130434783,837.2173913043479,0.8260869565217391,0.08
17858,5155.66,25.9078391959799,14.95,163.2,1.1,2706,13.597989949748744,192,1,12,101,102,5.885075376884423,29.95,0.55,1,2010-12-05 13:08:00,2011-12-04 11:56:00,6,363,429.6383333333333,225.5,8.416666666666666,0.0
17859,148.21,5.9284,1.65,39.6,0.21,127,5.08,36,1,1,23,23,1.8108000000000002,4.95,0.21,1,2011-02-08 10:32:00,2011-02-08 10:32:00,305,0,148.21,127.0,23.0,0.0
17860,252.8,4.358620689655172,2.55,31.8,0.65,104,1.793103448275862,12,1,1,49,49,2.556379310344828,7.95,0.29,1,2010-12-06 12:41:00,2010-12-06 12:41:00,369,0,252.8,104.0,49.0,0.0
17861,2100.8,9.463063063063064,7.5,61.199999999999996,0.39,1988,8.954954954954955,72,1,8,172,173,2.4218018018018017,16.95,0.12,1,2011-01-24 11:34:00,2011-12-06 16:21:00,3,316,262.6,248.5,21.5,0.1111111111111111
17862,330.9,30.08181818181818,19.8,90.0,8.5,100,9.090909090909092,24,1,1,11,11,5.145454545454545,9.95,1.25,1,2011-01-20 12:23:00,2011-01-20 12:23:00,324,0,330.9,100.0,11.0,0.0
17863,3160.0,21.35135135135135,16.6,102.0,5.04,2638,17.824324324324323,144,2,6,110,111,1.547027027027027,8.5,0.29,1,2010-12-05 13:21:00,2011-10-11 13:45:00,59,310,526.6666666666666,439.6666666666667,18.333333333333332,0.0
17864,597.5,5.857843137254902,5.04,25.5,0.55,810,7.9411764705882355,36,1,3,70,70,1.8047058823529414,8.5,0.21,1,2011-03-09 11:44:00,2011-11-27 11:15:00,13,262,199.16666666666666,270.0,23.333333333333332,0.0
17865,10526.32,28.449513513513512,18.25,285.6,1.25,5757,15.55945945945946,96,1,20,191,192,2.7636756756756755,16.95,0.39,1,2010-12-10 14:53:00,2011-11-09 12:08:00,31,333,526.316,287.85,9.55,0.7037037037037037
17866,329.65,36.62777777777777,27.8,75.0,15.299999999999999,174,19.333333333333332,60,3,1,9,9,3.4000000000000004,7.95,1.25,1,2011-07-20 11:07:00,2011-07-20 11:07:00,143,0,329.65,174.0,9.0,0.5
17867,1197.1000000000001,15.153164556962027,2.55,561.6,0.19,542,6.860759493670886,288,1,6,62,62,2.3807594936708862,14.95,0.19,1,2011-02-24 12:25:00,2011-11-09 14:15:00,30,258,199.51666666666668,90.33333333333333,10.333333333333334,0.25
17869,428.18,10.7045,6.725,45.0,0.42,111,2.775,12,1,5,37,37,6.1585,29.95,0.29,1,2010-12-06 17:16:00,2011-08-24 16:16:00,107,260,85.636,22.2,7.4,0.0
17870,1894.35,6.7897849462365585,3.75,326.4,0.29,1401,5.021505376344086,128,1,12,214,214,2.2145161290322584,16.95,0.06,1,2010-12-08 08:12:00,2011-12-07 15:07:00,2,364,157.86249999999998,116.75,17.833333333333332,0.07692307692307693
17871,155.9,15.59,16.6,33.0,2.88,182,18.2,48,4,1,10,10,2.132,4.15,0.12,1,2011-05-19 11:32:00,2011-05-19 11:32:00,205,0,155.9,182.0,10.0,0.0
17873,1859.16,42.25363636363637,34.8,129.38,1.95,1047,23.795454545454547,48,1,5,24,24,4.690227272727273,129.38,0.42,1,2010-12-01 14:54:00,2011-09-20 16:41:00,80,293,371.832,209.4,4.8,0.3333333333333333
17874,683.46,14.857826086956523,7.68,76.45,2.08,221,4.804347826086956,36,1,6,37,38,4.084565217391304,16.95,0.29,1,2011-03-29 11:25:00,2011-06-07 12:54:00,185,70,113.91000000000001,36.833333333333336,6.166666666666667,0.14285714285714285
17877,237.61,19.800833333333333,8.579999999999998,79.6,2.1,98,8.166666666666666,24,1,1,12,12,3.5408333333333335,9.95,0.29,1,2011-06-22 13:00:00,2011-06-22 13:00:00,170,0,237.61,98.0,12.0,0.0
17878,379.45,14.59423076923077,10.780000000000001,47.2,4.68,401,15.423076923076923,72,1,1,26,26,2.246153846153846,9.95,0.29,1,2011-10-27 11:24:00,2011-10-27 11:24:00,44,0,379.45,401.0,26.0,0.0
17879,178.51999999999998,29.75333333333333,11.024999999999999,129.35999999999999,1.16,45,7.5,24,1,1,6,6,3.638333333333333,7.95,0.29,1,2011-06-19 12:36:00,2011-06-19 12:36:00,174,0,178.51999999999998,45.0,6.0,0.0
17880,458.92,17.65076923076923,17.700000000000003,30.599999999999998,10.08,314,12.076923076923077,36,2,1,26,26,2.4615384615384617,7.95,0.42,1,2010-12-10 10:21:00,2010-12-10 10:21:00,365,0,458.92,314.0,26.0,0.0
17881,133.35000000000002,16.668750000000003,8.225,55.800000000000004,4.95,32,4.0,12,1,1,8,8,4.53125,5.95,2.1,1,2011-02-08 17:16:00,2011-02-08 17:16:00,304,0,133.35000000000002,32.0,8.0,0.0
17883,671.77,4.632896551724138,2.95,51.0,0.21,379,2.613793103448276,20,1,4,133,133,2.2995172413793106,12.75,0.19,1,2011-04-07 19:16:00,2011-12-06 17:49:00,3,242,167.9425,94.75,33.25,0.0
17884,717.45,6.1320512820512825,3.75,42.5,0.42,854,7.299145299145299,80,1,4,107,107,1.9159829059829059,9.95,0.06,1,2010-12-03 12:11:00,2011-12-06 11:33:00,4,367,179.3625,213.5,26.75,0.0
17885,190.19,2.97171875,2.08,11.7,0.42,167,2.609375,24,1,1,50,50,2.215,8.5,0.12,1,2011-11-27 14:40:00,2011-11-27 14:40:00,12,0,190.19,167.0,50.0,0.0
17886,899.61,8.253302752293578,3.25,118.8,0.39,481,4.412844036697248,72,1,3,93,94,2.988348623853211,16.95,0.21,1,2011-04-04 12:34:00,2011-11-08 10:09:00,32,217,299.87,160.33333333333334,31.0,0.0
17887,111.35,11.135,7.2,39.9,1.65,30,3.0,12,1,1,10,10,5.235,19.95,1.25,1,2011-08-02 17:29:00,2011-08-02 17:29:00,129,0,111.35,30.0,10.0,0.0
17888,726.05,10.836567164179105,8.850000000000001,72.0,0.95,980,14.626865671641792,200,1,8,60,60,2.974925373134328,12.75,0.08,1,2010-12-17 13:56:00,2011-11-18 13:45:00,21,335,90.75625,122.5,7.5,1.4
17889,203.87,9.708095238095238,6.6,47.6,0.42,79,3.761904761904762,18,1,2,20,20,3.4580952380952383,8.5,0.42,1,2011-01-21 17:14:00,2011-05-11 16:26:00,212,109,101.935,39.5,10.0,0.0
17890,602.09,6.405212765957447,5.0,30.0,0.85,416,4.425531914893617,36,1,2,88,88,2.4690425531914895,12.75,0.25,1,2010-12-13 15:12:00,2011-01-21 11:19:00,323,38,301.045,208.0,44.0,0.0
17891,203.85999999999999,5.995882352941176,5.04,20.4,1.25,393,11.558823529411764,24,1,1,34,34,0.711764705882353,2.95,0.42,1,2011-06-30 20:08:00,2011-06-30 20:08:00,162,0,203.85999999999999,393.0,34.0,0.0
17892,244.1,8.717857142857143,4.6,91.8,0.85,109,3.892857142857143,36,1,3,27,27,3.275,12.75,0.42,1,2011-07-07 12:56:00,2011-10-14 16:49:00,56,99,81.36666666666666,36.333333333333336,9.0,0.0
17893,112.25,7.015625,5.04,21.0,1.65,161,10.0625,50,1,1,15,15,2.0949999999999998,9.95,0.42,1,2011-04-28 13:50:00,2011-04-28 13:50:00,225,0,112.25,161.0,15.0,0.0
17894,1119.81,5.802124352331606,3.3,149.25,0.39,405,2.098445595854922,15,1,8,127,128,2.7942487046632123,15.95,0.21,1,2010-12-08 14:50:00,2011-09-29 09:23:00,72,294,139.97625,50.625,15.875,0.0
17895,98.0,6.125,5.07,15.0,1.56,130,8.125,36,1,1,15,15,1.860625,8.25,0.19,1,2011-10-26 17:00:00,2011-10-26 17:00:00,44,0,98.0,130.0,15.0,0.0
17896,256.32,128.16,128.16,152.64000000000001,103.67999999999999,288,144.0,144,144,1,2,2,0.89,1.06,0.72,1,2011-11-16 13:59:00,2011-11-16 13:59:00,23,0,256.32,288.0,2.0,0.0
17897,566.6,4.970175438596492,3.3899999999999997,79.9,0.42,229,2.008771929824561,12,1,3,100,100,3.0799122807017545,39.95,0.29,1,2010-12-01 12:31:00,2011-06-20 11:23:00,173,200,188.86666666666667,76.33333333333333,33.333333333333336,0.25
17898,152.06,5.430714285714286,3.825,15.299999999999999,0.42,190,6.785714285714286,48,1,2,27,27,1.4814285714285713,3.75,0.29,1,2011-05-16 17:13:00,2011-09-15 14:56:00,85,121,76.03,95.0,13.5,0.0
17899,155.8,4.86875,3.75,17.4,0.42,171,5.34375,36,1,1,29,29,2.384375,16.95,0.38,1,2011-07-03 14:58:00,2011-07-03 14:58:00,159,0,155.8,171.0,29.0,0.0
17900,112.19999999999999,18.7,15.0,34.8,15.0,73,12.166666666666666,24,1,2,4,4,3.608333333333333,15.0,1.25,1,2011-06-02 14:28:00,2011-06-02 14:38:00,190,0,56.099999999999994,36.5,2.0,1.25
17901,110.38,5.809473684210526,4.98,16.95,0.39,24,1.263157894736842,2,1,1,19,19,5.328947368421052,16.95,0.39,1,2011-11-10 17:29:00,2011-11-10 17:29:00,29,0,110.38,24.0,19.0,0.0
17904,191.67,5.043947368421052,3.75,29.849999999999998,0.85,63,1.6578947368421053,12,1,1,33,33,3.617894736842105,12.75,0.42,1,2011-11-18 12:57:00,2011-11-18 12:57:00,21,0,191.67,63.0,33.0,0.5
17905,800.24,23.536470588235293,8.6,181.25,1.25,407,11.970588235294118,125,1,4,33,33,3.793823529411765,19.95,0.29,1,2010-12-01 13:21:00,2011-09-29 17:33:00,71,302,200.06,101.75,8.25,0.0
17906,72.9,6.075,5.425000000000001,16.95,1.65,26,2.1666666666666665,4,1,1,12,12,3.8249999999999997,16.95,0.85,1,2011-04-06 17:25:00,2011-04-06 17:25:00,247,0,72.9,26.0,12.0,0.0
17908,243.28,4.19448275862069,2.95,19.049999999999997,0.42,173,2.9827586206896552,28,1,1,51,51,2.6725862068965514,7.95,0.12,1,2010-12-01 11:45:00,2010-12-01 11:45:00,374,0,243.28,173.0,51.0,0.0
17911,366.23,9.390512820512821,6.25,29.88,1.25,223,5.717948717948718,36,1,1,39,39,2.181025641025641,8.5,0.42,1,2011-11-30 14:52:00,2011-11-30 14:52:00,9,0,366.23,223.0,39.0,0.0
17912,311.01,8.184473684210525,8.675,34.0,0.95,185,4.868421052631579,48,1,5,35,35,3.9815789473684213,12.75,0.21,1,2010-12-10 11:11:00,2011-02-02 14:25:00,310,54,62.202,37.0,7.0,0.3333333333333333
17913,411.6,6.976271186440679,4.25,33.199999999999996,0.85,289,4.898305084745763,48,1,2,55,55,2.434237288135593,7.95,0.42,1,2010-12-19 11:35:00,2011-10-12 10:45:00,59,296,205.8,144.5,27.5,0.0
17914,336.43,4.205375,2.2800000000000002,27.839999999999996,0.39,473,5.9125,96,1,1,72,72,1.9649999999999999,9.95,0.19,1,2011-12-06 11:58:00,2011-12-06 11:58:00,4,0,336.43,473.0,72.0,0.0
17917,341.28,3.63063829787234,2.95,16.95,0.8,187,1.9893617021276595,10,1,3,77,77,2.2280851063829785,16.95,0.16,1,2010-12-12 12:08:00,2011-10-25 13:20:00,45,317,113.75999999999999,62.333333333333336,25.666666666666668,0.0
17919,1304.04,56.697391304347825,45.0,238.79999999999998,10.08,756,32.869565217391305,72,12,1,23,23,2.1630434782608696,9.95,0.39,1,2011-09-12 13:41:00,2011-09-12 13:41:00,88,0,1304.04,756.0,23.0,0.0
17920,4204.1,6.040373563218392,3.3,76.5,0.12,2516,3.6149425287356323,288,1,17,407,410,2.3329741379310347,16.95,0.12,1,2010-12-01 11:49:00,2011-12-05 14:29:00,4,369,247.3,148.0,23.941176470588236,0.0
17921,826.52,5.700137931034483,4.2,25.0,0.42,430,2.9655172413793105,20,1,4,114,114,2.348689655172414,9.95,0.29,1,2011-03-18 13:19:00,2011-10-06 18:56:00,64,202,206.63,107.5,28.5,0.0
17923,207.50000000000003,207.50000000000003,207.50000000000003,207.50000000000003,207.50000000000003,50,50.0,50,50,1,1,1,4.15,4.15,4.15,1,2011-03-02 15:15:00,2011-03-02 15:15:00,282,0,207.50000000000003,50.0,1.0,0.0
17924,2962.5,95.56451612903226,60.0,367.20000000000005,21.0,1160,37.41935483870968,120,6,7,26,26,3.246451612903226,8.15,0.29,1,2010-12-01 10:51:00,2011-11-28 09:11:00,12,361,423.2142857142857,165.71428571428572,3.7142857142857144,0.5384615384615384
17925,244.08,244.08,244.08,244.08,244.08,72,72.0,72,72,1,1,1,3.39,3.39,3.39,1,2010-12-02 10:10:00,2010-12-02 10:10:00,373,0,244.08,72.0,1.0,0.0
17926,397.29,18.91857142857143,17.700000000000003,35.7,2.88,306,14.571428571428571,48,2,2,17,17,3.1552380952380954,9.95,0.12,1,2011-05-20 09:24:00,2011-07-29 14:39:00,133,70,198.645,153.0,8.5,0.0
17928,212.54,9.240869565217391,3.75,71.4,0.84,140,6.086956521739131,72,1,2,23,23,2.988695652173913,16.95,0.39,1,2011-04-07 18:03:00,2011-10-25 13:52:00,45,200,106.27,70.0,11.5,0.0
17929,843.0,168.6,136.0,272.0,98.10000000000001,108,21.6,32,16,4,4,4,7.57,9.95,5.45,1,2011-02-04 11:40:00,2011-11-28 16:01:00,11,297,210.75,27.0,1.0,0.2
17930,1740.48,44.62769230769231,19.799999999999997,201.6,7.4399999999999995,1594,40.87179487179487,480,8,5,26,26,1.4825641025641025,3.75,0.29,1,2011-04-14 15:46:00,2011-11-04 10:23:00,36,203,348.096,318.8,5.2,0.0
17931,408.36,6.282461538461539,4.55,69.96000000000001,0.42,249,3.830769230769231,66,1,2,63,63,3.069384615384615,12.75,0.29,1,2011-03-29 12:31:00,2011-07-28 18:33:00,134,121,204.18,124.5,31.5,0.0
17932,1331.57,14.795222222222222,15.0,25.5,5.04,789,8.766666666666667,24,1,3,84,84,2.7395555555555555,12.75,0.42,1,2011-05-12 13:58:00,2011-11-10 19:49:00,29,182,443.8566666666666,263.0,28.0,0.0
17934,704.25,33.535714285714285,24.900000000000002,105.0,6.959999999999999,478,22.761904761904763,84,1,2,21,21,3.4528571428571433,16.95,0.29,1,2011-10-12 10:50:00,2011-10-19 11:16:00,52,7,352.125,239.0,10.5,0.0
17935,145.79,5.027241379310345,2.9,20.1,0.55,82,2.8275862068965516,12,1,2,28,28,1.8672413793103448,8.5,0.55,1,2011-07-21 11:23:00,2011-07-24 13:18:00,138,3,72.895,41.0,14.0,0.0
17936,389.84,5.062857142857142,2.95,48.75,0.29,262,3.4025974025974026,25,1,1,68,68,2.384025974025974,9.95,0.29,1,2011-12-04 13:32:00,2011-12-04 13:32:00,5,0,389.84,262.0,68.0,0.0
17937,4301.22,100.02837209302326,75.0,261.6,21.599999999999998,1754,40.7906976744186,80,6,7,19,19,3.473255813953488,9.95,0.36,1,2010-12-12 14:43:00,2011-12-01 11:45:00,9,353,614.46,250.57142857142858,2.7142857142857144,0.0
17939,99.14,8.261666666666667,8.9,25.200000000000003,0.39,40,3.3333333333333335,12,1,1,12,12,2.455833333333333,4.95,0.39,1,2011-07-03 12:27:00,2011-07-03 12:27:00,160,0,99.14,40.0,12.0,0.0
17940,4106.4400000000005,216.1284210526316,95.04,1867.86,54.0,9755,513.421052631579,1296,1,10,6,6,98.52894736842104,1867.86,0.2,1,2011-02-10 09:29:00,2011-10-21 13:27:00,49,253,410.64400000000006,975.5,0.6,0.2857142857142857
17941,304.56,152.28,152.28,165.36,139.2,252,126.0,156,96,1,2,2,1.255,1.45,1.06,1,2011-08-01 08:30:00,2011-08-01 08:30:00,131,0,304.56,252.0,2.0,0.0
17942,77.50000000000001,38.75000000000001,38.75000000000001,75.60000000000001,1.9,38,19.0,36,2,1,2,2,1.525,2.1,0.95,1,2011-12-02 10:45:00,2011-12-02 10:45:00,8,0,77.50000000000001,38.0,2.0,0.0
17946,149.57999999999998,7.478999999999999,5.1,49.9,1.25,75,3.75,12,1,2,18,18,3.1445,24.95,0.29,1,2011-03-25 14:34:00,2011-04-20 17:00:00,233,26,74.78999999999999,37.5,9.0,0.0
17947,176.68,19.63111111111111,16.599999999999998,42.96,5.04,168,18.666666666666668,32,12,1,9,9,0.9422222222222223,1.79,0.42,1,2011-11-02 13:05:00,2011-11-02 13:05:00,37,0,176.68,168.0,9.0,0.0
17948,358.56000000000006,358.56000000000006,358.56000000000006,358.56000000000006,358.56000000000006,144,144.0,144,144,1,1,1,2.49,2.49,2.49,1,2011-07-15 12:58:00,2011-07-15 12:58:00,147,0,358.56000000000006,144.0,1.0,0.0
17949,58510.48,835.864,610.5600000000001,4401.0,23.2,30546,436.37142857142857,1992,16,45,29,30,3.3914285714285715,10.95,0.34,1,2010-12-03 13:12:00,2011-12-08 18:46:00,1,370,1300.232888888889,678.8,0.6444444444444445,0.17307692307692307
17950,482.2,6.791549295774648,4.2,37.5,0.21,366,5.154929577464789,40,1,3,63,63,2.3209859154929577,12.5,0.21,1,2010-12-09 15:16:00,2011-09-28 15:18:00,72,293,160.73333333333332,122.0,21.0,0.25
17951,1008.5400000000001,50.42700000000001,33.0,177.60000000000002,6.959999999999999,616,30.8,96,4,3,18,18,2.2085,12.75,0.29,1,2010-12-01 12:40:00,2011-10-31 12:30:00,40,333,336.18,205.33333333333334,6.0,0.25
17954,2332.72,4.809731958762886,3.4,60.48,0.39,2234,4.606185567010309,288,1,12,326,329,1.942103092783505,9.95,0.21,1,2010-12-03 14:18:00,2011-12-04 14:15:00,5,365,194.39333333333332,186.16666666666666,27.166666666666668,0.25
17955,557.3,29.331578947368417,24.75,163.2,1.45,273,14.368421052631579,192,1,4,14,14,5.631052631578947,8.5,0.42,1,2011-05-04 12:29:00,2011-05-25 12:00:00,199,20,139.325,68.25,3.5,0.0
17956,12.75,12.75,12.75,12.75,12.75,1,1.0,1,1,1,1,1,12.75,12.75,12.75,1,2011-04-04 13:47:00,2011-04-04 13:47:00,249,0,12.75,1.0,1.0,0.0
17957,111.68,3.6025806451612907,2.55,10.5,0.42,287,9.258064516129032,37,1,1,31,31,1.3490322580645162,5.95,0.06,1,2011-10-04 14:58:00,2011-10-04 14:58:00,66,0,111.68,287.0,31.0,0.0
17958,508.4599999999999,72.63714285714285,25.5,372.29999999999995,4.16,84,12.0,34,2,1,7,7,4.04,10.95,1.25,1,2011-08-15 12:19:00,2011-08-15 12:19:00,117,0,508.4599999999999,84.0,7.0,0.0
17960,73.78,2.8376923076923077,1.6749999999999998,20.650000000000002,0.42,41,1.5769230769230769,7,1,1,26,26,1.7196153846153845,4.95,0.21,1,2011-06-21 14:15:00,2011-06-21 14:15:00,171,0,73.78,41.0,26.0,0.0
17961,1296.44,5.206586345381527,3.25,125.0,0.29,560,2.248995983935743,12,1,39,211,211,3.2722489959839356,125.0,0.14,1,2010-12-02 19:18:00,2011-11-18 16:55:00,21,350,33.242051282051285,14.35897435897436,5.410256410256411,0.0
17962,102.83,2.938,2.1,10.44,0.38,128,3.657142857142857,36,1,1,33,33,1.6517142857142857,9.95,0.12,1,2011-07-20 14:16:00,2011-07-20 14:16:00,142,0,102.83,128.0,33.0,0.0
17964,471.7,4.535576923076923,2.5,29.75,0.42,301,2.894230769230769,48,1,2,84,84,2.680192307692308,16.95,0.21,1,2010-12-02 13:32:00,2011-11-08 10:44:00,32,340,235.85,150.5,42.0,0.0
17965,2622.57,7.971337386018238,7.5,31.8,0.42,1556,4.729483282674772,48,1,14,274,274,3.4882370820668696,25.0,0.1,1,2010-12-05 15:54:00,2011-11-02 09:31:00,38,331,187.32642857142858,111.14285714285714,19.571428571428573,0.0
17966,1098.43,16.15338235294118,5.65,72.0,0.78,2571,37.80882352941177,200,1,5,53,55,1.4894117647058824,12.5,0.29,1,2011-03-23 17:25:00,2011-11-02 10:26:00,38,223,219.686,514.2,10.6,0.0
17967,123.07,2.5639583333333333,1.65,19.9,0.21,80,1.6666666666666667,12,1,1,41,41,1.8797916666666667,9.95,0.21,1,2010-12-03 11:19:00,2010-12-03 11:19:00,372,0,123.07,80.0,41.0,0.0
17968,277.35,3.2629411764705885,2.1,13.52,0.29,160,1.8823529411764706,8,1,1,74,74,1.9291764705882353,7.95,0.29,1,2010-12-01 12:23:00,2010-12-01 12:23:00,374,0,277.35,160.0,74.0,0.0
17969,228.2,16.3,8.375,75.0,0.95,152,10.857142857142858,60,1,2,14,14,4.701428571428571,14.95,0.3,1,2010-12-13 15:34:00,2011-06-26 13:00:00,166,194,114.1,76.0,7.0,0.0
17970,582.59,18.793225806451613,12.5,102.0,4.2,525,16.93548387096774,120,1,1,27,27,2.9658064516129032,12.75,0.29,1,2011-05-12 20:03:00,2011-05-12 20:03:00,211,0,582.59,525.0,27.0,0.0
17972,136.04,4.388387096774193,3.75,15.95,0.85,37,1.1935483870967742,6,1,1,30,30,4.230322580645161,15.95,0.39,1,2011-04-12 12:16:00,2011-04-12 12:16:00,242,0,136.04,37.0,30.0,0.0
17973,337.04,22.469333333333335,15.0,49.800000000000004,5.76,176,11.733333333333333,48,2,1,15,15,3.244,7.95,0.12,1,2011-10-19 10:34:00,2011-10-19 10:34:00,52,0,337.04,176.0,15.0,0.0
17974,740.79,4.138491620111732,3.25,30.0,0.24,519,2.899441340782123,36,1,3,143,143,2.024245810055866,9.95,0.12,1,2011-05-04 11:50:00,2011-11-15 11:37:00,25,194,246.92999999999998,173.0,47.666666666666664,0.0
17975,4488.81,15.16489864864865,7.9,98.10000000000001,0.42,1568,5.297297297297297,48,1,13,189,189,3.1686824324324325,16.95,0.19,1,2010-12-08 11:38:00,2011-11-24 13:27:00,15,351,345.29307692307697,120.61538461538461,14.538461538461538,0.07142857142857142
17976,353.19,5.433692307692308,3.75,31.75,0.65,106,1.6307692307692307,6,1,1,56,56,3.532,12.75,0.19,1,2010-12-02 13:49:00,2010-12-02 13:49:00,372,0,353.19,106.0,56.0,0.0
17977,288.14,13.72095238095238,8.4,79.8,2.34,342,16.285714285714285,96,1,1,19,19,3.2476190476190476,19.95,0.29,1,2011-11-10 13:28:00,2011-11-10 13:28:00,29,0,288.14,342.0,19.0,0.0
17978,300.91999999999996,25.076666666666664,10.65,155.51999999999998,2.55,499,41.583333333333336,432,1,1,12,12,2.3633333333333333,7.95,0.36,1,2010-12-09 14:05:00,2010-12-09 14:05:00,365,0,300.91999999999996,499.0,12.0,0.0
17979,757.71,5.189794520547945,2.95,54.08,0.39,397,2.719178082191781,32,1,4,116,116,2.338082191780822,12.75,0.39,1,2011-03-25 11:34:00,2011-11-04 12:05:00,36,224,189.4275,99.25,29.0,0.2
17980,811.45,27.048333333333336,11.75,127.2,0.55,682,22.733333333333334,120,1,3,23,23,2.2036666666666664,8.5,0.55,1,2010-12-15 15:50:00,2011-06-27 12:01:00,166,193,270.48333333333335,227.33333333333334,7.666666666666667,0.0
17984,152.68,3.1808333333333336,1.825,15.8,0.42,98,2.0416666666666665,12,1,1,48,48,2.066666666666667,12.75,0.21,1,2011-07-17 15:59:00,2011-07-17 15:59:00,145,0,152.68,98.0,48.0,0.0
17985,634.95,27.606521739130436,24.75,69.5,1.7999999999999998,183,7.956521739130435,30,1,1,20,20,4.469565217391304,12.75,0.3,1,2011-11-17 14:24:00,2011-11-17 14:24:00,22,0,634.95,183.0,20.0,0.0
17986,20.8,20.8,20.8,20.8,20.8,10,10.0,10,10,1,1,1,2.08,2.08,2.08,1,2011-10-14 14:22:00,2011-10-14 14:22:00,56,0,20.8,10.0,1.0,0.0
17987,198.57,15.274615384615384,11.7,40.8,1.6800000000000002,261,20.076923076923077,48,5,1,13,13,0.9092307692307693,1.95,0.14,1,2011-06-07 14:22:00,2011-06-07 14:22:00,185,0,198.57,261.0,13.0,0.0
17988,201.12,5.292631578947368,2.95,39.95,0.29,43,1.131578947368421,3,1,7,37,37,5.094736842105263,39.95,0.29,1,2011-01-17 11:59:00,2011-11-28 11:00:00,12,314,28.731428571428573,6.142857142857143,5.285714285714286,0.125
17990,630.84,21.753103448275862,19.8,46.5,10.08,414,14.275862068965518,36,3,3,27,27,2.3224137931034488,4.95,0.42,1,2010-12-13 12:10:00,2011-04-17 11:44:00,237,124,210.28,138.0,9.0,0.0
17991,93.35,18.669999999999998,2.95,59.0,2.95,25,5.0,20,1,2,4,4,4.91,12.75,2.95,1,2011-04-27 16:39:00,2011-04-28 15:58:00,225,0,46.675,12.5,2.0,0.0
17994,678.49,8.37641975308642,5.9,75.0,0.84,497,6.135802469135802,60,1,4,63,63,2.3518518518518516,16.95,0.42,1,2011-02-22 11:02:00,2011-08-10 11:41:00,122,169,169.6225,124.25,15.75,0.5
17995,76.1,38.05,38.05,52.5,23.6,133,66.5,125,8,1,2,2,1.685,2.95,0.42,1,2011-03-03 12:30:00,2011-03-03 12:30:00,282,0,76.1,133.0,2.0,0.0
17997,1970.6699999999998,11.871506024096385,6.795,97.80000000000001,0.29,2298,13.843373493975903,240,1,8,133,133,1.5156024096385543,19.95,0.06,1,2011-06-28 17:28:00,2011-09-26 16:13:00,74,89,246.33374999999998,287.25,16.625,1.1666666666666667
17999,382.06,4.108172043010753,2.95,19.8,0.38,221,2.3763440860215055,24,1,2,87,87,2.822903225806452,16.95,0.19,1,2010-12-08 15:17:00,2011-11-02 15:56:00,37,329,191.03,110.5,43.5,0.0
18001,417.23,7.193620689655173,3.825,40.56,0.55,363,6.258620689655173,50,1,2,56,56,2.8377586206896552,16.95,0.42,1,2011-09-14 11:21:00,2011-11-27 16:02:00,12,74,208.615,181.5,28.0,0.0
18004,169.47,4.23675,3.125,15.9,0.84,78,1.95,10,1,1,32,32,2.76525,12.75,0.16,1,2010-12-12 13:47:00,2010-12-12 13:47:00,362,0,169.47,78.0,32.0,0.0
18005,249.72,4.162,3.055,25.5,0.38,93,1.55,16,1,2,52,52,3.1863333333333332,16.95,0.19,1,2011-10-23 14:40:00,2011-12-06 11:51:00,4,43,124.86,46.5,26.0,0.0
18006,444.68,20.212727272727275,14.275,100.0,1.95,220,10.0,80,1,1,21,21,3.2290909090909095,7.85,1.25,1,2011-11-16 16:52:00,2011-11-16 16:52:00,23,0,444.68,220.0,21.0,0.0
18008,2116.19,70.53966666666666,18.45,615.0,0.84,1581,52.7,492,1,9,24,25,3.8,12.75,0.21,1,2011-01-25 12:26:00,2011-09-30 15:17:00,70,248,235.13222222222223,175.66666666666666,2.6666666666666665,0.0
18009,257.34,8.041875,7.925000000000001,23.8,1.25,126,3.9375,25,1,1,31,31,4.1378125,12.75,0.42,1,2011-04-18 13:36:00,2011-04-18 13:36:00,235,0,257.34,126.0,31.0,0.5
18010,174.8,12.485714285714286,7.875,63.6,1.9,60,4.285714285714286,20,1,1,14,14,5.014285714285714,16.95,0.65,1,2011-03-28 12:27:00,2011-03-28 12:27:00,257,0,174.8,60.0,14.0,0.0
18011,102.78999999999999,3.671071428571428,3.1,12.75,0.85,71,2.5357142857142856,14,1,1,28,28,2.3610714285714285,9.95,0.19,1,2010-12-01 17:35:00,2010-12-01 17:35:00,373,0,102.78999999999999,71.0,28.0,0.0
18013,187.29,6.041612903225806,3.9,23.400000000000002,0.95,285,9.193548387096774,48,1,2,31,31,1.1703225806451614,3.75,0.21,1,2011-07-07 14:08:00,2011-07-07 14:11:00,155,0,93.645,142.5,15.5,0.0
18014,166.42,5.200625,3.125,27.04,1.25,68,2.125,16,1,1,29,29,2.930625,7.95,1.25,1,2011-11-11 15:28:00,2011-11-11 15:28:00,28,0,166.42,68.0,29.0,0.0
18015,120.03,2.6093478260869567,1.9500000000000002,7.8,0.21,157,3.4130434782608696,24,1,1,46,46,1.2758695652173913,4.25,0.21,1,2011-12-05 14:49:00,2011-12-05 14:49:00,4,0,120.03,157.0,46.0,0.0
18016,1483.56,12.061463414634146,9.899999999999999,42.5,1.7,1029,8.365853658536585,96,1,5,90,91,3.353821138211382,16.95,0.42,1,2010-12-10 17:14:00,2011-11-07 13:25:00,32,331,296.712,205.8,18.0,0.0
18017,523.0,174.33333333333334,179.0,179.0,165.0,300,100.0,100,100,3,1,1,1.7433333333333334,1.79,1.65,1,2011-02-02 13:57:00,2011-09-19 16:15:00,81,229,174.33333333333334,100.0,0.3333333333333333,0.0
18018,122.14,4.211724137931035,2.55,29.95,0.42,55,1.896551724137931,24,1,2,29,29,3.8113793103448277,29.95,0.12,1,2011-05-24 13:22:00,2011-08-23 17:37:00,108,91,61.07,27.5,14.5,0.0
18019,38.45,7.69,9.9,9.95,3.75,7,1.4,2,1,1,5,5,5.71,9.95,3.75,1,2011-10-19 12:10:00,2011-10-19 12:10:00,52,0,38.45,7.0,5.0,0.0
18022,668.11,3.497958115183246,2.25,27.839999999999996,0.3,736,3.8534031413612566,96,1,1,141,141,1.754240837696335,8.95,0.06,1,2011-11-04 12:45:00,2011-11-04 12:45:00,36,0,668.11,736.0,141.0,0.0
18024,389.78,18.56095238095238,3.3,153.0,0.39,184,8.761904761904763,72,1,2,21,21,2.5828571428571427,9.95,0.39,1,2011-07-10 12:28:00,2011-07-10 12:40:00,153,0,194.89,92.0,10.5,0.3333333333333333
18027,115.31,5.490952380952381,4.25,15.299999999999999,0.85,78,3.7142857142857144,24,1,1,21,21,2.7923809523809524,5.95,0.42,1,2011-09-02 10:38:00,2011-09-02 10:38:00,99,0,115.31,78.0,21.0,0.0
18030,230.64999999999998,25.627777777777776,10.2,88.5,2.5,67,7.444444444444445,30,1,2,8,8,6.705555555555555,24.95,0.85,1,2011-10-28 13:55:00,2011-12-05 16:37:00,4,38,115.32499999999999,33.5,4.0,0.3333333333333333
18032,73.5,14.7,13.5,19.799999999999997,12.600000000000001,42,8.4,12,6,1,5,5,1.8699999999999999,2.25,1.25,1,2011-01-09 15:32:00,2011-01-09 15:32:00,334,0,73.5,42.0,5.0,0.0
18033,97.97,2.881470588235294,2.1500000000000004,6.84,0.29,253,7.4411764705882355,100,1,1,32,32,1.8658823529411763,4.25,0.04,1,2011-10-05 17:28:00,2011-10-05 17:28:00,65,0,97.97,253.0,32.0,0.0
18034,422.88,3.775714285714286,2.51,31.200000000000003,0.39,561,5.008928571428571,48,1,2,99,99,1.3344642857142859,6.95,0.12,1,2011-11-18 12:08:00,2011-11-18 12:22:00,22,0,211.44,280.5,49.5,0.0
18035,730.4,13.781132075471698,4.35,78.0,0.39,611,11.528301886792454,50,1,3,44,44,2.467358490566038,16.95,0.39,1,2011-10-27 17:48:00,2011-11-04 12:39:00,36,7,243.46666666666667,203.66666666666666,14.666666666666666,0.0
18036,405.62,4.225208333333334,2.95,30.599999999999998,0.65,234,2.4375,13,1,3,77,77,1.8920833333333336,5.45,0.16,1,2011-04-08 11:26:00,2011-11-07 14:40:00,32,213,135.20666666666668,78.0,25.666666666666668,0.0
18037,70.02,3.685263157894737,1.95,19.95,0.42,20,1.0526315789473684,2,1,6,19,19,3.598421052631579,19.95,0.42,1,2010-12-12 16:20:00,2011-07-08 13:39:00,154,207,11.67,3.3333333333333335,3.1666666666666665,0.0
18040,357.20000000000005,18.8,17.85,35.400000000000006,8.5,148,7.7894736842105265,12,2,2,18,18,3.0710526315789473,8.5,0.85,1,2011-04-08 08:27:00,2011-11-20 14:20:00,19,226,178.60000000000002,74.0,9.0,0.0
18041,4183.39,8.863114406779662,4.25,102.0,0.21,3819,8.091101694915254,96,1,21,285,288,1.968156779661017,12.75,0.12,1,2010-12-02 11:21:00,2011-11-28 11:39:00,12,361,199.20904761904762,181.85714285714286,13.571428571428571,0.09090909090909091
18042,165.04999999999998,23.578571428571426,14.850000000000001,71.69999999999999,7.5,33,4.714285714285714,13,2,1,7,7,5.45,11.95,1.65,1,2011-10-17 11:49:00,2011-10-17 11:49:00,54,0,165.04999999999998,33.0,7.0,0.0
18043,559.51,4.624049586776859,3.75,23.9,0.42,282,2.330578512396694,16,1,3,106,106,2.9121487603305787,16.95,0.21,1,2010-12-08 12:35:00,2011-11-15 12:48:00,25,342,186.50333333333333,94.0,35.333333333333336,0.0
18044,2088.6,16.445669291338582,15.9,76.5,5.04,1033,8.133858267716535,25,1,10,88,88,4.251574803149607,16.95,0.29,1,2010-12-14 12:25:00,2011-12-05 14:26:00,4,356,208.85999999999999,103.3,8.8,0.09090909090909091
18045,189.4,4.029787234042553,3.3,10.5,0.29,142,3.021276595744681,25,1,1,43,43,2.606808510638298,8.5,0.29,1,2011-10-25 13:07:00,2011-10-25 13:07:00,45,0,189.4,142.0,43.0,0.0
18048,172.29000000000002,24.612857142857145,13.52,76.32000000000001,0.95,127,18.142857142857142,72,1,2,6,6,1.5,3.75,0.85,1,2011-05-20 14:54:00,2011-05-20 14:58:00,203,0,86.14500000000001,63.5,3.0,0.0
18050,74.4,14.88,15.0,23.4,8.5,40,8.0,12,4,1,5,5,2.31,3.75,0.85,1,2010-12-15 14:25:00,2010-12-15 14:25:00,359,0,74.4,40.0,5.0,0.0
18053,300.02,15.001,14.3,35.400000000000006,7.539999999999999,302,15.1,26,2,1,20,20,1.5855000000000001,8.5,0.29,1,2011-09-30 09:05:00,2011-09-30 09:05:00,71,0,300.02,302.0,20.0,0.5
18055,6784.1900000000005,18.844972222222225,17.0,127.5,0.85,2455,6.819444444444445,40,1,10,223,226,4.0215555555555556,19.95,0.29,1,2010-12-05 10:52:00,2011-12-02 14:25:00,7,362,678.4190000000001,245.5,22.3,0.2727272727272727
18056,363.65,19.139473684210525,17.700000000000003,35.95,7.5,211,11.105263157894736,24,1,1,19,19,3.7578947368421054,35.95,0.85,1,2011-02-24 14:27:00,2011-02-24 14:27:00,288,0,363.65,211.0,19.0,0.0
18058,170.16,56.72,81.6,81.6,6.959999999999999,88,29.333333333333332,32,24,1,3,3,1.7966666666666666,2.55,0.29,1,2011-11-30 08:38:00,2011-11-30 08:38:00,10,0,170.16,88.0,3.0,0.0
18059,306.46,17.025555555555556,15.0,53.1,9.120000000000001,258,14.333333333333334,24,2,3,17,17,1.913333333333333,7.95,0.38,1,2011-10-03 09:30:00,2011-11-16 16:49:00,23,44,102.15333333333332,86.0,5.666666666666667,0.5
18061,2119.41,46.0741304347826,34.2,228.96,5.04,955,20.76086956521739,288,2,10,18,18,5.010434782608696,11.95,0.42,1,2010-12-08 13:03:00,2011-11-18 11:20:00,22,344,211.94099999999997,95.5,1.8,0.0
18062,720.52,26.685925925925925,19.799999999999997,75.60000000000001,13.919999999999998,396,14.666666666666666,48,1,3,23,23,4.489259259259259,14.95,0.29,1,2011-01-06 10:03:00,2011-06-19 14:47:00,173,164,240.17333333333332,132.0,7.666666666666667,0.0
18064,814.0,116.28571428571429,179.0,204.0,15.0,384,54.857142857142854,100,4,2,7,7,2.2471428571428573,3.75,1.65,1,2011-04-18 15:08:00,2011-07-29 16:39:00,133,102,407.0,192.0,3.5,0.0
18065,2392.83,17.465912408759124,15.9,35.7,6.6000000000000005,1027,7.4963503649635035,48,1,14,110,110,4.154306569343065,16.65,0.29,1,2010-12-10 12:44:00,2011-12-04 10:30:00,6,358,170.91642857142855,73.35714285714286,7.857142857142857,0.06666666666666667
18066,318.0,31.8,30.0,70.80000000000001,15.0,108,10.8,24,4,1,10,10,3.4299999999999997,5.95,1.25,1,2011-09-25 15:30:00,2011-09-25 15:30:00,75,0,318.0,108.0,10.0,0.0
18067,396.33,10.711621621621621,8.25,39.8,0.85,189,5.108108108108108,24,1,1,36,36,2.8329729729729727,12.5,0.85,1,2011-10-30 15:58:00,2011-10-30 15:58:00,40,0,396.33,189.0,36.0,0.0
18068,101.69999999999999,101.69999999999999,101.69999999999999,101.69999999999999,101.69999999999999,6,6.0,6,6,1,1,1,16.95,16.95,16.95,1,2011-02-23 14:50:00,2011-02-23 14:50:00,289,0,101.69999999999999,6.0,1.0,0.0
18069,2036.67,4.333340425531915,2.95,34.5,0.38,1311,2.7893617021276595,36,1,5,334,335,2.201787234042553,10.4,0.19,1,2011-01-16 15:50:00,2011-11-13 16:03:00,26,301,407.334,262.2,66.8,0.2857142857142857
18071,453.0,18.12,15.0,45.0,7.5,260,10.4,36,1,2,23,23,2.998,12.75,1.25,1,2010-12-09 10:33:00,2011-03-27 11:59:00,258,108,226.5,130.0,11.5,0.0
18072,247.44,13.746666666666666,10.079999999999998,46.8,2.88,288,16.0,24,12,1,18,18,0.885,1.95,0.12,1,2011-06-07 10:44:00,2011-06-07 10:44:00,186,0,247.44,288.0,18.0,9.0
18073,3877.5200000000004,53.11671232876713,19.799999999999997,305.28000000000003,7.800000000000001,3108,42.57534246575342,288,1,12,23,23,3.834931506849315,15.0,0.65,1,2011-05-26 19:38:00,2011-08-17 14:02:00,114,82,323.1266666666667,259.0,1.9166666666666667,0.23076923076923078
18074,489.6,37.66153846153846,25.5,102.0,15.8,190,14.615384615384615,48,2,1,13,13,4.7807692307692315,12.75,0.65,1,2010-12-01 09:53:00,2010-12-01 09:53:00,374,0,489.6,190.0,13.0,0.0
18075,2611.75,18.392605633802816,16.9,70.80000000000001,2.88,1464,10.309859154929578,48,1,10,97,98,3.4669014084507044,21.95,0.12,1,2010-12-14 10:48:00,2011-11-16 15:21:00,23,337,261.175,146.4,9.7,0.7857142857142857
18077,2633.0099999999998,11.599162995594712,9.899999999999999,85.92,0.83,1878,8.273127753303966,48,1,11,101,103,1.8249779735682818,5.95,0.42,1,2010-12-08 10:21:00,2011-12-01 13:32:00,8,358,239.36454545454544,170.72727272727272,9.181818181818182,0.0
18078,336.13,11.590689655172413,5.95,76.5,0.65,145,5.0,30,1,2,27,27,2.98551724137931,8.25,0.65,1,2011-03-25 15:08:00,2011-05-06 14:32:00,217,41,168.065,72.5,13.5,0.0
18079,3651.97,28.75566929133858,13.200000000000001,177.60000000000002,0.85,7432,58.51968503937008,480,1,4,99,101,0.8958267716535433,5.95,0.19,1,2011-04-15 12:14:00,2011-10-25 15:27:00,45,193,912.9925,1858.0,24.75,0.0
18080,1231.5,615.75,615.75,841.4999999999999,390.0,642,321.0,330,312,2,2,2,1.9,2.55,1.25,1,2011-04-11 10:10:00,2011-11-21 08:02:00,19,223,615.75,321.0,1.0,0.0
18081,343.45,20.20294117647059,17.700000000000003,31.6,9.36,195,11.470588235294118,36,1,3,14,14,3.84,12.75,0.39,1,2011-07-29 11:56:00,2011-11-03 16:30:00,36,97,114.48333333333333,65.0,4.666666666666667,0.0
18082,703.37,9.635205479452054,7.5,30.0,0.42,621,8.506849315068493,48,1,1,62,62,2.153972602739726,8.95,0.19,1,2011-11-14 12:45:00,2011-11-14 12:45:00,26,0,703.37,621.0,62.0,0.0
18084,90.47999999999999,90.47999999999999,90.47999999999999,90.47999999999999,90.47999999999999,312,312.0,312,312,1,1,1,0.29,0.29,0.29,1,2011-11-23 13:57:00,2011-11-23 13:57:00,16,0,90.47999999999999,312.0,1.0,0.5
18085,689.95,23.79137931034483,15.0,79.2,7.800000000000001,265,9.137931034482758,16,3,2,25,25,2.8448275862068964,5.95,0.65,1,2010-12-01 12:08:00,2011-01-13 15:17:00,330,43,344.975,132.5,12.5,0.0
18086,101.34,14.477142857142857,15.299999999999999,19.799999999999997,6.959999999999999,106,15.142857142857142,24,6,1,7,7,1.48,3.25,0.29,1,2011-03-10 13:34:00,2011-03-10 13:34:00,274,0,101.34,106.0,7.0,0.0
18087,4055.7199999999993,2027.8599999999997,2027.8599999999997,3202.9199999999996,852.8,3907,1953.5,3906,1,2,2,2,426.81,852.8,0.82,1,2011-02-22 10:43:00,2011-09-02 15:12:00,98,192,2027.8599999999997,1953.5,1.0,1.25
18088,167.67000000000002,4.299230769230769,1.7,17.700000000000003,0.19,109,2.7948717948717947,12,1,1,35,35,2.0935897435897437,12.75,0.19,1,2011-10-09 13:41:00,2011-10-09 13:41:00,61,0,167.67000000000002,109.0,35.0,0.0
18092,9068.26,101.89056179775281,81.36,432.0,15.299999999999999,4252,47.7752808988764,600,4,11,28,28,3.7192134831460675,10.95,0.65,1,2010-12-09 10:00:00,2011-12-07 13:14:00,2,363,824.3872727272727,386.54545454545456,2.5454545454545454,0.08333333333333333
18093,2106.52,58.51444444444444,60.0,183.6,10.2,1392,38.666666666666664,144,12,4,31,31,1.6352777777777776,3.75,0.29,1,2011-02-10 12:15:00,2011-09-07 15:43:00,93,209,526.63,348.0,7.75,0.4
18094,3017.3,43.104285714285716,28.200000000000003,432.0,6.6000000000000005,2518,35.97142857142857,600,2,7,39,39,2.1552857142857142,8.5,0.14,1,2011-02-21 08:50:00,2011-09-19 09:28:00,82,210,431.04285714285714,359.7142857142857,5.571428571428571,0.0
18095,580.0500000000001,27.621428571428574,17.700000000000003,106.2,9.95,419,19.952380952380953,108,1,2,20,20,2.619047619047619,9.95,0.65,1,2011-01-11 12:37:00,2011-01-31 12:50:00,313,20,290.02500000000003,209.5,10.0,0.0
18096,911.15,4.277699530516432,2.95,39.599999999999994,0.29,825,3.8732394366197185,80,1,3,157,157,2.2876525821596245,14.95,0.06,1,2011-10-07 11:55:00,2011-11-28 12:44:00,12,52,303.71666666666664,275.0,52.333333333333336,0.0
18097,2697.8,24.97962962962963,17.700000000000003,108.48,5.04,1686,15.61111111111111,120,2,6,65,66,2.9694444444444446,12.75,0.12,1,2010-12-20 14:49:00,2011-12-02 11:16:00,8,346,449.6333333333334,281.0,10.833333333333334,0.14285714285714285
18099,168.31,8.858421052631579,3.75,24.96,2.2,149,7.842105263157895,24,1,1,19,19,2.1389473684210527,7.95,0.29,1,2011-08-04 15:52:00,2011-08-04 15:52:00,127,0,168.31,149.0,19.0,0.0
18101,223.65,5.454878048780488,3.75,29.849999999999998,0.83,88,2.1463414634146343,6,1,2,37,37,2.580487804878049,9.95,0.42,1,2011-07-19 13:05:00,2011-11-28 13:37:00,11,132,111.825,44.0,18.5,0.0
18102,259657.3,602.45313225058,394.8,3828.0,3.26,64124,148.77958236658932,1008,1,60,150,162,4.503294663573086,52.77,0.8,1,2010-12-07 16:42:00,2011-12-09 11:50:00,1,366,4327.621666666667,1068.7333333333333,2.5,0.03225806451612903
18104,754.64,19.858947368421052,16.425,35.7,6.959999999999999,362,9.526315789473685,24,3,1,38,38,3.758947368421053,8.25,0.29,1,2011-11-02 14:07:00,2011-11-02 14:07:00,37,0,754.64,362.0,38.0,0.0
18105,113.48000000000002,6.304444444444446,2.015,35.400000000000006,0.75,46,2.5555555555555554,12,1,1,18,18,2.232222222222222,9.95,0.75,1,2011-11-02 12:04:00,2011-11-02 12:04:00,38,0,113.48000000000002,46.0,18.0,0.0
18106,430.7,11.043589743589743,7.5,81.6,0.85,128,3.282051282051282,32,1,1,33,33,3.9358974358974357,9.95,0.85,1,2011-01-14 12:23:00,2011-01-14 12:23:00,330,0,430.7,128.0,33.0,0.0
18108,271.0,15.941176470588236,16.5,23.6,8.7,84,4.9411764705882355,12,2,1,17,17,4.711764705882352,10.75,0.85,1,2011-03-30 13:56:00,2011-03-30 13:56:00,254,0,271.0,84.0,17.0,1.0
18109,8052.97,18.13731981981982,8.95,240.89999999999998,0.55,4237,9.542792792792794,432,1,26,119,122,4.930247747747748,24.95,0.19,1,2010-12-05 10:58:00,2011-12-08 11:36:00,2,368,309.7296153846154,162.96153846153845,4.576923076923077,0.3225806451612903
18110,236.3,5.136956521739131,3.825,19.8,0.95,86,1.8695652173913044,6,1,1,33,33,2.7769565217391303,8.95,0.19,1,2011-11-20 12:34:00,2011-11-20 12:34:00,20,0,236.3,86.0,33.0,1.5
18112,352.69,13.565,12.450000000000001,31.25,0.85,255,9.807692307692308,72,1,2,26,26,4.289230769230769,12.75,0.22,1,2011-06-26 13:56:00,2011-11-27 14:43:00,12,154,176.345,127.5,13.0,0.0
18113,76.32000000000001,76.32000000000001,76.32000000000001,76.32000000000001,76.32000000000001,72,72.0,72,72,1,1,1,1.06,1.06,1.06,1,2010-12-06 12:31:00,2010-12-06 12:31:00,369,0,76.32000000000001,72.0,1.0,0.0
18114,220.1,7.860714285714286,6.275,24.95,1.3,55,1.9642857142857142,12,1,1,28,28,5.533928571428571,24.95,0.65,1,2011-02-22 13:20:00,2011-02-22 13:20:00,290,0,220.1,55.0,28.0,0.0
18116,1418.03,3.7514021164021165,2.5,44.46,0.12,848,2.2433862433862433,114,1,8,230,227,2.370079365079365,12.75,0.12,1,2010-12-10 12:14:00,2011-10-03 11:00:00,68,296,177.25375,106.0,28.75,0.0
18117,320.72,4.334054054054055,3.245,28.080000000000002,0.39,618,8.35135135135135,80,1,1,68,68,1.2141891891891892,6.75,0.06,1,2011-11-14 12:47:00,2011-11-14 12:47:00,26,0,320.72,618.0,68.0,0.0
18118,5653.82,4.420500390930414,2.95,72.0,0.29,2882,2.253322908522283,100,1,26,424,428,2.5287959343236905,16.95,0.19,1,2010-12-05 12:13:00,2011-11-29 11:32:00,11,358,217.45461538461538,110.84615384615384,16.307692307692307,0.16129032258064516
18119,181.12,6.037333333333334,2.1,56.099999999999994,0.42,125,4.166666666666667,48,1,1,29,29,2.7823333333333333,11.95,0.42,1,2010-12-07 11:59:00,2010-12-07 11:59:00,368,0,181.12,125.0,29.0,0.0
18120,111.15,6.538235294117648,4.95,19.9,2.1,31,1.8235294117647058,5,1,1,17,17,4.0323529411764705,9.95,1.25,1,2011-05-09 13:45:00,2011-05-09 13:45:00,214,0,111.15,31.0,17.0,0.0
18121,673.1,21.034375,20.159999999999997,50.0,1.25,450,14.0625,30,1,2,28,28,1.865,6.25,0.29,1,2011-07-08 12:14:00,2011-07-13 12:53:00,149,5,336.55,225.0,14.0,0.0
18122,1826.21,5.0170604395604395,4.15,39.95,0.39,1234,3.39010989010989,48,1,6,239,237,2.3395054945054947,39.95,0.08,1,2011-07-12 11:37:00,2011-12-01 13:08:00,8,142,304.36833333333334,205.66666666666666,39.833333333333336,0.0
18123,589.4399999999999,16.37333333333333,8.299999999999999,81.6,6.24,594,16.5,96,3,2,31,31,1.4233333333333333,2.1,0.19,1,2011-11-08 13:31:00,2011-11-15 14:23:00,24,7,294.71999999999997,297.0,15.5,0.0
18125,1142.99,5.831581632653061,4.2,40.8,0.55,804,4.1020408163265305,48,1,4,164,165,2.225459183673469,12.75,0.21,1,2011-01-27 15:02:00,2011-11-10 12:29:00,30,286,285.7475,201.0,41.0,0.2
18126,206.82999999999998,3.693392857142857,2.535,30.0,0.4,144,2.5714285714285716,24,1,1,52,52,1.9507142857142856,8.25,0.08,1,2011-10-10 12:19:00,2011-10-10 12:19:00,61,0,206.82999999999998,144.0,52.0,0.0
18127,348.73,7.419787234042554,4.95,25.5,0.39,188,4.0,36,1,3,41,41,3.177446808510638,25.0,0.19,1,2011-07-29 10:06:00,2011-11-20 14:05:00,19,114,116.24333333333334,62.666666666666664,13.666666666666666,0.0
18129,112.55000000000001,8.039285714285715,5.225,25.5,1.5,48,3.4285714285714284,12,1,1,13,13,2.9250000000000003,12.75,1.25,1,2011-04-10 14:16:00,2011-04-10 14:16:00,243,0,112.55000000000001,48.0,13.0,0.0
18130,1059.39,15.134142857142859,15.0,30.0,6.959999999999999,824,11.771428571428572,48,1,3,58,58,2.3695714285714287,16.65,0.29,1,2011-10-13 15:58:00,2011-11-24 14:40:00,15,41,353.13000000000005,274.6666666666667,19.333333333333332,0.25
18133,931.4999999999999,931.4999999999999,931.4999999999999,931.4999999999999,931.4999999999999,1350,1350.0,1350,1350,1,1,1,0.69,0.69,0.69,1,2011-05-11 14:14:00,2011-05-11 14:14:00,212,0,931.4999999999999,1350.0,1.0,0.5
18135,681.9100000000001,34.0955,9.1,171.84,1.45,349,17.45,96,1,5,11,11,2.3075,4.15,1.06,1,2011-06-02 14:04:00,2011-11-10 19:32:00,29,161,136.382,69.8,2.2,0.0
18136,784.33,20.640263157894736,17.4,59.400000000000006,9.959999999999999,379,9.973684210526315,24,2,3,34,34,2.728421052631579,8.5,0.42,1,2011-01-24 12:08:00,2011-10-07 15:40:00,63,256,261.4433333333333,126.33333333333333,11.333333333333334,0.25
18138,152.65,19.08125,13.875,47.7,7.5,38,4.75,12,1,1,8,8,6.25625,12.75,1.25,1,2011-02-17 14:51:00,2011-02-17 14:51:00,295,0,152.65,38.0,8.0,0.0
18139,8438.34,53.07132075471698,30.0,622.5,10.5,5557,34.9496855345912,150,12,6,35,35,1.5092452830188678,4.95,0.42,1,2011-11-21 14:06:00,2011-11-22 10:44:00,18,0,1406.39,926.1666666666666,5.833333333333333,0.375
18142,1019.52,67.968,46.800000000000004,254.4,15.0,1276,85.06666666666666,240,8,2,9,9,1.53,4.95,0.42,1,2011-05-08 12:31:00,2011-07-05 13:19:00,157,58,509.76,638.0,4.5,0.75
18143,1000.16,16.396065573770493,15.9,35.400000000000006,6.959999999999999,570,9.344262295081966,24,1,2,59,59,2.728360655737705,8.95,0.29,1,2011-07-21 10:44:00,2011-08-15 12:07:00,117,25,500.08,285.0,29.5,0.0
18144,2888.75,67.18023255813954,39.0,232.0,7.5,1343,31.232558139534884,160,1,12,27,27,4.43046511627907,12.75,1.25,1,2010-12-01 13:45:00,2011-12-02 12:46:00,8,365,240.72916666666666,111.91666666666667,2.25,0.0
18145,2861.55,12.94819004524887,13.200000000000001,45.0,1.25,2625,11.877828054298643,96,1,4,174,177,1.801447963800905,29.95,0.19,1,2011-01-31 12:10:00,2011-11-27 11:22:00,13,299,715.3875,656.25,43.5,0.0
18146,160.35000000000002,16.035000000000004,15.450000000000003,23.4,13.200000000000001,153,15.3,24,3,2,10,10,1.95,5.95,0.55,1,2011-05-03 16:35:00,2011-07-22 12:08:00,141,79,80.17500000000001,76.5,5.0,0.0
18147,179.33999999999997,25.619999999999997,30.0,39.599999999999994,9.36,203,29.0,75,8,2,7,7,1.2971428571428572,3.75,0.39,1,2011-08-23 12:22:00,2011-10-25 11:46:00,46,62,89.66999999999999,101.5,3.5,0.0
18149,612.0799999999999,38.254999999999995,29.5,135.2,0.95,310,19.375,80,1,3,11,11,2.7525,9.95,0.95,1,2011-03-11 12:44:00,2011-10-20 12:04:00,51,222,204.02666666666664,103.33333333333333,3.6666666666666665,0.0
18150,566.58,15.312972972972974,15.0,30.0,10.08,332,8.972972972972974,24,2,3,29,29,2.3235135135135137,6.75,0.42,1,2011-05-22 10:47:00,2011-11-07 16:49:00,32,169,188.86,110.66666666666667,9.666666666666666,0.0
18151,653.35,17.193421052631578,15.75,29.9,9.899999999999999,355,9.342105263157896,24,2,2,38,38,3.1986842105263156,14.95,0.55,1,2011-02-23 08:29:00,2011-07-28 11:35:00,135,155,326.675,177.5,19.0,0.0
18154,399.19,19.009047619047617,20.4,34.68,10.2,255,12.142857142857142,24,1,2,15,15,2.8261904761904764,12.75,0.85,1,2011-10-27 10:40:00,2011-12-06 16:41:00,3,40,199.595,127.5,7.5,0.0
18155,371.62,14.8648,15.0,22.5,9.899999999999999,266,10.64,48,3,3,19,19,2.4703999999999997,5.95,0.42,1,2011-02-21 10:36:00,2011-09-25 13:32:00,75,216,123.87333333333333,88.66666666666667,6.333333333333333,0.75
18156,734.94,5.2495714285714286,3.75,25.5,0.55,301,2.15,25,1,2,100,100,3.0002142857142857,12.75,0.39,1,2010-12-05 12:29:00,2011-11-27 12:24:00,13,356,367.47,150.5,50.0,0.0
18158,453.4,13.335294117647058,10.2,23.6,8.5,354,10.411764705882353,12,8,2,24,24,1.2944117647058824,2.95,0.85,1,2011-09-12 09:03:00,2011-11-30 16:19:00,9,79,226.7,177.0,12.0,0.3333333333333333
18159,530.15,23.05,15.6,175.2,12.600000000000001,139,6.043478260869565,16,1,1,23,23,5.004347826086956,16.95,1.95,1,2011-02-11 14:26:00,2011-02-11 14:26:00,301,0,530.15,139.0,23.0,0.0
18160,638.0600000000001,16.36051282051282,16.5,25.200000000000003,9.959999999999999,294,7.538461538461538,32,2,2,37,37,3.657179487179487,9.95,0.65,1,2011-05-23 13:41:00,2011-10-13 15:50:00,57,143,319.03000000000003,147.0,18.5,0.0
18161,1618.69,20.233625,17.700000000000003,63.75,6.959999999999999,812,10.15,36,2,5,49,49,3.640125,12.75,0.29,1,2011-01-24 11:56:00,2011-11-24 16:40:00,15,304,323.738,162.4,9.8,0.16666666666666666
18164,399.65000000000003,16.652083333333334,16.5,24.96,8.7,184,7.666666666666667,25,1,1,24,24,4.207083333333333,12.75,0.42,1,2011-11-02 12:56:00,2011-11-02 12:56:00,37,0,399.65000000000003,184.0,24.0,0.5
18165,302.46000000000004,30.246000000000002,7.02,124.80000000000001,4.5600000000000005,254,25.4,120,6,1,10,10,1.238,4.95,0.19,1,2011-06-15 13:23:00,2011-06-15 13:23:00,177,0,302.46000000000004,254.0,10.0,0.0
18167,1384.8600000000001,37.428648648648654,35.7,65.69999999999999,11.100000000000001,382,10.324324324324325,12,6,3,24,24,3.788648648648649,10.95,1.25,1,2011-08-26 11:40:00,2011-11-16 15:56:00,23,82,461.62000000000006,127.33333333333333,8.0,1.0
18168,1169.94,8.93083969465649,7.5,39.8,0.84,594,4.534351145038168,48,1,6,97,97,3.2399236641221374,10.95,0.21,1,2010-12-02 18:08:00,2011-06-16 19:21:00,176,196,194.99,99.0,16.166666666666668,1.0
18169,202.65,22.516666666666666,24.900000000000002,51.0,2.2,61,6.777777777777778,12,2,1,9,9,3.688888888888889,12.75,0.55,1,2011-10-10 12:18:00,2011-10-10 12:18:00,61,0,202.65,61.0,9.0,0.0
18170,980.31,25.797631578947367,17.775000000000002,102.0,6.959999999999999,409,10.763157894736842,40,2,3,29,30,4.247368421052632,12.75,0.29,1,2011-05-06 15:13:00,2011-11-06 14:35:00,33,183,326.77,136.33333333333334,9.666666666666666,0.0
18171,1231.31,22.802037037037035,17.85,81.12,7.800000000000001,481,8.907407407407407,48,1,5,43,43,5.11037037037037,16.95,0.39,1,2011-01-10 09:55:00,2011-10-12 09:13:00,59,274,246.262,96.2,8.6,0.2857142857142857
18172,7561.68,40.00888888888889,25.200000000000003,326.4,10.2,3184,16.84656084656085,128,2,20,100,102,3.107037037037037,14.95,0.29,1,2011-02-23 10:44:00,2011-11-25 11:12:00,15,275,378.084,159.2,5.0,0.32
18173,2106.84,67.9625806451613,59.5,249.00000000000003,11.9,1220,39.354838709677416,144,2,4,23,23,2.705806451612903,5.95,0.64,1,2011-03-10 11:56:00,2011-09-14 11:26:00,87,187,526.71,305.0,5.75,0.0
18174,104.0,104.0,104.0,104.0,104.0,50,50.0,50,50,1,1,1,2.08,2.08,2.08,1,2011-12-02 16:56:00,2011-12-02 16:56:00,7,0,104.0,50.0,1.0,0.0
18176,476.35,15.878333333333334,15.0,33.0,7.800000000000001,283,9.433333333333334,24,2,1,30,30,2.6816666666666666,10.75,0.55,1,2010-12-16 15:45:00,2010-12-16 15:45:00,358,0,476.35,283.0,30.0,1.5
18177,1341.42,18.127297297297297,16.5,62.400000000000006,0.55,710,9.594594594594595,30,1,6,53,53,1.8343243243243244,5.45,0.42,1,2011-03-29 08:46:00,2011-11-08 14:44:00,31,224,223.57000000000002,118.33333333333333,8.833333333333334,0.14285714285714285
18178,1590.81,16.400103092783503,16.5,33.0,8.4,983,10.1340206185567,48,1,4,80,81,2.448762886597938,9.95,0.29,1,2010-12-10 12:42:00,2011-08-03 09:30:00,129,235,397.7025,245.75,20.0,0.3333333333333333
18179,1793.17,19.924111111111113,16.5,210.0,8.2,1360,15.11111111111111,288,1,6,86,86,2.761,14.95,0.21,1,2011-01-07 14:22:00,2011-11-30 16:23:00,9,327,298.8616666666667,226.66666666666666,14.333333333333334,0.0
18180,1843.75,15.493697478991596,15.0,38.25,4.68,1721,14.46218487394958,96,2,6,108,108,2.080840336134454,12.75,0.19,1,2011-07-20 08:59:00,2011-12-05 08:39:00,5,137,307.2916666666667,286.8333333333333,18.0,0.0
18181,382.8,8.700000000000001,7.7,25.200000000000003,1.65,146,3.3181818181818183,12,1,1,40,40,3.6140909090909092,16.95,0.65,1,2011-11-15 15:08:00,2011-11-15 15:08:00,24,0,382.8,146.0,40.0,0.0
18183,632.07,17.082972972972975,15.8,41.6,10.2,371,10.027027027027026,64,1,2,36,36,3.5043243243243243,14.95,0.65,1,2011-03-10 10:08:00,2011-04-26 15:26:00,227,47,316.035,185.5,18.0,1.1666666666666667
18184,49.8,49.8,49.8,49.8,49.8,60,60.0,60,60,1,1,1,0.83,0.83,0.83,1,2011-11-24 15:28:00,2011-11-24 15:28:00,15,0,49.8,60.0,1.0,0.0
18185,304.25,17.897058823529413,17.0,38.25,10.2,183,10.764705882352942,24,2,1,17,17,3.626470588235294,12.75,0.55,1,2011-04-04 13:42:00,2011-04-04 13:42:00,249,0,304.25,183.0,17.0,0.0
18188,2001.04,28.183661971830986,20.4,252.0,8.4,1168,16.450704225352112,120,2,3,63,64,2.4726760563380283,8.5,0.42,1,2011-02-22 14:43:00,2011-11-24 16:46:00,15,275,667.0133333333333,389.3333333333333,21.0,0.25
18189,1090.24,16.032941176470587,16.2,35.400000000000006,7.800000000000001,566,8.323529411764707,24,2,2,65,65,3.2851470588235294,8.5,0.55,1,2011-03-17 09:49:00,2011-09-23 12:40:00,78,190,545.12,283.0,32.5,0.3333333333333333
18190,284.46000000000004,18.964000000000002,17.700000000000003,30.0,6.959999999999999,140,9.333333333333334,24,2,2,14,14,3.929333333333333,12.75,0.29,1,2011-01-13 10:35:00,2011-05-31 14:48:00,192,138,142.23000000000002,70.0,7.0,0.3333333333333333
18191,207.79999999999998,29.685714285714283,33.0,40.8,17.0,140,20.0,48,4,1,7,7,4.021428571428571,8.25,0.85,1,2011-03-23 12:08:00,2011-03-23 12:08:00,262,0,207.79999999999998,140.0,7.0,0.0
18192,957.97,21.288222222222224,17.0,102.0,13.0,339,7.533333333333333,40,2,1,45,45,4.007333333333333,12.75,1.25,1,2011-09-29 09:53:00,2011-09-29 09:53:00,72,0,957.97,339.0,45.0,0.0
18193,243.76,15.235,17.1,22.5,1.68,124,7.75,24,1,1,16,16,3.5949999999999998,14.95,0.29,1,2011-06-27 13:58:00,2011-06-27 13:58:00,165,0,243.76,124.0,16.0,0.6666666666666666
18194,973.8399999999999,139.11999999999998,163.2,208.79999999999998,26.0,632,90.28571428571429,144,40,1,7,7,1.6514285714285712,2.55,0.36,1,2011-09-18 13:29:00,2011-09-18 13:29:00,82,0,973.8399999999999,632.0,7.0,1.0
18196,689.13,4.887446808510639,3.3,30.0,0.39,433,3.0709219858156027,24,1,2,131,131,2.2075886524822694,12.75,0.14,1,2011-02-22 16:13:00,2011-09-05 16:22:00,95,195,344.565,216.5,65.5,0.0
18198,5425.56,34.12301886792453,17.700000000000003,305.28000000000003,2.2,4074,25.62264150943396,288,1,17,81,83,2.3962893081761005,12.5,0.39,1,2011-01-07 13:39:00,2011-12-05 14:49:00,4,332,319.15058823529415,239.64705882352942,4.764705882352941,0.3333333333333333
18200,163.8,5.11875,5.27,15.0,0.38,111,3.46875,12,1,1,29,29,1.9684375,5.95,0.19,1,2011-08-25 18:45:00,2011-08-25 18:45:00,106,0,163.8,111.0,29.0,0.0
18202,1396.99,20.543970588235293,17.700000000000003,51.0,6.959999999999999,581,8.544117647058824,24,2,3,55,56,4.052058823529412,16.95,0.29,1,2011-02-01 13:36:00,2011-05-24 12:12:00,200,111,465.66333333333336,193.66666666666666,18.333333333333332,0.0
18203,160.42000000000002,8.443157894736842,5.0,54.0,1.17,43,2.263157894736842,8,1,1,19,19,4.583157894736842,9.95,0.39,1,2011-07-05 13:07:00,2011-07-05 13:07:00,157,0,160.42000000000002,43.0,19.0,0.0
18204,1993.7,9.9685,5.925000000000001,69.36,0.42,1200,6.0,25,1,3,159,160,2.5493,12.75,0.42,1,2011-05-31 15:26:00,2011-09-29 16:44:00,71,121,664.5666666666667,400.0,53.0,0.5
18205,517.36,16.1675,15.0,39.599999999999994,5.04,192,6.0,24,1,2,30,30,4.58,12.75,0.42,1,2011-09-26 12:02:00,2011-11-03 13:22:00,36,38,258.68,96.0,15.0,0.0
18209,139.10000000000002,17.387500000000003,17.35,25.200000000000003,13.5,58,7.25,12,3,1,8,8,3.24375,5.95,1.25,1,2011-11-11 12:07:00,2011-11-11 12:07:00,29,0,139.10000000000002,58.0,8.0,0.0
18210,2621.38,19.562537313432838,17.17,75.60000000000001,4.68,1398,10.432835820895523,48,1,6,109,110,3.5970895522388058,16.95,0.39,1,2011-03-17 16:58:00,2011-12-08 11:02:00,2,265,436.8966666666667,233.0,18.166666666666668,0.0
18211,600.07,14.287380952380953,15.0,47.7,1.95,359,8.547619047619047,24,1,5,37,37,2.451904761904762,10.75,0.19,1,2011-03-06 12:09:00,2011-11-14 08:10:00,26,252,120.01400000000001,71.8,7.4,0.0
18212,248.42,5.7772093023255815,2.95,23.6,0.55,101,2.3488372093023258,12,1,1,30,30,3.057674418604651,12.75,0.29,1,2011-01-17 16:14:00,2011-01-17 16:14:00,326,0,248.42,101.0,30.0,0.0
18213,232.48000000000002,15.498666666666669,15.0,25.200000000000003,10.2,232,15.466666666666667,25,2,1,15,15,1.5013333333333334,5.95,0.42,1,2011-04-17 10:21:00,2011-04-17 10:21:00,237,0,232.48000000000002,232.0,15.0,0.0
18215,299.34000000000003,23.02615384615385,17.700000000000003,50.400000000000006,11.7,118,9.076923076923077,24,4,1,13,13,2.9930769230769227,8.25,1.25,1,2011-09-11 16:05:00,2011-09-11 16:05:00,89,0,299.34000000000003,118.0,13.0,0.0
18216,481.75,18.528846153846153,17.2,30.0,6.8,200,7.6923076923076925,24,1,1,26,26,4.935384615384615,25.0,0.85,1,2011-11-08 16:55:00,2011-11-08 16:55:00,31,0,481.75,200.0,26.0,0.0
18217,621.75,20.056451612903224,17.34,46.48,4.2,491,15.838709677419354,56,3,2,27,27,2.0880645161290325,4.95,0.42,1,2011-09-30 10:44:00,2011-11-10 13:18:00,29,41,310.875,245.5,13.5,0.0
18218,662.08,31.527619047619048,19.5,145.0,10.2,584,27.80952380952381,100,3,2,17,17,1.7866666666666664,5.95,0.21,1,2011-03-03 12:24:00,2011-05-12 12:53:00,211,70,331.04,292.0,8.5,0.75
18219,2069.77,18.155877192982455,16.6,50.0,5.04,885,7.7631578947368425,25,1,10,58,59,4.12921052631579,25.0,0.42,1,2010-12-06 10:05:00,2011-12-07 11:43:00,3,366,206.977,88.5,5.8,0.09090909090909091
18220,305.28000000000003,152.64000000000001,152.64000000000001,152.64000000000001,152.64000000000001,288,144.0,144,144,1,2,2,1.06,1.06,1.06,1,2011-04-27 09:03:00,2011-04-27 09:03:00,227,0,305.28000000000003,288.0,2.0,1.0
18221,1041.61,16.27515625,15.0,39.6,7.800000000000001,791,12.359375,48,1,5,59,59,2.6042187500000002,12.75,0.29,1,2011-05-12 14:13:00,2011-11-17 14:40:00,22,189,208.32199999999997,158.2,11.8,0.16666666666666666
18222,443.0,23.31578947368421,19.799999999999997,51.0,10.5,335,17.63157894736842,64,1,1,19,19,3.2557894736842106,14.95,0.19,1,2011-09-08 10:45:00,2011-09-08 10:45:00,93,0,443.0,335.0,19.0,0.0
18223,6484.54,23.840220588235294,19.799999999999997,177.60000000000002,5.04,2948,10.838235294117647,96,2,14,116,119,2.9675,12.75,0.42,1,2010-12-16 16:42:00,2011-12-05 09:11:00,5,353,463.18142857142857,210.57142857142858,8.285714285714286,1.0
18224,158.95000000000002,15.895000000000001,15.0,23.8,10.2,69,6.9,12,3,1,10,10,3.06,5.95,0.85,1,2011-03-21 10:30:00,2011-03-21 10:30:00,264,0,158.95000000000002,69.0,10.0,0.0
18225,5509.12,20.328856088560887,17.0,138.72,1.95,3244,11.970479704797048,96,1,12,150,152,2.5551660516605166,12.75,0.19,1,2010-12-09 15:46:00,2011-12-06 13:27:00,3,361,459.0933333333333,270.3333333333333,12.5,0.8823529411764706
18226,5228.05,21.603512396694217,17.4,101.76,1.45,3466,14.322314049586776,96,1,11,141,141,2.185206611570248,12.5,0.19,1,2011-01-06 09:00:00,2011-10-26 13:36:00,44,293,475.27727272727276,315.09090909090907,12.818181818181818,0.21428571428571427
18227,93.75,18.75,15.0,25.5,12.75,21,4.2,12,1,1,5,5,8.65,12.75,1.25,1,2011-05-06 12:23:00,2011-05-06 12:23:00,218,0,93.75,21.0,5.0,0.0
18228,779.9,25.996666666666666,24.96,83.4,12.5,238,7.933333333333334,24,2,2,23,24,3.9876666666666667,9.95,0.64,1,2011-09-21 10:48:00,2011-10-14 09:21:00,57,22,389.95,119.0,11.5,0.6666666666666666
18229,7276.900000000001,44.37134146341464,31.5,272.0,8.5,2488,15.170731707317072,100,2,20,66,67,4.626585365853659,14.95,0.83,1,2010-12-01 16:25:00,2011-11-28 09:48:00,12,361,363.845,124.4,3.3,0.0
18230,2810.2000000000003,32.67674418604651,25.200000000000003,162.72,6.6000000000000005,1316,15.30232558139535,48,4,7,32,33,2.191627906976744,6.75,0.55,1,2011-02-10 13:06:00,2011-11-30 13:22:00,9,293,401.4571428571429,188.0,4.571428571428571,0.3
18231,2083.27,16.800564516129032,15.149999999999999,52.199999999999996,1.65,821,6.620967741935484,36,1,5,106,106,3.765483870967742,12.75,0.65,1,2011-02-24 09:08:00,2011-05-31 14:18:00,192,96,416.654,164.2,21.2,0.3333333333333333
18232,592.97,16.026216216216216,14.850000000000001,35.400000000000006,7.800000000000001,302,8.162162162162161,25,1,4,31,31,3.724864864864865,12.75,0.42,1,2011-05-26 16:30:00,2011-09-19 11:49:00,82,115,148.2425,75.5,7.75,0.6
18233,440.0,440.0,440.0,440.0,440.0,4,4.0,4,4,1,1,1,110.0,110.0,110.0,1,2011-01-18 08:44:00,2011-01-18 08:44:00,326,0,440.0,4.0,1.0,0.0
18235,1796.48,17.273846153846154,15.0,67.8,5.04,1578,15.173076923076923,48,1,3,100,100,2.1464423076923076,16.95,0.29,1,2011-05-06 13:35:00,2011-09-29 08:27:00,72,145,598.8266666666667,526.0,33.333333333333336,0.0
18236,882.24,18.004897959183673,17.34,44.550000000000004,6.8,403,8.224489795918368,25,2,6,42,43,3.3632653061224493,7.95,0.42,1,2011-04-13 09:52:00,2011-11-10 08:06:00,30,210,147.04,67.16666666666667,7.0,0.0
18237,987.1,16.181967213114753,15.0,34.8,8.7,622,10.19672131147541,48,1,5,40,40,2.957704918032787,12.75,0.63,1,2011-07-28 13:05:00,2011-12-07 12:49:00,3,131,197.42000000000002,124.4,8.0,0.0
18239,1561.6100000000001,17.745568181818182,17.0,51.0,5.04,795,9.034090909090908,24,2,5,80,80,2.871931818181818,12.75,0.42,1,2010-12-02 17:48:00,2011-05-05 12:38:00,219,153,312.322,159.0,16.0,0.0
18240,422.58,70.42999999999999,17.85,297.0,2.88,126,21.0,60,3,1,6,6,3.9283333333333332,5.95,0.12,1,2011-10-24 13:06:00,2011-10-24 13:06:00,46,0,422.58,126.0,6.0,0.0
18241,2073.09,19.933557692307694,17.700000000000003,59.400000000000006,5.04,1051,10.10576923076923,24,2,17,60,60,3.2537499999999997,12.75,0.29,1,2011-05-06 09:22:00,2011-11-30 12:10:00,10,208,121.9464705882353,61.8235294117647,3.5294117647058822,0.05555555555555555
18242,2232.4900000000002,28.62166666666667,17.55,207.50000000000003,6.64,1017,13.038461538461538,96,1,4,72,72,3.279871794871795,15.95,0.69,1,2011-05-10 11:20:00,2011-09-28 13:43:00,72,141,558.1225000000001,254.25,18.0,0.0
18245,2567.06,14.668914285714285,15.0,39.8,4.5600000000000005,1788,10.217142857142857,64,1,7,153,153,2.5844,14.95,0.19,1,2010-12-19 14:58:00,2011-12-02 14:48:00,7,347,366.72285714285715,255.42857142857142,21.857142857142858,0.25
18246,596.1,149.025,181.3,204.0,29.5,166,41.5,80,10,2,3,3,4.71,9.95,2.55,1,2011-04-20 13:55:00,2011-11-16 11:49:00,24,209,298.05,83.0,1.5,0.0
18248,804.02,17.1068085106383,14.850000000000001,79.9,4.5600000000000005,511,10.872340425531915,72,2,2,39,39,4.105744680851064,39.95,0.19,1,2011-06-06 13:18:00,2011-08-09 10:19:00,123,63,402.01,255.5,19.5,0.5
18249,95.34,11.9175,13.350000000000001,15.0,6.84,128,16.0,36,4,1,8,8,1.60375,3.75,0.19,1,2011-11-22 15:07:00,2011-11-22 15:07:00,17,0,95.34,128.0,8.0,0.0
18250,349.27,16.63190476190476,15.8,25.5,6.72,199,9.476190476190476,36,1,1,21,21,3.8057142857142856,12.75,0.42,1,2011-02-02 13:16:00,2011-02-02 13:16:00,310,0,349.27,199.0,21.0,0.5
18251,4314.72,269.67,252.0,696.0,138.24,7824,489.0,720,72,1,16,16,0.771875,4.25,0.32,1,2011-09-13 15:03:00,2011-09-13 15:03:00,87,0,4314.72,7824.0,16.0,0.0
18252,526.67,5.374183673469387,3.36,39.9,0.29,239,2.438775510204082,25,1,2,90,90,3.129081632653061,19.95,0.29,1,2011-06-21 11:47:00,2011-10-20 12:43:00,51,121,263.335,119.5,45.0,0.0
18255,103.3,17.216666666666665,16.5,30.0,9.899999999999999,74,12.333333333333334,24,6,1,6,6,1.7166666666666668,2.95,0.65,1,2011-09-11 13:16:00,2011-09-11 13:16:00,89,0,103.3,74.0,6.0,0.0
18257,2337.63,19.81042372881356,17.34,104.0,8.5,1041,8.822033898305085,50,1,8,97,99,3.40364406779661,12.75,0.29,1,2011-02-16 15:13:00,2011-10-31 14:48:00,39,256,292.20375,130.125,12.125,0.4166666666666667
18259,2338.6000000000004,55.68095238095239,50.400000000000006,135.0,12.600000000000001,714,17.0,36,4,3,27,27,3.2595238095238095,4.95,1.25,1,2010-12-08 13:38:00,2011-11-15 12:34:00,25,341,779.5333333333334,238.0,9.0,0.0
18260,2643.2000000000003,19.72537313432836,16.55,81.12,6.959999999999999,1478,11.029850746268657,96,1,6,86,86,3.5070149253731344,12.75,0.29,1,2010-12-16 18:23:00,2011-06-20 12:37:00,173,185,440.53333333333336,246.33333333333334,14.333333333333334,0.75
18261,324.24,15.440000000000001,15.0,19.799999999999997,9.95,146,6.9523809523809526,12,1,2,19,19,3.0828571428571427,9.95,0.85,1,2011-09-05 09:34:00,2011-10-27 15:36:00,43,52,162.12,73.0,9.5,0.0
18262,149.48,11.498461538461537,12.600000000000001,17.4,2.88,182,14.0,24,6,1,13,13,1.123076923076923,2.1,0.12,1,2011-07-22 16:04:00,2011-07-22 16:04:00,140,0,149.48,182.0,13.0,0.0
18263,1213.1599999999999,19.887868852459015,19.799999999999997,41.6,3.8,1468,24.065573770491802,48,10,3,59,58,0.9595081967213115,2.89,0.19,1,2011-04-01 11:48:00,2011-11-14 09:00:00,26,226,404.3866666666666,489.3333333333333,19.666666666666668,0.25
18265,801.51,17.424130434782608,16.55,37.5,9.95,311,6.760869565217392,25,1,2,44,44,5.246521739130435,15.0,0.42,1,2011-07-04 15:26:00,2011-09-28 14:10:00,72,85,400.755,155.5,22.0,0.0
18268,25.5,25.5,25.5,25.5,25.5,2,2.0,2,2,1,1,1,12.75,12.75,12.75,1,2011-07-28 19:13:00,2011-07-28 19:13:00,134,0,25.5,2.0,1.0,0.5
18269,168.6,24.085714285714285,20.1,39.599999999999994,18.6,76,10.857142857142858,24,4,1,7,7,3.164285714285714,4.95,0.85,1,2010-12-08 13:53:00,2010-12-08 13:53:00,366,0,168.6,76.0,7.0,0.5
18270,283.15,25.74090909090909,23.6,53.2,11.399999999999999,101,9.181818181818182,12,3,2,11,11,3.6727272727272724,12.75,0.95,1,2011-03-18 12:41:00,2011-11-01 13:57:00,38,228,141.575,50.5,5.5,0.6666666666666666
18272,3078.58,18.54566265060241,17.34,67.5,6.64,2050,12.349397590361447,48,2,6,99,101,2.2946385542168675,8.25,0.29,1,2011-04-07 09:35:00,2011-12-07 12:43:00,3,244,513.0966666666667,341.6666666666667,16.5,0.5714285714285714
18273,204.0,68.0,51.0,102.0,51.0,80,26.666666666666668,40,20,3,1,1,2.55,2.55,2.55,1,2011-03-27 11:22:00,2011-12-07 13:16:00,2,255,68.0,26.666666666666668,0.3333333333333333,0.0
18274,175.92,15.992727272727272,15.0,19.8,10.2,88,8.0,18,1,1,11,11,3.671818181818182,12.75,0.79,1,2011-11-09 17:03:00,2011-11-09 17:03:00,30,0,175.92,88.0,11.0,5.5
18276,335.86,23.990000000000002,16.35,99.0,7.9,186,13.285714285714286,36,2,1,14,14,2.482142857142857,8.25,0.65,1,2011-10-27 10:54:00,2011-10-27 10:54:00,44,0,335.86,186.0,14.0,0.6666666666666666
18277,110.38,13.7975,13.41,19.799999999999997,6.959999999999999,68,8.5,24,2,1,8,8,3.1412500000000003,6.65,0.29,1,2011-10-12 15:22:00,2011-10-12 15:22:00,58,0,110.38,68.0,8.0,0.5
18278,173.9,19.322222222222223,17.700000000000003,29.700000000000003,10.2,66,7.333333333333333,12,4,1,9,9,3.283333333333333,4.95,0.85,1,2011-09-27 11:58:00,2011-09-27 11:58:00,74,0,173.9,66.0,9.0,0.0
18280,180.60000000000002,18.060000000000002,17.700000000000003,23.700000000000003,14.850000000000001,45,4.5,8,2,1,10,10,4.765,9.95,2.55,1,2011-03-07 09:52:00,2011-03-07 09:52:00,278,0,180.60000000000002,45.0,10.0,0.0
18281,80.82,11.545714285714284,15.299999999999999,16.95,5.04,54,7.714285714285714,12,1,1,7,7,5.622857142857143,16.95,0.42,1,2011-06-12 10:53:00,2011-06-12 10:53:00,181,0,80.82,54.0,7.0,0.0
18282,178.05,14.8375,13.709999999999999,25.5,5.04,103,8.583333333333334,48,1,2,12,12,5.199166666666667,12.75,0.29,1,2011-08-05 13:35:00,2011-12-02 11:43:00,8,118,89.025,51.5,6.0,0.3333333333333333
18283,2094.88,2.771005291005291,2.08,20.8,0.29,1397,1.847883597883598,13,1,16,263,272,1.6149867724867726,15.95,0.29,1,2011-01-06 14:14:00,2011-12-06 12:02:00,4,333,130.93,87.3125,16.4375,0.0
18287,1837.28,26.24685714285714,18.72,87.0,5.04,1586,22.65714285714286,60,4,3,59,59,1.4935714285714285,8.5,0.29,1,2011-05-22 10:39:00,2011-10-28 09:29:00,43,158,612.4266666666666,528.6666666666666,19.666666666666668,0.0
